
[1;33m📢 Tips:[0m QFluentWidgets Pro is now released. Click [1;96mhttps://qfluentwidgets.com/pages/pro[0m to learn more about it.

qt.pyside.libpyside: qtSignalMetacall #4 "valueChanged(PyObject)"
qt.pyside.libpyside: qtSignalMetacall #4 "valueChanged(PyObject)"
qt.highdpi: Initializing high-DPI scaling
qt.highdpi: environment variable set: QT_SCREEN_SCALE_FACTORS ""
qt.highdpi: Initialization done, high-DPI scaling is active
qt.qpa.plugin: init_platform called with pluginNamesWithArguments "xcb" platformPluginPath "" platformThemeName ""
qt.core.plugin.factoryloader: checking directory path "/home/chenjintang/Luminalium/.venv/lib/python3.14/site-packages/PySide6/Qt/plugins/platforms" ...
qt.core.plugin.factoryloader: looking at "libqminimalegl.so"
qt.core.plugin.loader: Found metadata in lib /home/chenjintang/Luminalium/.venv/lib/python3.14/site-packages/PySide6/Qt/plugins/platforms/libqminimalegl.so, metadata=
{
    "IID": "org.qt-project.Qt.QPA.QPlatformIntegrationFactoryInterface.5.3",
    "MetaData": {
        "Keys": [
            "minimalegl"
        ]
    },
    "archlevel": 2,
    "className": "QMinimalEglIntegrationPlugin",
    "debug": false,
    "version": 396032
}


qt.core.plugin.factoryloader: Got keys from plugin meta data QList("minimalegl")
qt.core.plugin.factoryloader: looking at "libqvkkhrdisplay.so"
qt.core.plugin.loader: Found metadata in lib /home/chenjintang/Luminalium/.venv/lib/python3.14/site-packages/PySide6/Qt/plugins/platforms/libqvkkhrdisplay.so, metadata=
{
    "IID": "org.qt-project.Qt.QPA.QPlatformIntegrationFactoryInterface.5.3",
    "MetaData": {
        "Keys": [
            "vkkhrdisplay"
        ]
    },
    "archlevel": 2,
    "className": "QVkKhrDisplayIntegrationPlugin",
    "debug": false,
    "version": 396032
}


qt.core.plugin.factoryloader: Got keys from plugin meta data QList("vkkhrdisplay")
qt.core.plugin.factoryloader: looking at "libqvnc.so"
qt.core.plugin.loader: Found metadata in lib /home/chenjintang/Luminalium/.venv/lib/python3.14/site-packages/PySide6/Qt/plugins/platforms/libqvnc.so, metadata=
{
    "IID": "org.qt-project.Qt.QPA.QPlatformIntegrationFactoryInterface.5.3",
    "MetaData": {
        "Keys": [
            "vnc"
        ]
    },
    "archlevel": 2,
    "className": "QVncIntegrationPlugin",
    "debug": false,
    "version": 396032
}


qt.core.plugin.factoryloader: Got keys from plugin meta data QList("vnc")
qt.core.plugin.factoryloader: looking at "libqeglfs.so"
qt.core.plugin.loader: Found metadata in lib /home/chenjintang/Luminalium/.venv/lib/python3.14/site-packages/PySide6/Qt/plugins/platforms/libqeglfs.so, metadata=
{
    "IID": "org.qt-project.Qt.QPA.QPlatformIntegrationFactoryInterface.5.3",
    "MetaData": {
        "Keys": [
            "eglfs"
        ]
    },
    "archlevel": 2,
    "className": "QEglFSIntegrationPlugin",
    "debug": false,
    "version": 396032
}


qt.core.plugin.factoryloader: Got keys from plugin meta data QList("eglfs")
qt.core.plugin.factoryloader: looking at "libqwayland.so"
qt.core.plugin.loader: Found metadata in lib /home/chenjintang/Luminalium/.venv/lib/python3.14/site-packages/PySide6/Qt/plugins/platforms/libqwayland.so, metadata=
{
    "IID": "org.qt-project.Qt.QPA.QPlatformIntegrationFactoryInterface.5.3",
    "MetaData": {
        "Keys": [
            "wayland",
            "wayland-egl",
            "wayland-brcm"
        ]
    },
    "archlevel": 2,
    "className": "QWaylandIntegrationPlugin",
    "debug": false,
    "version": 396032
}


qt.core.plugin.factoryloader: Got keys from plugin meta data QList("wayland", "wayland-egl", "wayland-brcm")
qt.core.plugin.factoryloader: looking at "libqxcb.so"
qt.core.plugin.loader: Found metadata in lib /home/chenjintang/Luminalium/.venv/lib/python3.14/site-packages/PySide6/Qt/plugins/platforms/libqxcb.so, metadata=
{
    "IID": "org.qt-project.Qt.QPA.QPlatformIntegrationFactoryInterface.5.3",
    "MetaData": {
        "Keys": [
            "xcb"
        ]
    },
    "archlevel": 2,
    "className": "QXcbIntegrationPlugin",
    "debug": false,
    "version": 396032
}


qt.core.plugin.factoryloader: Got keys from plugin meta data QList("xcb")
qt.core.plugin.factoryloader: looking at "libqminimal.so"
qt.core.plugin.loader: Found metadata in lib /home/chenjintang/Luminalium/.venv/lib/python3.14/site-packages/PySide6/Qt/plugins/platforms/libqminimal.so, metadata=
{
    "IID": "org.qt-project.Qt.QPA.QPlatformIntegrationFactoryInterface.5.3",
    "MetaData": {
        "Keys": [
            "minimal"
        ]
    },
    "archlevel": 2,
    "className": "QMinimalIntegrationPlugin",
    "debug": false,
    "version": 396032
}


qt.core.plugin.factoryloader: Got keys from plugin meta data QList("minimal")
qt.core.plugin.factoryloader: looking at "libqoffscreen.so"
qt.core.plugin.loader: Found metadata in lib /home/chenjintang/Luminalium/.venv/lib/python3.14/site-packages/PySide6/Qt/plugins/platforms/libqoffscreen.so, metadata=
{
    "IID": "org.qt-project.Qt.QPA.QPlatformIntegrationFactoryInterface.5.3",
    "MetaData": {
        "Keys": [
            "offscreen"
        ]
    },
    "archlevel": 2,
    "className": "QOffscreenIntegrationPlugin",
    "debug": false,
    "version": 396032
}


qt.core.plugin.factoryloader: Got keys from plugin meta data QList("offscreen")
qt.core.plugin.factoryloader: looking at "libqlinuxfb.so"
qt.core.plugin.loader: Found metadata in lib /home/chenjintang/Luminalium/.venv/lib/python3.14/site-packages/PySide6/Qt/plugins/platforms/libqlinuxfb.so, metadata=
{
    "IID": "org.qt-project.Qt.QPA.QPlatformIntegrationFactoryInterface.5.3",
    "MetaData": {
        "Keys": [
            "linuxfb"
        ]
    },
    "archlevel": 2,
    "className": "QLinuxFbIntegrationPlugin",
    "debug": false,
    "version": 396032
}


qt.core.plugin.factoryloader: Got keys from plugin meta data QList("linuxfb")
qt.core.plugin.factoryloader: checking directory path "/home/chenjintang/.local/share/uv/python/cpython-3.14.2-linux-x86_64-gnu/bin/platforms" ...
qt.qpa.plugin: Attempting to load Qt platform plugin "xcb" with arguments QList()
qt.core.library: "/home/chenjintang/Luminalium/.venv/lib/python3.14/site-packages/PySide6/Qt/plugins/platforms/libqxcb.so" loaded library
qt.qpa.xcb: Has MIT-SHM     : true
qt.qpa.xcb: Has MIT-SHM FD  : true
qt.qpa.xcb: Using XInput version 2.4
qt.qpa.screen: xcb_randr_monitor_info_t: primary= 1 , x= 0 , y= 0 , width= 4096 , height= 2560 , width_in_millimeters= 290 , height_in_millimeters= 180
qt.qpa.screen: Failed to parse EDID data for output "eDP-1" edid data:  ""
qt.qpa.screen: adding QXcbScreen(0x3e983a10, name="eDP-1", geometry=4096x2560+0+0, availableGeometry=4096x2496+0+64, devicePixelRatio=1.0, logicalDpi=std::pair(192.0, 192.0), physicalSize=290.0x180.0mm, screenNumber=0, virtualSize=4096x2560 (4096.0x2560.0mm), orientation=QFlags<Qt::ScreenOrientation>(LandscapeOrientation), depth=24, refreshRate=60.0, root=35c, windowManagerName="GNOME Shell") (Primary: true )
qt.highdpi: Updating high-DPI scaling
qt.highdpi: Update done, high-DPI scaling is active
qt.qpa.screen: initializeScreens: primary output is "eDP-1"
qt.qpa.input.devices: Registered QInputDevice(QPointingDevice("Virtual core pointer" Mouse id=2 seat=30002 caps=Position|Scroll|Hover buttonCount=32)
qt.qpa.input.devices: Registered QInputDevice(QInputDevice("Virtual core keyboard", type=QFlags<QInputDevice::DeviceType>(Keyboard), ID=3, seat='30002')
qt.qpa.input.devices: input device  "Virtual core XTEST pointer" ID 4
qt.qpa.input.devices:    has 10 buttons
qt.qpa.input.devices:    has valuator "Rel X" recognized? true
qt.qpa.input.devices:    has valuator "Rel Y" recognized? true
qt.qpa.input.devices:    it's a scrolling device
qt.qpa.input.devices:    it's a mouse
qt.qpa.input.devices: Registered QInputDevice(QPointingDevice("Virtual core XTEST pointer" Mouse id=4 seat=30002 caps=Position|Scroll|Hover buttonCount=10)
qt.qpa.input.devices: Registered QInputDevice(QInputDevice("Virtual core XTEST keyboard", type=QFlags<QInputDevice::DeviceType>(Keyboard), ID=5, seat='30002')
qt.qpa.input.devices: input device  "xwayland-pointer:16" ID 6
qt.qpa.input.devices:    has 10 buttons
qt.qpa.input.devices:    has valuator "Abs X" recognized? true
qt.qpa.input.devices:    has valuator "Abs Y" recognized? true
qt.qpa.input.devices:    has valuator "Rel Horiz Wheel" recognized? true
qt.qpa.input.devices:    has valuator "Rel Vert Wheel" recognized? true
qt.qpa.input.devices:    it's a scrolling device
qt.qpa.input.devices:    it's a mouse
qt.qpa.input.devices: Registered QInputDevice(QPointingDevice("xwayland-pointer:16" Mouse id=6 seat=30002 caps=Position|Scroll|Hover buttonCount=10)
qt.qpa.input.devices: input device  "xwayland-relative-pointer:16" ID 7
qt.qpa.input.devices:    has 10 buttons
qt.qpa.input.devices:    has valuator "Rel X" recognized? true
qt.qpa.input.devices:    has valuator "Rel Y" recognized? true
qt.qpa.input.devices:    has valuator "Rel Horiz Wheel" recognized? true
qt.qpa.input.devices:    has valuator "Rel Vert Wheel" recognized? true
qt.qpa.input.devices:    it's a scrolling device
qt.qpa.input.devices: Registered QInputDevice(QPointingDevice("xwayland-relative-pointer:16" TouchPad id=7 seat=30002 ptrType=Finger caps=MouseEmulation|Scroll buttonCount=3)
qt.qpa.input.devices:    it's a touchpad with type 4 capabilities 0x140 max touch points 1 size 130.000000 x 110.000000
qt.qpa.input.devices: input device  "xwayland-pointer-gestures:16" ID 8
qt.qpa.input.devices:    has 10 buttons
qt.qpa.input.devices:    has valuator "Rel X" recognized? true
qt.qpa.input.devices:    has valuator "Rel Y" recognized? true
qt.qpa.input.devices:    it's a scrolling device
qt.qpa.input.devices:    has gesture class
qt.qpa.input.devices: unexpectedly missing RelVert/HorizWheel atoms for touchpad with scroll capability QPointingDevice("xwayland-pointer-gestures:16" TouchPad id=8 seat=30002 ptrType=Finger caps=MouseEmulation|Scroll buttonCount=3 maxPts=20)
qt.qpa.input.devices: Registered QInputDevice(QPointingDevice("xwayland-pointer-gestures:16" TouchPad id=8 seat=30002 ptrType=Finger caps=MouseEmulation|Scroll buttonCount=3 maxPts=20)
qt.qpa.input.devices:    it's a touchpad with type 4 capabilities 0x140 max touch points 20 size 0.000000 x 0.000000
qt.qpa.input.devices: Registered QInputDevice(QInputDevice("xwayland-keyboard:16", type=QFlags<QInputDevice::DeviceType>(Keyboard), ID=9, seat='30002')
qt.qpa.input.devices: input device  "xwayland-touch:16" ID 10
qt.qpa.input.devices:    has 1 buttons
qt.qpa.input.devices:    has valuator "Abs MT Position X" recognized? true
qt.qpa.input.devices:    has valuator "Abs MT Position Y" recognized? true
qt.qpa.input.devices:    has touch class with mode 1
qt.qpa.input.devices: Registered QInputDevice(QPointingDevice("xwayland-touch:16" TouchScreen id=10 seat=30002 ptrType=Finger caps=Position|NormalizedPosition maxPts=20)
qt.qpa.input.devices:    it's a touchscreen with type 2 capabilities 0x21 max touch points 20
qt.qpa.input.devices: removed QList()
qt.qpa.plugin: Successfully loaded Qt platform plugin "xcb"
qt.qpa.theme: Adding xdgdesktopportal to list of theme names
qt.qpa.theme: Adding platform integration's theme names to list of theme names: QList("ubuntu", "gtk3", "gnome", "generic")
qt.qpa.theme: Attempting to create platform theme "xdgdesktopportal" via QPlatformThemeFactory::create
qt.core.plugin.factoryloader: checking directory path "/home/chenjintang/Luminalium/.venv/lib/python3.14/site-packages/PySide6/Qt/plugins/platformthemes" ...
qt.core.plugin.factoryloader: looking at "libqgtk3.so"
qt.core.plugin.loader: Found metadata in lib /home/chenjintang/Luminalium/.venv/lib/python3.14/site-packages/PySide6/Qt/plugins/platformthemes/libqgtk3.so, metadata=
{
    "IID": "org.qt-project.Qt.QPA.QPlatformThemeFactoryInterface.5.1",
    "MetaData": {
        "Keys": [
            "gtk3"
        ]
    },
    "archlevel": 2,
    "className": "QGtk3ThemePlugin",
    "debug": false,
    "version": 396032
}


qt.core.plugin.factoryloader: Got keys from plugin meta data QList("gtk3")
qt.core.plugin.factoryloader: looking at "libqxdgdesktopportal.so"
qt.core.plugin.loader: Found metadata in lib /home/chenjintang/Luminalium/.venv/lib/python3.14/site-packages/PySide6/Qt/plugins/platformthemes/libqxdgdesktopportal.so, metadata=
{
    "IID": "org.qt-project.Qt.QPA.QPlatformThemeFactoryInterface.5.1",
    "MetaData": {
        "Keys": [
            "xdgdesktopportal",
            "flatpak",
            "snap"
        ]
    },
    "archlevel": 2,
    "className": "QXdgDesktopPortalThemePlugin",
    "debug": false,
    "version": 396032
}


qt.core.plugin.factoryloader: Got keys from plugin meta data QList("xdgdesktopportal", "flatpak", "snap")
qt.core.plugin.factoryloader: checking directory path "/home/chenjintang/.local/share/uv/python/cpython-3.14.2-linux-x86_64-gnu/bin/platformthemes" ...
qt.core.library: "/home/chenjintang/Luminalium/.venv/lib/python3.14/site-packages/PySide6/Qt/plugins/platformthemes/libqxdgdesktopportal.so" loaded library
qt.core.library: "/home/chenjintang/Luminalium/.venv/lib/python3.14/site-packages/PySide6/Qt/plugins/platformthemes/libqgtk3.so" loaded library
qt.qpa.fonts: default fonts: system QFont(Sans Serif,9,-1,5,400,0,0,0,0,0,0,0,0,0,0,1,,0,0) fixed QFont(monospace,9,-1,2,400,0,0,0,0,0,0,0,0,0,0,1,,0,0)
qt.qpa.theme.dbus: "" "/org/freedesktop/portal/desktop" "org.freedesktop.portal.Settings" "SettingChanged"
qt.qpa.gtk: Color map populated from defaults.
qt.qpa.theme.dbus: "" "/org/freedesktop/portal/desktop" "org.freedesktop.portal.Settings" "SettingChanged"
qt.qpa.gtk: GTK theme initialized: "Yaru-olive-dark" Qt::ColorScheme::Dark
qt.qpa.theme: Successfully created platform theme "xdgdesktopportal" via QPlatformThemeFactory::create
qt.qpa.xcb: using glib dispatcher
qt.core.plugin.factoryloader: checking directory path "/home/chenjintang/Luminalium/.venv/lib/python3.14/site-packages/PySide6/Qt/plugins/platforminputcontexts" ...
qt.core.plugin.factoryloader: looking at "libqtvirtualkeyboardplugin.so"
qt.core.plugin.loader: Found metadata in lib /home/chenjintang/Luminalium/.venv/lib/python3.14/site-packages/PySide6/Qt/plugins/platforminputcontexts/libqtvirtualkeyboardplugin.so, metadata=
{
    "IID": "org.qt-project.Qt.QPlatformInputContextFactoryInterface.5.1",
    "MetaData": {
        "Keys": [
            "qtvirtualkeyboard"
        ]
    },
    "archlevel": 2,
    "className": "QVirtualKeyboardPlugin",
    "debug": false,
    "version": 396032
}


qt.core.plugin.factoryloader: Got keys from plugin meta data QList("qtvirtualkeyboard")
qt.core.plugin.factoryloader: looking at "libcomposeplatforminputcontextplugin.so"
qt.core.plugin.loader: Found metadata in lib /home/chenjintang/Luminalium/.venv/lib/python3.14/site-packages/PySide6/Qt/plugins/platforminputcontexts/libcomposeplatforminputcontextplugin.so, metadata=
{
    "IID": "org.qt-project.Qt.QPlatformInputContextFactoryInterface.5.1",
    "MetaData": {
        "Keys": [
            "compose",
            "xim"
        ]
    },
    "archlevel": 2,
    "className": "QComposePlatformInputContextPlugin",
    "debug": false,
    "version": 396032
}


qt.core.plugin.factoryloader: Got keys from plugin meta data QList("compose", "xim")
qt.core.plugin.factoryloader: looking at "libibusplatforminputcontextplugin.so"
qt.core.plugin.loader: Found metadata in lib /home/chenjintang/Luminalium/.venv/lib/python3.14/site-packages/PySide6/Qt/plugins/platforminputcontexts/libibusplatforminputcontextplugin.so, metadata=
{
    "IID": "org.qt-project.Qt.QPlatformInputContextFactoryInterface.5.1",
    "MetaData": {
        "Keys": [
            "ibus"
        ]
    },
    "archlevel": 2,
    "className": "QIbusPlatformInputContextPlugin",
    "debug": false,
    "version": 396032
}


qt.core.plugin.factoryloader: Got keys from plugin meta data QList("ibus")
qt.core.plugin.factoryloader: checking directory path "/home/chenjintang/.local/share/uv/python/cpython-3.14.2-linux-x86_64-gnu/bin/platforminputcontexts" ...
qt.core.library: "/home/chenjintang/Luminalium/.venv/lib/python3.14/site-packages/PySide6/Qt/plugins/platforminputcontexts/libcomposeplatforminputcontextplugin.so" loaded library
qt.xkb.compose: using xkb compose input context
qt.qpa.gtk: Creating palette: "SystemPalette"
qt.qpa.gtk: System Palette defined "Yaru-olive-dark" Qt::ColorScheme::Dark QPalette(resolve=0x74ffffa7fffd3fff,"WindowText:[Active:#ffffffff,Disabled:#ff949494,Inactive:#a6ffffff],Button:[Active:#ff2a2a2a,Disabled:#ff2a2a2a,Inactive:#ff2a2a2a],Light:[Active:#ff343434,Disabled:#ff343434,Inactive:#ff343434],Midlight:[Active:#ff2f2f2f,Disabled:#ff2f2f2f,Inactive:#ff2f2f2f],Dark:[Active:#ff252525,Disabled:#ff252525,Inactive:#ff252525],Mid:[Active:#ff2f2f2f,Disabled:#ff2f2f2f,Inactive:#ff2f2f2f],Text:[Active:#ffffffff,Disabled:#ff949494,Inactive:#ffffffff],BrightText:[Active:#ffffffff,Disabled:#ffffffff,Inactive:#ffffffff],ButtonText:[Active:#ffffffff,Disabled:#ff949494,Inactive:#ffffffff],Base:[Active:#ff2a2a2a,Disabled:#ff2a2a2a,Inactive:#ff2a2a2a],Window:[Active:#ff2a2a2a,Disabled:#ff2a2a2a,Inactive:#ff2a2a2a],Shadow:[Active:#ff020202,Disabled:#ff020202,Inactive:#ff020202],Highlight:[Active:#ff488001,Disabled:#ff488001,Inactive:#ff488001],HighlightedText:[Active:#ffffffff,Disabled:#ffffffff,Inactive:#ffffffff],AlternateBase:[Active:#ff272727,Disabled:#ff272727,Inactive:#ff272727],ToolTipBase:[Active:#ffffffdc,Disabled:#ffffffdc,Inactive:#ffffffdc],ToolTipText:[Active:#ff000000,Disabled:#ff000000,Inactive:#ff000000],PlaceholderText:[Active:#ff9b9b9b,Disabled:#ff9b9b9b,Inactive:#ff9b9b9b]")
qt.qpa.gtk: Returning system palette for unknown type "ToolButtonPalette"
qt.qpa.gtk: Returning palette from cache: "SystemPalette"
qt.qpa.gtk: Returning system palette for unknown type "ButtonPalette"
qt.qpa.gtk: Returning palette from cache: "SystemPalette"
qt.qpa.gtk: Creating palette: "CheckBoxPalette"
qt.qpa.gtk: Creating palette: "RadioButtonPalette"
qt.qpa.gtk: Returning system palette for unknown type "HeaderPalette"
qt.qpa.gtk: Returning palette from cache: "SystemPalette"
qt.qpa.gtk: Returning system palette for unknown type "ItemViewPalette"
qt.qpa.gtk: Returning palette from cache: "SystemPalette"
qt.qpa.gtk: Returning system palette for unknown type "MessageBoxLabelPelette"
qt.qpa.gtk: Returning palette from cache: "SystemPalette"
qt.qpa.gtk: Creating palette: "TabBarPalette"
qt.qpa.gtk: Creating palette: "LabelPalette"
qt.qpa.gtk: Creating palette: "GroupBoxPalette"
qt.qpa.gtk: Creating palette: "MenuPalette"
qt.qpa.gtk: Returning system palette for unknown type "MenuBarPalette"
qt.qpa.gtk: Returning palette from cache: "SystemPalette"
qt.qpa.gtk: Returning system palette for unknown type "TextEditPalette"
qt.qpa.gtk: Returning palette from cache: "SystemPalette"
qt.qpa.gtk: Returning system palette for unknown type "TextEditPalette"
qt.qpa.gtk: Returning palette from cache: "SystemPalette"
qt.qpa.gtk: Creating palette: "TextLineEditPalette"
qt.qpa.gtk: Returning system palette for unknown type "ToolTipPalette"
qt.qpa.gtk: Returning palette from cache: "SystemPalette"
qt.core.plugin.factoryloader: checking directory path "/home/chenjintang/Luminalium/.venv/lib/python3.14/site-packages/PySide6/Qt/plugins/styles" ...
qt.core.plugin.factoryloader: checking directory path "/home/chenjintang/.local/share/uv/python/cpython-3.14.2-linux-x86_64-gnu/bin/styles" ...
qt.qpa.gtk: Returning palette from cache: "SystemPalette"
qt.core.plugin.factoryloader: checking directory path "/home/chenjintang/Luminalium/.venv/lib/python3.14/site-packages/PySide6/Qt/plugins/iconengines" ...
qt.core.plugin.factoryloader: looking at "libqsvgicon.so"
qt.core.plugin.loader: Found metadata in lib /home/chenjintang/Luminalium/.venv/lib/python3.14/site-packages/PySide6/Qt/plugins/iconengines/libqsvgicon.so, metadata=
{
    "IID": "org.qt-project.Qt.QIconEngineFactoryInterface",
    "MetaData": {
        "Keys": [
            "svg",
            "svgz",
            "svg.gz"
        ]
    },
    "archlevel": 2,
    "className": "QSvgIconPlugin",
    "debug": false,
    "version": 396032
}


qt.core.plugin.factoryloader: Got keys from plugin meta data QList("svg", "svgz", "svg.gz")
qt.core.plugin.factoryloader: checking directory path "/home/chenjintang/.local/share/uv/python/cpython-3.14.2-linux-x86_64-gnu/bin/iconengines" ...
qt.gui.imageio.reader: Finding read handler for QFile("/home/chenjintang/Luminalium/icons/logo.ico") and format ""
qt.core.plugin.factoryloader: checking directory path "/home/chenjintang/Luminalium/.venv/lib/python3.14/site-packages/PySide6/Qt/plugins/imageformats" ...
qt.core.plugin.factoryloader: looking at "libqsvg.so"
qt.core.plugin.loader: Found metadata in lib /home/chenjintang/Luminalium/.venv/lib/python3.14/site-packages/PySide6/Qt/plugins/imageformats/libqsvg.so, metadata=
{
    "IID": "org.qt-project.Qt.QImageIOHandlerFactoryInterface",
    "MetaData": {
        "Keys": [
            "svg",
            "svgz"
        ],
        "MimeTypes": [
            "image/svg+xml",
            "image/svg+xml-compressed"
        ]
    },
    "archlevel": 2,
    "className": "QSvgPlugin",
    "debug": false,
    "version": 396032
}


qt.core.plugin.factoryloader: Got keys from plugin meta data QList("svg", "svgz")
qt.core.plugin.factoryloader: looking at "libqwebp.so"
qt.core.plugin.loader: Found metadata in lib /home/chenjintang/Luminalium/.venv/lib/python3.14/site-packages/PySide6/Qt/plugins/imageformats/libqwebp.so, metadata=
{
    "IID": "org.qt-project.Qt.QImageIOHandlerFactoryInterface",
    "MetaData": {
        "Keys": [
            "webp"
        ],
        "MimeTypes": [
            "image/webp"
        ]
    },
    "archlevel": 2,
    "className": "QWebpPlugin",
    "debug": false,
    "version": 396032
}


qt.core.plugin.factoryloader: Got keys from plugin meta data QList("webp")
qt.core.plugin.factoryloader: looking at "libqicns.so"
qt.core.plugin.loader: Found metadata in lib /home/chenjintang/Luminalium/.venv/lib/python3.14/site-packages/PySide6/Qt/plugins/imageformats/libqicns.so, metadata=
{
    "IID": "org.qt-project.Qt.QImageIOHandlerFactoryInterface",
    "MetaData": {
        "Keys": [
            "icns"
        ],
        "MimeTypes": [
            "image/x-icns"
        ]
    },
    "archlevel": 2,
    "className": "QICNSPlugin",
    "debug": false,
    "version": 396032
}


qt.core.plugin.factoryloader: Got keys from plugin meta data QList("icns")
qt.core.plugin.factoryloader: looking at "libqgif.so"
qt.core.plugin.loader: Found metadata in lib /home/chenjintang/Luminalium/.venv/lib/python3.14/site-packages/PySide6/Qt/plugins/imageformats/libqgif.so, metadata=
{
    "IID": "org.qt-project.Qt.QImageIOHandlerFactoryInterface",
    "MetaData": {
        "Keys": [
            "gif"
        ],
        "MimeTypes": [
            "image/gif"
        ]
    },
    "archlevel": 2,
    "className": "QGifPlugin",
    "debug": false,
    "version": 396032
}


qt.core.plugin.factoryloader: Got keys from plugin meta data QList("gif")
qt.core.plugin.factoryloader: looking at "libqpdf.so"
qt.core.plugin.loader: Found metadata in lib /home/chenjintang/Luminalium/.venv/lib/python3.14/site-packages/PySide6/Qt/plugins/imageformats/libqpdf.so, metadata=
{
    "IID": "org.qt-project.Qt.QImageIOHandlerFactoryInterface",
    "MetaData": {
        "Keys": [
            "pdf"
        ],
        "MimeTypes": [
            "application/pdf"
        ]
    },
    "archlevel": 2,
    "className": "QPdfPlugin",
    "debug": false,
    "version": 396032
}


qt.core.plugin.factoryloader: Got keys from plugin meta data QList("pdf")
qt.core.plugin.factoryloader: looking at "libqtiff.so"
qt.core.plugin.loader: Found metadata in lib /home/chenjintang/Luminalium/.venv/lib/python3.14/site-packages/PySide6/Qt/plugins/imageformats/libqtiff.so, metadata=
{
    "IID": "org.qt-project.Qt.QImageIOHandlerFactoryInterface",
    "MetaData": {
        "Keys": [
            "tiff",
            "tif"
        ],
        "MimeTypes": [
            "image/tiff",
            "image/tiff"
        ]
    },
    "archlevel": 2,
    "className": "QTiffPlugin",
    "debug": false,
    "version": 396032
}


qt.core.plugin.factoryloader: Got keys from plugin meta data QList("tiff", "tif")
qt.core.plugin.factoryloader: looking at "libqjpeg.so"
qt.core.plugin.loader: Found metadata in lib /home/chenjintang/Luminalium/.venv/lib/python3.14/site-packages/PySide6/Qt/plugins/imageformats/libqjpeg.so, metadata=
{
    "IID": "org.qt-project.Qt.QImageIOHandlerFactoryInterface",
    "MetaData": {
        "Keys": [
            "jpg",
            "jpeg",
            "jfif"
        ],
        "MimeTypes": [
            "image/jpeg",
            "image/jpeg",
            "image/jpeg"
        ]
    },
    "archlevel": 2,
    "className": "QJpegPlugin",
    "debug": false,
    "version": 396032
}


qt.core.plugin.factoryloader: Got keys from plugin meta data QList("jpg", "jpeg", "jfif")
qt.core.plugin.factoryloader: looking at "libqico.so"
qt.core.plugin.loader: Found metadata in lib /home/chenjintang/Luminalium/.venv/lib/python3.14/site-packages/PySide6/Qt/plugins/imageformats/libqico.so, metadata=
{
    "IID": "org.qt-project.Qt.QImageIOHandlerFactoryInterface",
    "MetaData": {
        "Keys": [
            "ico",
            "cur"
        ],
        "MimeTypes": [
            "image/vnd.microsoft.icon",
            "image/vnd.microsoft.icon"
        ]
    },
    "archlevel": 2,
    "className": "QICOPlugin",
    "debug": false,
    "version": 396032
}


qt.core.plugin.factoryloader: Got keys from plugin meta data QList("ico", "cur")
qt.core.plugin.factoryloader: looking at "libqtga.so"
qt.core.plugin.loader: Found metadata in lib /home/chenjintang/Luminalium/.venv/lib/python3.14/site-packages/PySide6/Qt/plugins/imageformats/libqtga.so, metadata=
{
    "IID": "org.qt-project.Qt.QImageIOHandlerFactoryInterface",
    "MetaData": {
        "Keys": [
            "tga"
        ],
        "MimeTypes": [
            "image/x-tga"
        ]
    },
    "archlevel": 2,
    "className": "QTgaPlugin",
    "debug": false,
    "version": 396032
}


qt.core.plugin.factoryloader: Got keys from plugin meta data QList("tga")
qt.core.plugin.factoryloader: looking at "libqwbmp.so"
qt.core.plugin.loader: Found metadata in lib /home/chenjintang/Luminalium/.venv/lib/python3.14/site-packages/PySide6/Qt/plugins/imageformats/libqwbmp.so, metadata=
{
    "IID": "org.qt-project.Qt.QImageIOHandlerFactoryInterface",
    "MetaData": {
        "Keys": [
            "wbmp"
        ],
        "MimeTypes": [
            "image/vnd.wap.wbmp"
        ]
    },
    "archlevel": 2,
    "className": "QWbmpPlugin",
    "debug": false,
    "version": 396032
}


qt.core.plugin.factoryloader: Got keys from plugin meta data QList("wbmp")
qt.core.plugin.factoryloader: checking directory path "/home/chenjintang/.local/share/uv/python/cpython-3.14.2-linux-x86_64-gnu/bin/imageformats" ...
qt.gui.imageio.reader: 10 plugins available: QList("svgz", "svg", "webp", "icns", "gif", "pdf", "tif", "tiff", "jfif", "jpeg", "jpg", "cur", "ico", "tga", "wbmp")
qt.gui.imageio.reader: Resolved format "ico" from file name suffix
qt.gui.imageio.reader: Checking if any plugins have explicitly declared support for the format "ico"
qt.core.library: "/home/chenjintang/Luminalium/.venv/lib/python3.14/site-packages/PySide6/Qt/plugins/imageformats/libqico.so" loaded library
qt.gui.imageio.reader: QICOPlugin(0x3eac8a90) can read the format "ico"
qt.gui.imageio.reader: Finding read handler for QBuffer(0x7ffe63fb0cd0) and format "png"
qt.gui.imageio.reader: 10 plugins available: QList("svgz", "svg", "webp", "icns", "gif", "pdf", "tif", "tiff", "jfif", "jpeg", "jpg", "cur", "ico", "tga", "wbmp")
qt.gui.imageio.reader: Checking if any plugins have explicitly declared support for the format "png"
qt.gui.imageio.reader: Checking if any built in handlers recognize the format "png"
qt.gui.imageio.reader: Using the built-in handler for format "png"
qt.text.font.db: Adding font: familyName "Google Sans Flex" stylename "Regular" weight 400 style QFont::StyleNormal pixelSize 0 antialiased true fixed false colorFont false
qt.text.font.db: Adding font: familyName "MiSans VF" stylename "Regular" weight 400 style QFont::StyleNormal pixelSize 0 antialiased true fixed false colorFont false
qt.text.font.db: Adding font: familyName "MiSans Japanese VF" stylename "Regular" weight 310 style QFont::StyleNormal pixelSize 0 antialiased true fixed false colorFont false
qt.text.font.db: Adding font: familyName "Misans TC VF" stylename "Regular" weight 400 style QFont::StyleNormal pixelSize 0 antialiased true fixed false colorFont false
qt.widgets.focus: Initializing focus chain of QWidget(0x3eb5e710)
qt.gui.imageio.reader: Finding read handler for QFile("/home/chenjintang/Luminalium/icons/logo.ico") and format ""
qt.gui.imageio.reader: 10 plugins available: QList("svgz", "svg", "webp", "icns", "gif", "pdf", "tif", "tiff", "jfif", "jpeg", "jpg", "cur", "ico", "tga", "wbmp")
qt.gui.imageio.reader: Resolved format "ico" from file name suffix
qt.gui.imageio.reader: Checking if any plugins have explicitly declared support for the format "ico"
qt.gui.imageio.reader: QICOPlugin(0x3eac8a90) can read the format "ico"
qt.gui.imageio.reader: Finding read handler for QBuffer(0x7ffe63fb09b0) and format "png"
qt.gui.imageio.reader: 10 plugins available: QList("svgz", "svg", "webp", "icns", "gif", "pdf", "tif", "tiff", "jfif", "jpeg", "jpg", "cur", "ico", "tga", "wbmp")
qt.gui.imageio.reader: Checking if any plugins have explicitly declared support for the format "png"
qt.gui.imageio.reader: Checking if any built in handlers recognize the format "png"
qt.gui.imageio.reader: Using the built-in handler for format "png"
qt.widgets.focus: Initializing focus chain of QWidget(0x3ead4ef0)
qt.widgets.focus: Initializing focus chain of QWidget(0x3ea80590)
qt.core.library: "/home/chenjintang/Luminalium/.venv/lib/python3.14/site-packages/PySide6/Qt/plugins/iconengines/libqsvgicon.so" loaded library
qt.svg: Skipping unknown element "effect"
qt.svg: Skipping unknown element "clipPath"
qt.svg: Skipping unknown element "effect"
qt.svg: Skipping unknown element "clipPath"
qt.svg: Skipping unknown element "div"
qt.svg: Skipping unknown element "div"
qt.svg: Skipping unknown element "effect"
qt.svg: Skipping unknown element "clipPath"
qt.svg: Skipping unknown element "effect"
qt.svg: Skipping unknown element "clipPath"
qt.svg: Skipping unknown element "div"
qt.svg: Skipping unknown element "div"
qt.widgets.focus: Initializing focus chain of QWidget(0x3eaaf0b0)
qt.text.font.db: Adding font: familyName "Google Sans Flex" stylename "Regular" weight 400 style QFont::StyleNormal pixelSize 0 antialiased true fixed false colorFont false
qt.text.font.db: Adding font: familyName "MiSans VF" stylename "Regular" weight 400 style QFont::StyleNormal pixelSize 0 antialiased true fixed false colorFont false
qt.text.font.db: Adding font: familyName "MiSans Japanese VF" stylename "Regular" weight 310 style QFont::StyleNormal pixelSize 0 antialiased true fixed false colorFont false
qt.text.font.db: Adding font: familyName "Misans TC VF" stylename "Regular" weight 400 style QFont::StyleNormal pixelSize 0 antialiased true fixed false colorFont false
qt.widgets.focus: Initializing focus chain of QWidget(0x3ef7a7c0)
qt.text.layout: layoutFrame (0--0), parent=0x0
qt.text.layout: layoutFrame (0--0), parent=0x0
qt.text.layout: layoutStruct: x_left 4 x_right -4 fullLayout true
qt.text.layout: layoutFlow from= 0 to= 2147483647
qt.text.layout: layoutBlock from= 0 to= 2147483647 ; width -8 (maxWidth is btw 0 )
qt.text.layout: do layout
qt.text.font.db: Populating font database
qt.text.font.db: Adding font: familyName "Verdana" stylename "Bold" weight 700 style QFont::StyleNormal pixelSize 0 antialiased true fixed false colorFont false
qt.text.font.db: Adding font: familyName "JetBrains Mono NL" stylename "SemiBold" weight 600 style QFont::StyleNormal pixelSize 0 antialiased true fixed true colorFont false
qt.text.font.db: Adding font: familyName "JetBrains Mono NL SemiBold" stylename "Regular" weight 600 style QFont::StyleNormal pixelSize 0 antialiased true fixed true colorFont false
qt.text.font.db: Adding font: familyName "DejaVu Sans Mono" stylename "Bold Oblique" weight 700 style QFont::StyleOblique pixelSize 0 antialiased true fixed true colorFont false
qt.text.font.db: Adding font: familyName "Ubuntu Mono" stylename "Bold Italic" weight 700 style QFont::StyleItalic pixelSize 0 antialiased true fixed true colorFont false
qt.text.font.db: Adding font: familyName "FreeMono" stylename "Bold" weight 700 style QFont::StyleNormal pixelSize 0 antialiased true fixed true colorFont false
qt.text.font.db: Adding font: familyName "URW Gothic" stylename "Demi Oblique" weight 600 style QFont::StyleOblique pixelSize 0 antialiased true fixed false colorFont false
qt.text.font.db: Adding font: familyName "Noto Sans Balinese" stylename "Bold" weight 700 style QFont::StyleNormal pixelSize 0 antialiased true fixed false colorFont false
qt.text.font.db: Adding font: familyName "Webdings" stylename "Regular" weight 400 style QFont::StyleNormal pixelSize 0 antialiased true fixed false colorFont false
qt.text.font.db: Adding font: familyName "Liberation Sans Narrow" stylename "Regular" weight 400 style QFont::StyleNormal pixelSize 0 antialiased true fixed false colorFont false
qt.text.font.db: Adding font: familyName "Noto Sans Tifinagh Agraw Imazighen" stylename "Regular" weight 400 style QFont::StyleNormal pixelSize 0 antialiased true fixed false colorFont false
qt.text.font.db: Adding font: familyName "Noto Sans Tifinagh SIL" stylename "Regular" weight 400 style QFont::StyleNormal pixelSize 0 antialiased true fixed false colorFont false
qt.text.font.db: Adding font: familyName "Noto Sans Tai Le" stylename "Regular" weight 400 style QFont::StyleNormal pixelSize 0 antialiased true fixed false colorFont false
qt.text.font.db: Adding font: familyName "Ubuntu" stylename "Condensed Extra Bold" weight 800 style QFont::StyleNormal pixelSize 0 antialiased true fixed false colorFont false
qt.text.font.db: Adding font: familyName "URW Gothic" stylename "Demi Oblique" weight 600 style QFont::StyleOblique pixelSize 0 antialiased true fixed false colorFont false
qt.text.font.db: Adding font: familyName "Noto Sans CJK HK" stylename "Regular" weight 400 style QFont::StyleNormal pixelSize 0 antialiased true fixed false colorFont false
qt.text.font.db: Adding font: familyName "DejaVu Sans Mono" stylename "Book" weight 400 style QFont::StyleNormal pixelSize 0 antialiased true fixed true colorFont false
qt.text.font.db: Adding font: familyName "Noto Sans CJK KR" stylename "Regular" weight 400 style QFont::StyleNormal pixelSize 0 antialiased true fixed false colorFont false
qt.text.font.db: Adding font: familyName "Noto Sans CJK JP" stylename "Regular" weight 400 style QFont::StyleNormal pixelSize 0 antialiased true fixed false colorFont false
qt.text.font.db: Adding font: familyName "Ubuntu Sans" stylename "Condensed Regular" weight 400 style QFont::StyleNormal pixelSize 0 antialiased true fixed false colorFont false
qt.text.font.db: Adding font: familyName "JetBrainsMono Nerd Font" stylename "Bold Italic" weight 700 style QFont::StyleItalic pixelSize 0 antialiased true fixed true colorFont false
qt.text.font.db: Registering alias "JetBrainsMono NF" to family "JetBrainsMono Nerd Font"
qt.text.font.db: Adding font: familyName "Noto Serif" stylename "Bold Italic" weight 700 style QFont::StyleItalic pixelSize 0 antialiased true fixed false colorFont false
qt.text.font.db: Adding font: familyName "JetBrainsMonoNL Nerd Font Mono" stylename "ExtraBold" weight 800 style QFont::StyleNormal pixelSize 0 antialiased true fixed true colorFont false
qt.text.font.db: Adding font: familyName "JetBrainsMonoNL NFM" stylename "Regular" weight 800 style QFont::StyleNormal pixelSize 0 antialiased true fixed true colorFont false
qt.text.font.db: Registering alias "JetBrainsMonoNL NFM ExtraBold" to family "JetBrainsMonoNL Nerd Font Mono"
qt.text.font.db: Adding font: familyName "Noto Sans Adlam Unjoined" stylename "Regular" weight 400 style QFont::StyleNormal pixelSize 0 antialiased true fixed false colorFont false
qt.text.font.db: Adding font: familyName "Noto Traditional Nushu" stylename "Regular" weight 400 style QFont::StyleNormal pixelSize 0 antialiased true fixed false colorFont false
qt.text.font.db: Adding font: familyName "URW Gothic" stylename "Demi" weight 600 style QFont::StyleNormal pixelSize 0 antialiased true fixed false colorFont false
qt.text.font.db: Adding font: familyName "JetBrainsMonoNL Nerd Font" stylename "Light Italic" weight 300 style QFont::StyleItalic pixelSize 0 antialiased true fixed true colorFont false
qt.text.font.db: Adding font: familyName "JetBrainsMonoNL NF" stylename "Italic" weight 300 style QFont::StyleItalic pixelSize 0 antialiased true fixed true colorFont false
qt.text.font.db: Registering alias "JetBrainsMonoNL NF Light" to family "JetBrainsMonoNL Nerd Font"
qt.text.font.db: Adding font: familyName "Noto Sans Duployan" stylename "Regular" weight 400 style QFont::StyleNormal pixelSize 0 antialiased true fixed false colorFont false
qt.text.font.db: Adding font: familyName "Ubuntu Sans" stylename "Condensed SemiBold Italic" weight 600 style QFont::StyleItalic pixelSize 0 antialiased true fixed false colorFont false
qt.text.font.db: Adding font: familyName "Noto Sans Tagalog" stylename "Regular" weight 400 style QFont::StyleNormal pixelSize 0 antialiased true fixed false colorFont false
qt.text.font.db: Adding font: familyName "Noto Sans Tifinagh Rhissa Ixa" stylename "Regular" weight 400 style QFont::StyleNormal pixelSize 0 antialiased true fixed false colorFont false
qt.text.font.db: Adding font: familyName "Nimbus Sans Narrow" stylename "Regular" weight 400 style QFont::StyleNormal pixelSize 0 antialiased true fixed false colorFont false
qt.text.font.db: Adding font: familyName "Ubuntu Sans" stylename "Thin Italic" weight 100 style QFont::StyleItalic pixelSize 0 antialiased true fixed false colorFont false
qt.text.font.db: Adding font: familyName "URW Bookman" stylename "Demi" weight 600 style QFont::StyleNormal pixelSize 0 antialiased true fixed false colorFont false
qt.text.font.db: Adding font: familyName "JetBrains Mono" stylename "SemiBold Italic" weight 600 style QFont::StyleItalic pixelSize 0 antialiased true fixed true colorFont false
qt.text.font.db: Adding font: familyName "JetBrains Mono SemiBold" stylename "Italic" weight 600 style QFont::StyleItalic pixelSize 0 antialiased true fixed true colorFont false
qt.text.font.db: Adding font: familyName "Ubuntu" stylename "Light" weight 300 style QFont::StyleNormal pixelSize 0 antialiased true fixed false colorFont false
qt.text.font.db: Adding font: familyName "URW Bookman" stylename "Demi Italic" weight 600 style QFont::StyleItalic pixelSize 0 antialiased true fixed false colorFont false
qt.text.font.db: Adding font: familyName "Noto Serif Georgian" stylename "Bold" weight 700 style QFont::StyleNormal pixelSize 0 antialiased true fixed false colorFont false
qt.text.font.db: Adding font: familyName "Courier New" stylename "Italic" weight 400 style QFont::StyleItalic pixelSize 0 antialiased true fixed true colorFont false
qt.text.font.db: Adding font: familyName "Georgia" stylename "Bold" weight 700 style QFont::StyleNormal pixelSize 0 antialiased true fixed false colorFont false
qt.text.font.db: Adding font: familyName "Noto Sans Inscriptional Pahlavi" stylename "Regular" weight 400 style QFont::StyleNormal pixelSize 0 antialiased true fixed false colorFont false
qt.text.font.db: Registering alias "Noto Sans InsPahlavi" to family "Noto Sans Inscriptional Pahlavi"
qt.text.font.db: Adding font: familyName "Noto Sans Old South Arabian" stylename "Regular" weight 400 style QFont::StyleNormal pixelSize 0 antialiased true fixed false colorFont false
qt.text.font.db: Registering alias "Noto Sans OldSouArab" to family "Noto Sans Old South Arabian"
qt.text.font.db: Adding font: familyName "Cantarell" stylename "Bold" weight 700 style QFont::StyleNormal pixelSize 0 antialiased true fixed false colorFont false
qt.text.font.db: Adding font: familyName "Ubuntu" stylename "Bold Italic" weight 700 style QFont::StyleItalic pixelSize 0 antialiased true fixed false colorFont false
qt.text.font.db: Adding font: familyName "JetBrains Mono" stylename "Medium Italic" weight 500 style QFont::StyleItalic pixelSize 0 antialiased true fixed true colorFont false
qt.text.font.db: Adding font: familyName "JetBrains Mono Medium" stylename "Italic" weight 500 style QFont::StyleItalic pixelSize 0 antialiased true fixed true colorFont false
qt.text.font.db: Adding font: familyName "AR PL UKai TW MBE" stylename "Book" weight 400 style QFont::StyleNormal pixelSize 0 antialiased true fixed false colorFont false
qt.text.font.db: Adding font: familyName "Nimbus Sans" stylename "Italic" weight 400 style QFont::StyleItalic pixelSize 0 antialiased true fixed false colorFont false
qt.text.font.db: Adding font: familyName "Noto Sans Phoenician" stylename "Regular" weight 400 style QFont::StyleNormal pixelSize 0 antialiased true fixed false colorFont false
qt.text.font.db: Adding font: familyName "JetBrainsMonoNL Nerd Font Mono" stylename "Italic" weight 400 style QFont::StyleItalic pixelSize 0 antialiased true fixed true colorFont false
qt.text.font.db: Registering alias "JetBrainsMonoNL NFM" to family "JetBrainsMonoNL Nerd Font Mono"
qt.text.font.db: Adding font: familyName "Courier New" stylename "Italic" weight 400 style QFont::StyleItalic pixelSize 0 antialiased true fixed true colorFont false
qt.text.font.db: Adding font: familyName "JetBrains Mono" stylename "Medium Italic" weight 500 style QFont::StyleItalic pixelSize 0 antialiased true fixed true colorFont false
qt.text.font.db: Adding font: familyName "Cantarell" stylename "Extra Bold" weight 800 style QFont::StyleNormal pixelSize 0 antialiased true fixed false colorFont false
qt.text.font.db: Adding font: familyName "JetBrains Mono NL" stylename "Regular" weight 400 style QFont::StyleNormal pixelSize 0 antialiased true fixed true colorFont false
qt.text.font.db: Adding font: familyName "JetBrains Mono" stylename "Thin" weight 100 style QFont::StyleNormal pixelSize 0 antialiased true fixed true colorFont false
qt.text.font.db: Adding font: familyName "Noto Serif Tibetan" stylename "Regular" weight 400 style QFont::StyleNormal pixelSize 0 antialiased true fixed false colorFont false
qt.text.font.db: Adding font: familyName "JetBrains Mono" stylename "SemiBold" weight 600 style QFont::StyleNormal pixelSize 0 antialiased true fixed true colorFont false
qt.text.font.db: Adding font: familyName "Trebuchet MS" stylename "Italic" weight 400 style QFont::StyleItalic pixelSize 0 antialiased true fixed false colorFont false
qt.text.font.db: Adding font: familyName "Noto Serif Sinhala" stylename "Regular" weight 400 style QFont::StyleNormal pixelSize 0 antialiased true fixed false colorFont false
qt.text.font.db: Adding font: familyName "Courier 10 Pitch" stylename "Bold" weight 700 style QFont::StyleNormal pixelSize 0 antialiased true fixed true colorFont false
qt.text.font.db: Adding font: familyName "Noto Sans Symbols" stylename "Regular" weight 400 style QFont::StyleNormal pixelSize 0 antialiased true fixed false colorFont false
qt.text.font.db: Adding font: familyName "Noto Sans Medefaidrin" stylename "Regular" weight 400 style QFont::StyleNormal pixelSize 0 antialiased true fixed false colorFont false
qt.text.font.db: Adding font: familyName "JetBrainsMonoNL Nerd Font Propo" stylename "ExtraBold Italic" weight 800 style QFont::StyleItalic pixelSize 0 antialiased true fixed false colorFont false
qt.text.font.db: Adding font: familyName "JetBrainsMonoNL NFP" stylename "Italic" weight 800 style QFont::StyleItalic pixelSize 0 antialiased true fixed false colorFont false
qt.text.font.db: Registering alias "JetBrainsMonoNL NFP ExtraBold" to family "JetBrainsMonoNL Nerd Font Propo"
qt.text.font.db: Adding font: familyName "JetBrainsMonoNL Nerd Font Mono" stylename "Bold" weight 700 style QFont::StyleNormal pixelSize 0 antialiased true fixed true colorFont false
qt.text.font.db: Registering alias "JetBrainsMonoNL NFM" to family "JetBrainsMonoNL Nerd Font Mono"
qt.text.font.db: Adding font: familyName "JetBrainsMono Nerd Font Mono" stylename "ExtraBold Italic" weight 800 style QFont::StyleItalic pixelSize 0 antialiased true fixed true colorFont false
qt.text.font.db: Adding font: familyName "JetBrainsMono NFM" stylename "Italic" weight 800 style QFont::StyleItalic pixelSize 0 antialiased true fixed true colorFont false
qt.text.font.db: Registering alias "JetBrainsMono NFM ExtraBold" to family "JetBrainsMono Nerd Font Mono"
qt.text.font.db: Adding font: familyName "Ubuntu Sans" stylename "Condensed Italic" weight 400 style QFont::StyleItalic pixelSize 0 antialiased true fixed false colorFont false
qt.text.font.db: Adding font: familyName "Noto Serif Gurmukhi" stylename "Regular" weight 400 style QFont::StyleNormal pixelSize 0 antialiased true fixed false colorFont false
qt.text.font.db: Adding font: familyName "JetBrainsMono Nerd Font" stylename "Bold" weight 700 style QFont::StyleNormal pixelSize 0 antialiased true fixed true colorFont false
qt.text.font.db: Registering alias "JetBrainsMono NF" to family "JetBrainsMono Nerd Font"
qt.text.font.db: Adding font: familyName "Z003" stylename "Medium Italic" weight 500 style QFont::StyleItalic pixelSize 0 antialiased true fixed false colorFont false
qt.text.font.db: Adding font: familyName "Noto Serif Malayalam" stylename "Bold" weight 700 style QFont::StyleNormal pixelSize 0 antialiased true fixed false colorFont false
qt.text.font.db: Adding font: familyName "Noto Serif CJK KR" stylename "ExtraLight" weight 200 style QFont::StyleNormal pixelSize 0 antialiased true fixed false colorFont false
qt.text.font.db: Adding font: familyName "Noto Serif CJK KR ExtraLight" stylename "Regular" weight 200 style QFont::StyleNormal pixelSize 0 antialiased true fixed false colorFont false
qt.text.font.db: Adding font: familyName "Arial" stylename "Bold" weight 700 style QFont::StyleNormal pixelSize 0 antialiased true fixed false colorFont false
qt.text.font.db: Adding font: familyName "Noto Sans Mono CJK HK" stylename "Regular" weight 400 style QFont::StyleNormal pixelSize 0 antialiased true fixed false colorFont false
qt.text.font.db: Adding font: familyName "Noto Sans Mono CJK JP" stylename "Regular" weight 400 style QFont::StyleNormal pixelSize 0 antialiased true fixed false colorFont false
qt.text.font.db: Adding font: familyName "Noto Sans Bengali" stylename "Regular" weight 400 style QFont::StyleNormal pixelSize 0 antialiased true fixed false colorFont false
qt.text.font.db: Adding font: familyName "Noto Sans Mono CJK KR" stylename "Regular" weight 400 style QFont::StyleNormal pixelSize 0 antialiased true fixed false colorFont false
qt.text.font.db: Adding font: familyName "Nimbus Sans Narrow" stylename "Bold Oblique" weight 700 style QFont::StyleOblique pixelSize 0 antialiased true fixed false colorFont false
qt.text.font.db: Adding font: familyName "Noto Sans Lao" stylename "Bold" weight 700 style QFont::StyleNormal pixelSize 0 antialiased true fixed false colorFont false
qt.text.font.db: Adding font: familyName "DejaVu Sans" stylename "Bold" weight 700 style QFont::StyleNormal pixelSize 0 antialiased true fixed false colorFont false
qt.text.font.db: Adding font: familyName "Ubuntu Sans" stylename "Condensed Bold" weight 700 style QFont::StyleNormal pixelSize 0 antialiased true fixed false colorFont false
qt.text.font.db: Adding font: familyName "Noto Serif Tangut" stylename "Regular" weight 400 style QFont::StyleNormal pixelSize 0 antialiased true fixed false colorFont false
qt.text.font.db: Adding font: familyName "Liberation Serif" stylename "Regular" weight 400 style QFont::StyleNormal pixelSize 0 antialiased true fixed false colorFont false
qt.text.font.db: Adding font: familyName "Noto Serif CJK SC" stylename "Black" weight 900 style QFont::StyleNormal pixelSize 0 antialiased true fixed false colorFont false
qt.text.font.db: Adding font: familyName "Noto Serif CJK SC Black" stylename "Regular" weight 900 style QFont::StyleNormal pixelSize 0 antialiased true fixed false colorFont false
qt.text.font.db: Adding font: familyName "Noto Sans Kayah Li" stylename "Regular" weight 400 style QFont::StyleNormal pixelSize 0 antialiased true fixed false colorFont false
qt.text.font.db: Adding font: familyName "Liberation Serif" stylename "Bold" weight 700 style QFont::StyleNormal pixelSize 0 antialiased true fixed false colorFont false
qt.text.font.db: Adding font: familyName "JetBrainsMono Nerd Font Propo" stylename "Thin" weight 100 style QFont::StyleNormal pixelSize 0 antialiased true fixed false colorFont false
qt.text.font.db: Adding font: familyName "JetBrainsMono NFP" stylename "Regular" weight 100 style QFont::StyleNormal pixelSize 0 antialiased true fixed false colorFont false
qt.text.font.db: Registering alias "JetBrainsMono NFP Thin" to family "JetBrainsMono Nerd Font Propo"
qt.text.font.db: Adding font: familyName "JetBrains Mono" stylename "ExtraLight" weight 200 style QFont::StyleNormal pixelSize 0 antialiased true fixed true colorFont false
qt.text.font.db: Adding font: familyName "JetBrains Mono ExtraLight" stylename "Regular" weight 200 style QFont::StyleNormal pixelSize 0 antialiased true fixed true colorFont false
qt.text.font.db: Adding font: familyName "Noto Serif CJK HK" stylename "Light" weight 300 style QFont::StyleNormal pixelSize 0 antialiased true fixed false colorFont false
qt.text.font.db: Adding font: familyName "Noto Serif CJK HK Light" stylename "Regular" weight 300 style QFont::StyleNormal pixelSize 0 antialiased true fixed false colorFont false
qt.text.font.db: Adding font: familyName "Noto Serif Ethiopic" stylename "Bold" weight 700 style QFont::StyleNormal pixelSize 0 antialiased true fixed false colorFont false
qt.text.font.db: Adding font: familyName "Ubuntu Mono" stylename "Medium" weight 500 style QFont::StyleNormal pixelSize 0 antialiased true fixed true colorFont false
qt.text.font.db: Adding font: familyName "Noto Sans Cham" stylename "Regular" weight 400 style QFont::StyleNormal pixelSize 0 antialiased true fixed false colorFont false
qt.text.font.db: Adding font: familyName "JetBrains Mono NL" stylename "Bold Italic" weight 700 style QFont::StyleItalic pixelSize 0 antialiased true fixed true colorFont false
qt.text.font.db: Adding font: familyName "Ubuntu Sans" stylename "Condensed Light" weight 300 style QFont::StyleNormal pixelSize 0 antialiased true fixed false colorFont false
qt.text.font.db: Adding font: familyName "JetBrains Mono NL" stylename "Medium Italic" weight 500 style QFont::StyleItalic pixelSize 0 antialiased true fixed true colorFont false
qt.text.font.db: Adding font: familyName "JetBrains Mono NL Medium" stylename "Italic" weight 500 style QFont::StyleItalic pixelSize 0 antialiased true fixed true colorFont false
qt.text.font.db: Adding font: familyName "Noto Sans Lisu" stylename "Bold" weight 700 style QFont::StyleNormal pixelSize 0 antialiased true fixed false colorFont false
qt.text.font.db: Adding font: familyName "JetBrainsMonoNL Nerd Font Propo" stylename "Thin" weight 100 style QFont::StyleNormal pixelSize 0 antialiased true fixed false colorFont false
qt.text.font.db: Adding font: familyName "JetBrainsMonoNL NFP" stylename "Regular" weight 100 style QFont::StyleNormal pixelSize 0 antialiased true fixed false colorFont false
qt.text.font.db: Registering alias "JetBrainsMonoNL NFP Thin" to family "JetBrainsMonoNL Nerd Font Propo"
qt.text.font.db: Adding font: familyName "Noto Sans CJK KR" stylename "DemiLight" weight 316 style QFont::StyleNormal pixelSize 0 antialiased true fixed false colorFont false
qt.text.font.db: Adding font: familyName "Noto Sans CJK KR DemiLight" stylename "Regular" weight 316 style QFont::StyleNormal pixelSize 0 antialiased true fixed false colorFont false
qt.text.font.db: Adding font: familyName "Noto Sans Old Hungarian" stylename "Regular" weight 400 style QFont::StyleNormal pixelSize 0 antialiased true fixed false colorFont false
qt.text.font.db: Registering alias "Noto Sans OldHung" to family "Noto Sans Old Hungarian"
qt.text.font.db: Adding font: familyName "Noto Sans CJK HK" stylename "Black" weight 900 style QFont::StyleNormal pixelSize 0 antialiased true fixed false colorFont false
qt.text.font.db: Adding font: familyName "Noto Sans CJK HK Black" stylename "Regular" weight 900 style QFont::StyleNormal pixelSize 0 antialiased true fixed false colorFont false
qt.text.font.db: Adding font: familyName "JetBrains Mono" stylename "Light" weight 300 style QFont::StyleNormal pixelSize 0 antialiased true fixed true colorFont false
qt.text.font.db: Adding font: familyName "JetBrains Mono Light" stylename "Regular" weight 300 style QFont::StyleNormal pixelSize 0 antialiased true fixed true colorFont false
qt.text.font.db: Adding font: familyName "JetBrains Mono" stylename "Regular" weight 400 style QFont::StyleNormal pixelSize 0 antialiased true fixed true colorFont false
qt.text.font.db: Adding font: familyName "JetBrains Mono" stylename "Medium" weight 500 style QFont::StyleNormal pixelSize 0 antialiased true fixed true colorFont false
qt.text.font.db: Adding font: familyName "JetBrains Mono Medium" stylename "Regular" weight 500 style QFont::StyleNormal pixelSize 0 antialiased true fixed true colorFont false
qt.text.font.db: Adding font: familyName "P052" stylename "Bold" weight 700 style QFont::StyleNormal pixelSize 0 antialiased true fixed false colorFont false
qt.text.font.db: Adding font: familyName "Noto Sans Georgian" stylename "Bold" weight 700 style QFont::StyleNormal pixelSize 0 antialiased true fixed false colorFont false
qt.text.font.db: Adding font: familyName "Noto Sans Hebrew" stylename "Bold" weight 700 style QFont::StyleNormal pixelSize 0 antialiased true fixed false colorFont false
qt.text.font.db: Adding font: familyName "Liberation Serif" stylename "Italic" weight 400 style QFont::StyleItalic pixelSize 0 antialiased true fixed false colorFont false
qt.text.font.db: Adding font: familyName "Nimbus Mono PS" stylename "Regular" weight 400 style QFont::StyleNormal pixelSize 0 antialiased true fixed true colorFont false
qt.text.font.db: Adding font: familyName "Noto Serif Display" stylename "Italic" weight 400 style QFont::StyleItalic pixelSize 0 antialiased true fixed false colorFont false
qt.text.font.db: Adding font: familyName "Ubuntu" stylename "Extra Bold" weight 800 style QFont::StyleNormal pixelSize 0 antialiased true fixed false colorFont false
qt.text.font.db: Adding font: familyName "Noto Sans" stylename "Italic" weight 400 style QFont::StyleItalic pixelSize 0 antialiased true fixed false colorFont false
qt.text.font.db: Adding font: familyName "Noto Serif CJK KR" stylename "Light" weight 300 style QFont::StyleNormal pixelSize 0 antialiased true fixed false colorFont false
qt.text.font.db: Adding font: familyName "Noto Serif CJK KR Light" stylename "Regular" weight 300 style QFont::StyleNormal pixelSize 0 antialiased true fixed false colorFont false
qt.text.font.db: Adding font: familyName "Noto Sans Mono CJK SC" stylename "Regular" weight 400 style QFont::StyleNormal pixelSize 0 antialiased true fixed false colorFont false
qt.text.font.db: Adding font: familyName "JetBrainsMono Nerd Font Mono" stylename "Thin Italic" weight 100 style QFont::StyleItalic pixelSize 0 antialiased true fixed true colorFont false
qt.text.font.db: Adding font: familyName "JetBrainsMono NFM" stylename "Italic" weight 100 style QFont::StyleItalic pixelSize 0 antialiased true fixed true colorFont false
qt.text.font.db: Registering alias "JetBrainsMono NFM Thin" to family "JetBrainsMono Nerd Font Mono"
qt.text.font.db: Adding font: familyName "JetBrainsMono Nerd Font" stylename "ExtraLight Italic" weight 200 style QFont::StyleItalic pixelSize 0 antialiased true fixed true colorFont false
qt.text.font.db: Adding font: familyName "JetBrainsMono NF" stylename "Italic" weight 200 style QFont::StyleItalic pixelSize 0 antialiased true fixed true colorFont false
qt.text.font.db: Registering alias "JetBrainsMono NF ExtraLight" to family "JetBrainsMono Nerd Font"
qt.text.font.db: Adding font: familyName "Verdana" stylename "Italic" weight 400 style QFont::StyleItalic pixelSize 0 antialiased true fixed false colorFont false
qt.text.font.db: Adding font: familyName "C059" stylename "Bold Italic" weight 700 style QFont::StyleItalic pixelSize 0 antialiased true fixed false colorFont false
qt.text.font.db: Adding font: familyName "Noto Serif" stylename "Italic" weight 400 style QFont::StyleItalic pixelSize 0 antialiased true fixed false colorFont false
qt.text.font.db: Adding font: familyName "URW Bookman" stylename "Light" weight 300 style QFont::StyleNormal pixelSize 0 antialiased true fixed false colorFont false
qt.text.font.db: Adding font: familyName "Noto Sans Mono CJK TC" stylename "Regular" weight 400 style QFont::StyleNormal pixelSize 0 antialiased true fixed false colorFont false
qt.text.font.db: Adding font: familyName "Noto Sans Takri" stylename "Regular" weight 400 style QFont::StyleNormal pixelSize 0 antialiased true fixed false colorFont false
qt.text.font.db: Adding font: familyName "Verdana" stylename "Bold Italic" weight 700 style QFont::StyleItalic pixelSize 0 antialiased true fixed false colorFont false
qt.text.font.db: Adding font: familyName "Noto Sans Lydian" stylename "Regular" weight 400 style QFont::StyleNormal pixelSize 0 antialiased true fixed false colorFont false
qt.text.font.db: Adding font: familyName "AR PL UMing HK" stylename "Light" weight 300 style QFont::StyleNormal pixelSize 0 antialiased true fixed false colorFont false
qt.text.font.db: Adding font: familyName "Noto Serif Khmer" stylename "Bold" weight 700 style QFont::StyleNormal pixelSize 0 antialiased true fixed false colorFont false
qt.text.font.db: Adding font: familyName "Noto Nastaliq Urdu" stylename "Bold" weight 400 style QFont::StyleNormal pixelSize 0 antialiased true fixed false colorFont false
qt.text.font.db: Adding font: familyName "Noto Looped Thai" stylename "Regular" weight 400 style QFont::StyleNormal pixelSize 0 antialiased true fixed false colorFont false
qt.text.font.db: Registering alias "Noto Looped Thai Regular" to family "Noto Looped Thai"
qt.text.font.db: Adding font: familyName "JetBrainsMono Nerd Font Propo" stylename "SemiBold" weight 600 style QFont::StyleNormal pixelSize 0 antialiased true fixed false colorFont false
qt.text.font.db: Adding font: familyName "JetBrainsMono NFP" stylename "Regular" weight 600 style QFont::StyleNormal pixelSize 0 antialiased true fixed false colorFont false
qt.text.font.db: Registering alias "JetBrainsMono NFP SemiBold" to family "JetBrainsMono Nerd Font Propo"
qt.text.font.db: Adding font: familyName "Ubuntu Sans" stylename "ExtraBold" weight 800 style QFont::StyleNormal pixelSize 0 antialiased true fixed false colorFont false
qt.text.font.db: Adding font: familyName "JetBrains Mono" stylename "ExtraLight Italic" weight 200 style QFont::StyleItalic pixelSize 0 antialiased true fixed true colorFont false
qt.text.font.db: Adding font: familyName "Noto Sans Syriac" stylename "Regular" weight 400 style QFont::StyleNormal pixelSize 0 antialiased true fixed false colorFont false
qt.text.font.db: Adding font: familyName "Noto Sans Tai Tham" stylename "Bold" weight 700 style QFont::StyleNormal pixelSize 0 antialiased true fixed false colorFont false
qt.text.font.db: Adding font: familyName "DejaVu Serif" stylename "Book" weight 400 style QFont::StyleNormal pixelSize 0 antialiased true fixed false colorFont false
qt.text.font.db: Adding font: familyName "Courier New" stylename "Bold Italic" weight 700 style QFont::StyleItalic pixelSize 0 antialiased true fixed true colorFont false
qt.text.font.db: Adding font: familyName "Noto Sans Old Permic" stylename "Regular" weight 400 style QFont::StyleNormal pixelSize 0 antialiased true fixed false colorFont false
qt.text.font.db: Adding font: familyName "JetBrainsMonoNL Nerd Font" stylename "ExtraLight Italic" weight 200 style QFont::StyleItalic pixelSize 0 antialiased true fixed true colorFont false
qt.text.font.db: Adding font: familyName "JetBrainsMonoNL NF" stylename "Italic" weight 200 style QFont::StyleItalic pixelSize 0 antialiased true fixed true colorFont false
qt.text.font.db: Registering alias "JetBrainsMonoNL NF ExtraLight" to family "JetBrainsMonoNL Nerd Font"
qt.text.font.db: Adding font: familyName "Ubuntu Sans" stylename "Thin" weight 100 style QFont::StyleNormal pixelSize 0 antialiased true fixed false colorFont false
qt.text.font.db: Adding font: familyName "JetBrains Mono NL" stylename "Light Italic" weight 300 style QFont::StyleItalic pixelSize 0 antialiased true fixed true colorFont false
qt.text.font.db: Adding font: familyName "JetBrains Mono NL Light" stylename "Italic" weight 300 style QFont::StyleItalic pixelSize 0 antialiased true fixed true colorFont false
qt.text.font.db: Adding font: familyName "Noto Sans Georgian" stylename "Regular" weight 400 style QFont::StyleNormal pixelSize 0 antialiased true fixed false colorFont false
qt.text.font.db: Adding font: familyName "Ubuntu Mono" stylename "Italic" weight 400 style QFont::StyleItalic pixelSize 0 antialiased true fixed true colorFont false
qt.text.font.db: Adding font: familyName "Noto Sans Tifinagh Air" stylename "Regular" weight 400 style QFont::StyleNormal pixelSize 0 antialiased true fixed false colorFont false
qt.text.font.db: Adding font: familyName "URW Gothic" stylename "Book" weight 383 style QFont::StyleNormal pixelSize 0 antialiased true fixed false colorFont false
qt.text.font.db: Adding font: familyName "Nimbus Roman" stylename "Italic" weight 400 style QFont::StyleItalic pixelSize 0 antialiased true fixed false colorFont false
qt.text.font.db: Adding font: familyName "JetBrains Mono" stylename "ExtraLight" weight 200 style QFont::StyleNormal pixelSize 0 antialiased true fixed true colorFont false
qt.text.font.db: Adding font: familyName "JetBrains Mono ExtraLight" stylename "Regular" weight 200 style QFont::StyleNormal pixelSize 0 antialiased true fixed true colorFont false
qt.text.font.db: Adding font: familyName "Ubuntu" stylename "Condensed Extra Bold Italic" weight 800 style QFont::StyleItalic pixelSize 0 antialiased true fixed false colorFont false
qt.text.font.db: Adding font: familyName "Noto Sans Kannada" stylename "Regular" weight 400 style QFont::StyleNormal pixelSize 0 antialiased true fixed false colorFont false
qt.text.font.db: Adding font: familyName "Nimbus Roman" stylename "Bold Italic" weight 700 style QFont::StyleItalic pixelSize 0 antialiased true fixed false colorFont false
qt.text.font.db: Adding font: familyName "Noto Sans CJK TC" stylename "Black" weight 900 style QFont::StyleNormal pixelSize 0 antialiased true fixed false colorFont false
qt.text.font.db: Adding font: familyName "Noto Sans CJK TC Black" stylename "Regular" weight 900 style QFont::StyleNormal pixelSize 0 antialiased true fixed false colorFont false
qt.text.font.db: Adding font: familyName "JetBrains Mono" stylename "Bold" weight 700 style QFont::StyleNormal pixelSize 0 antialiased true fixed true colorFont false
qt.text.font.db: Adding font: familyName "Noto Sans CJK KR" stylename "Black" weight 900 style QFont::StyleNormal pixelSize 0 antialiased true fixed false colorFont false
qt.text.font.db: Adding font: familyName "Noto Sans CJK KR Black" stylename "Regular" weight 900 style QFont::StyleNormal pixelSize 0 antialiased true fixed false colorFont false
qt.text.font.db: Adding font: familyName "Noto Sans CJK JP" stylename "DemiLight" weight 316 style QFont::StyleNormal pixelSize 0 antialiased true fixed false colorFont false
qt.text.font.db: Adding font: familyName "Noto Sans CJK JP DemiLight" stylename "Regular" weight 316 style QFont::StyleNormal pixelSize 0 antialiased true fixed false colorFont false
qt.text.font.db: Adding font: familyName "Ubuntu Sans Mono" stylename "Thin" weight 100 style QFont::StyleNormal pixelSize 0 antialiased true fixed true colorFont false
qt.text.font.db: Adding font: familyName "Ubuntu Sans" stylename "Condensed Bold Italic" weight 700 style QFont::StyleItalic pixelSize 0 antialiased true fixed false colorFont false
qt.text.font.db: Adding font: familyName "Noto Sans CJK KR" stylename "Light" weight 300 style QFont::StyleNormal pixelSize 0 antialiased true fixed false colorFont false
qt.text.font.db: Adding font: familyName "Noto Sans CJK KR Light" stylename "Regular" weight 300 style QFont::StyleNormal pixelSize 0 antialiased true fixed false colorFont false
qt.text.font.db: Adding font: familyName "Noto Sans Sora Sompeng" stylename "Bold" weight 700 style QFont::StyleNormal pixelSize 0 antialiased true fixed false colorFont false
qt.text.font.db: Adding font: familyName "Noto Serif CJK TC" stylename "ExtraLight" weight 200 style QFont::StyleNormal pixelSize 0 antialiased true fixed false colorFont false
qt.text.font.db: Adding font: familyName "Noto Serif CJK TC ExtraLight" stylename "Regular" weight 200 style QFont::StyleNormal pixelSize 0 antialiased true fixed false colorFont false
qt.text.font.db: Adding font: familyName "JetBrainsMonoNL Nerd Font" stylename "Light" weight 300 style QFont::StyleNormal pixelSize 0 antialiased true fixed true colorFont false
qt.text.font.db: Adding font: familyName "JetBrainsMonoNL NF" stylename "Regular" weight 300 style QFont::StyleNormal pixelSize 0 antialiased true fixed true colorFont false
qt.text.font.db: Registering alias "JetBrainsMonoNL NF Light" to family "JetBrainsMonoNL Nerd Font"
qt.text.font.db: Adding font: familyName "Noto Sans Tai Tham" stylename "Regular" weight 400 style QFont::StyleNormal pixelSize 0 antialiased true fixed false colorFont false
qt.text.font.db: Adding font: familyName "Noto Serif CJK SC" stylename "ExtraLight" weight 200 style QFont::StyleNormal pixelSize 0 antialiased true fixed false colorFont false
qt.text.font.db: Adding font: familyName "Noto Serif CJK SC ExtraLight" stylename "Regular" weight 200 style QFont::StyleNormal pixelSize 0 antialiased true fixed false colorFont false
qt.text.font.db: Adding font: familyName "Noto Sans Lisu" stylename "Regular" weight 400 style QFont::StyleNormal pixelSize 0 antialiased true fixed false colorFont false
qt.text.font.db: Adding font: familyName "Noto Sans Ol Chiki" stylename "Regular" weight 400 style QFont::StyleNormal pixelSize 0 antialiased true fixed false colorFont false
qt.text.font.db: Adding font: familyName "Noto Sans Elymaic" stylename "Regular" weight 400 style QFont::StyleNormal pixelSize 0 antialiased true fixed false colorFont false
qt.text.font.db: Adding font: familyName "Noto Sans Myanmar" stylename "Bold" weight 700 style QFont::StyleNormal pixelSize 0 antialiased true fixed false colorFont false
qt.text.font.db: Adding font: familyName "Nimbus Roman" stylename "Italic" weight 400 style QFont::StyleItalic pixelSize 0 antialiased true fixed false colorFont false
qt.text.font.db: Adding font: familyName "Noto Sans Psalter Pahlavi" stylename "Regular" weight 400 style QFont::StyleNormal pixelSize 0 antialiased true fixed false colorFont false
qt.text.font.db: Registering alias "Noto Sans PsaPahlavi" to family "Noto Sans Psalter Pahlavi"
qt.text.font.db: Adding font: familyName "JetBrainsMonoNL Nerd Font Mono" stylename "SemiBold Italic" weight 600 style QFont::StyleItalic pixelSize 0 antialiased true fixed true colorFont false
qt.text.font.db: Adding font: familyName "JetBrainsMonoNL NFM" stylename "Italic" weight 600 style QFont::StyleItalic pixelSize 0 antialiased true fixed true colorFont false
qt.text.font.db: Registering alias "JetBrainsMonoNL NFM SemiBold" to family "JetBrainsMonoNL Nerd Font Mono"
qt.text.font.db: Adding font: familyName "Arial" stylename "Italic" weight 400 style QFont::StyleItalic pixelSize 0 antialiased true fixed false colorFont false
qt.text.font.db: Adding font: familyName "Georgia" stylename "Italic" weight 400 style QFont::StyleItalic pixelSize 0 antialiased true fixed false colorFont false
qt.text.font.db: Adding font: familyName "JetBrainsMono Nerd Font" stylename "Light Italic" weight 300 style QFont::StyleItalic pixelSize 0 antialiased true fixed true colorFont false
qt.text.font.db: Adding font: familyName "JetBrainsMono NF" stylename "Italic" weight 300 style QFont::StyleItalic pixelSize 0 antialiased true fixed true colorFont false
qt.text.font.db: Registering alias "JetBrainsMono NF Light" to family "JetBrainsMono Nerd Font"
qt.text.font.db: Adding font: familyName "Liberation Mono" stylename "Italic" weight 400 style QFont::StyleItalic pixelSize 0 antialiased true fixed true colorFont false
qt.text.font.db: Adding font: familyName "Noto Sans Buhid" stylename "Regular" weight 400 style QFont::StyleNormal pixelSize 0 antialiased true fixed false colorFont false
qt.text.font.db: Adding font: familyName "JetBrains Mono" stylename "ExtraBold" weight 800 style QFont::StyleNormal pixelSize 0 antialiased true fixed true colorFont false
qt.text.font.db: Adding font: familyName "JetBrains Mono ExtraBold" stylename "Regular" weight 800 style QFont::StyleNormal pixelSize 0 antialiased true fixed true colorFont false
qt.text.font.db: Adding font: familyName "Noto Sans Carian" stylename "Regular" weight 400 style QFont::StyleNormal pixelSize 0 antialiased true fixed false colorFont false
qt.text.font.db: Adding font: familyName "Noto Sans Tifinagh Adrar" stylename "Regular" weight 400 style QFont::StyleNormal pixelSize 0 antialiased true fixed false colorFont false
qt.text.font.db: Adding font: familyName "AR PL UKai TW" stylename "Book" weight 400 style QFont::StyleNormal pixelSize 0 antialiased true fixed false colorFont false
qt.text.font.db: Adding font: familyName "Noto Kufi Arabic" stylename "Bold" weight 700 style QFont::StyleNormal pixelSize 0 antialiased true fixed false colorFont false
qt.text.font.db: Adding font: familyName "Noto Sans CJK JP" stylename "Medium" weight 500 style QFont::StyleNormal pixelSize 0 antialiased true fixed false colorFont false
qt.text.font.db: Adding font: familyName "Noto Sans CJK JP Medium" stylename "Regular" weight 500 style QFont::StyleNormal pixelSize 0 antialiased true fixed false colorFont false
qt.text.font.db: Adding font: familyName "Noto Serif CJK HK" stylename "ExtraLight" weight 200 style QFont::StyleNormal pixelSize 0 antialiased true fixed false colorFont false
qt.text.font.db: Adding font: familyName "Noto Serif CJK HK ExtraLight" stylename "Regular" weight 200 style QFont::StyleNormal pixelSize 0 antialiased true fixed false colorFont false
qt.text.font.db: Adding font: familyName "Times New Roman" stylename "Bold" weight 700 style QFont::StyleNormal pixelSize 0 antialiased true fixed false colorFont false
qt.text.font.db: Adding font: familyName "JetBrainsMono Nerd Font Propo" stylename "Bold" weight 700 style QFont::StyleNormal pixelSize 0 antialiased true fixed false colorFont false
qt.text.font.db: Registering alias "JetBrainsMono NFP" to family "JetBrainsMono Nerd Font Propo"
qt.text.font.db: Adding font: familyName "C059" stylename "Roman" weight 500 style QFont::StyleNormal pixelSize 0 antialiased true fixed false colorFont false
qt.text.font.db: Adding font: familyName "Noto Sans PhagsPa" stylename "Regular" weight 400 style QFont::StyleNormal pixelSize 0 antialiased true fixed false colorFont false
qt.text.font.db: Adding font: familyName "Noto Serif CJK KR" stylename "Black" weight 900 style QFont::StyleNormal pixelSize 0 antialiased true fixed false colorFont false
qt.text.font.db: Adding font: familyName "Noto Serif CJK KR Black" stylename "Regular" weight 900 style QFont::StyleNormal pixelSize 0 antialiased true fixed false colorFont false
qt.text.font.db: Adding font: familyName "JetBrainsMonoNL Nerd Font Propo" stylename "Bold" weight 700 style QFont::StyleNormal pixelSize 0 antialiased true fixed false colorFont false
qt.text.font.db: Registering alias "JetBrainsMonoNL NFP" to family "JetBrainsMonoNL Nerd Font Propo"
qt.text.font.db: Adding font: familyName "Noto Sans Tifinagh Tawellemmet" stylename "Regular" weight 400 style QFont::StyleNormal pixelSize 0 antialiased true fixed false colorFont false
qt.text.font.db: Adding font: familyName "Noto Sans Hebrew" stylename "Regular" weight 400 style QFont::StyleNormal pixelSize 0 antialiased true fixed false colorFont false
qt.text.font.db: Adding font: familyName "Ubuntu Sans Mono" stylename "Italic" weight 400 style QFont::StyleItalic pixelSize 0 antialiased true fixed true colorFont false
qt.text.font.db: Adding font: familyName "Noto Sans Canadian Aboriginal" stylename "Regular" weight 400 style QFont::StyleNormal pixelSize 0 antialiased true fixed false colorFont false
qt.text.font.db: Registering alias "Noto Sans CanAborig" to family "Noto Sans Canadian Aboriginal"
qt.text.font.db: Adding font: familyName "JetBrainsMono Nerd Font Mono" stylename "ExtraBold" weight 800 style QFont::StyleNormal pixelSize 0 antialiased true fixed true colorFont false
qt.text.font.db: Adding font: familyName "JetBrainsMono NFM" stylename "Regular" weight 800 style QFont::StyleNormal pixelSize 0 antialiased true fixed true colorFont false
qt.text.font.db: Registering alias "JetBrainsMono NFM ExtraBold" to family "JetBrainsMono Nerd Font Mono"
qt.text.font.db: Adding font: familyName "Noto Serif Yezidi" stylename "Bold" weight 700 style QFont::StyleNormal pixelSize 0 antialiased true fixed false colorFont false
qt.text.font.db: Adding font: familyName "JetBrains Mono NL" stylename "Regular" weight 400 style QFont::StyleNormal pixelSize 0 antialiased true fixed true colorFont false
qt.text.font.db: Adding font: familyName "Noto Sans Sinhala" stylename "Regular" weight 400 style QFont::StyleNormal pixelSize 0 antialiased true fixed false colorFont false
qt.text.font.db: Adding font: familyName "Noto Serif CJK TC" stylename "Black" weight 900 style QFont::StyleNormal pixelSize 0 antialiased true fixed false colorFont false
qt.text.font.db: Adding font: familyName "Noto Serif CJK TC Black" stylename "Regular" weight 900 style QFont::StyleNormal pixelSize 0 antialiased true fixed false colorFont false
qt.text.font.db: Adding font: familyName "P052" stylename "Italic" weight 400 style QFont::StyleItalic pixelSize 0 antialiased true fixed false colorFont false
qt.text.font.db: Adding font: familyName "Noto Sans Meetei Mayek" stylename "Bold" weight 700 style QFont::StyleNormal pixelSize 0 antialiased true fixed false colorFont false
qt.text.font.db: Adding font: familyName "JetBrains Mono" stylename "Bold" weight 700 style QFont::StyleNormal pixelSize 0 antialiased true fixed true colorFont false
qt.text.font.db: Adding font: familyName "Standard Symbols PS" stylename "Regular" weight 400 style QFont::StyleNormal pixelSize 0 antialiased true fixed false colorFont false
qt.text.font.db: Adding font: familyName "JetBrainsMonoNL Nerd Font Propo" stylename "SemiBold" weight 600 style QFont::StyleNormal pixelSize 0 antialiased true fixed false colorFont false
qt.text.font.db: Adding font: familyName "JetBrainsMonoNL NFP" stylename "Regular" weight 600 style QFont::StyleNormal pixelSize 0 antialiased true fixed false colorFont false
qt.text.font.db: Registering alias "JetBrainsMonoNL NFP SemiBold" to family "JetBrainsMonoNL Nerd Font Propo"
qt.text.font.db: Adding font: familyName "JetBrains Mono" stylename "SemiBold" weight 600 style QFont::StyleNormal pixelSize 0 antialiased true fixed true colorFont false
qt.text.font.db: Adding font: familyName "JetBrains Mono SemiBold" stylename "Regular" weight 600 style QFont::StyleNormal pixelSize 0 antialiased true fixed true colorFont false
qt.text.font.db: Adding font: familyName "Noto Sans" stylename "Bold" weight 700 style QFont::StyleNormal pixelSize 0 antialiased true fixed false colorFont false
qt.text.font.db: Adding font: familyName "C059" stylename "Bold Italic" weight 700 style QFont::StyleItalic pixelSize 0 antialiased true fixed false colorFont false
qt.text.font.db: Adding font: familyName "DejaVu Sans" stylename "Book" weight 400 style QFont::StyleNormal pixelSize 0 antialiased true fixed false colorFont false
qt.text.font.db: Adding font: familyName "Nimbus Sans" stylename "Regular" weight 400 style QFont::StyleNormal pixelSize 0 antialiased true fixed false colorFont false
qt.text.font.db: Adding font: familyName "Nimbus Sans" stylename "Bold Italic" weight 700 style QFont::StyleItalic pixelSize 0 antialiased true fixed false colorFont false
qt.text.font.db: Adding font: familyName "Noto Serif CJK HK" stylename "Medium" weight 500 style QFont::StyleNormal pixelSize 0 antialiased true fixed false colorFont false
qt.text.font.db: Adding font: familyName "Noto Serif CJK HK Medium" stylename "Regular" weight 500 style QFont::StyleNormal pixelSize 0 antialiased true fixed false colorFont false
qt.text.font.db: Adding font: familyName "Noto Sans Khojki" stylename "Regular" weight 400 style QFont::StyleNormal pixelSize 0 antialiased true fixed false colorFont false
qt.text.font.db: Adding font: familyName "Trebuchet MS" stylename "Bold" weight 700 style QFont::StyleNormal pixelSize 0 antialiased true fixed false colorFont false
qt.text.font.db: Adding font: familyName "Noto Sans Khmer" stylename "Bold" weight 700 style QFont::StyleNormal pixelSize 0 antialiased true fixed false colorFont false
qt.text.font.db: Adding font: familyName "Noto Serif CJK HK" stylename "Black" weight 900 style QFont::StyleNormal pixelSize 0 antialiased true fixed false colorFont false
qt.text.font.db: Adding font: familyName "Noto Serif CJK HK Black" stylename "Regular" weight 900 style QFont::StyleNormal pixelSize 0 antialiased true fixed false colorFont false
qt.text.font.db: Adding font: familyName "JetBrainsMono Nerd Font Propo" stylename "Medium Italic" weight 500 style QFont::StyleItalic pixelSize 0 antialiased true fixed false colorFont false
qt.text.font.db: Adding font: familyName "JetBrainsMono NFP" stylename "Italic" weight 500 style QFont::StyleItalic pixelSize 0 antialiased true fixed false colorFont false
qt.text.font.db: Registering alias "JetBrainsMono NFP Medium" to family "JetBrainsMono Nerd Font Propo"
qt.text.font.db: Adding font: familyName "C059" stylename "Roman" weight 400 style QFont::StyleNormal pixelSize 0 antialiased true fixed false colorFont false
qt.text.font.db: Adding font: familyName "Noto Sans Old Italic" stylename "Regular" weight 400 style QFont::StyleNormal pixelSize 0 antialiased true fixed false colorFont false
qt.text.font.db: Adding font: familyName "Noto Sans Adlam Unjoined" stylename "Bold" weight 700 style QFont::StyleNormal pixelSize 0 antialiased true fixed false colorFont false
qt.text.font.db: Adding font: familyName "Noto Serif CJK SC" stylename "Medium" weight 500 style QFont::StyleNormal pixelSize 0 antialiased true fixed false colorFont false
qt.text.font.db: Adding font: familyName "Noto Serif CJK SC Medium" stylename "Regular" weight 500 style QFont::StyleNormal pixelSize 0 antialiased true fixed false colorFont false
qt.text.font.db: Adding font: familyName "Noto Serif Tamil" stylename "Regular" weight 400 style QFont::StyleNormal pixelSize 0 antialiased true fixed false colorFont false
qt.text.font.db: Adding font: familyName "Noto Sans CJK HK" stylename "Light" weight 300 style QFont::StyleNormal pixelSize 0 antialiased true fixed false colorFont false
qt.text.font.db: Adding font: familyName "Noto Sans CJK HK Light" stylename "Regular" weight 300 style QFont::StyleNormal pixelSize 0 antialiased true fixed false colorFont false
qt.text.font.db: Adding font: familyName "Ubuntu Sans Mono" stylename "Bold Italic" weight 700 style QFont::StyleItalic pixelSize 0 antialiased true fixed true colorFont false
qt.text.font.db: Adding font: familyName "JetBrains Mono" stylename "Light Italic" weight 300 style QFont::StyleItalic pixelSize 0 antialiased true fixed true colorFont false
qt.text.font.db: Adding font: familyName "Ubuntu Mono" stylename "Bold" weight 700 style QFont::StyleNormal pixelSize 0 antialiased true fixed true colorFont false
qt.text.font.db: Adding font: familyName "Times New Roman" stylename "Regular" weight 400 style QFont::StyleNormal pixelSize 0 antialiased true fixed false colorFont false
qt.text.font.db: Adding font: familyName "Noto Sans Hanunoo" stylename "Regular" weight 400 style QFont::StyleNormal pixelSize 0 antialiased true fixed false colorFont false
qt.text.font.db: Adding font: familyName "OpenSymbol" stylename "Regular" weight 400 style QFont::StyleNormal pixelSize 0 antialiased true fixed false colorFont false
qt.text.font.db: Adding font: familyName "Noto Sans Ol Chiki" stylename "Bold" weight 700 style QFont::StyleNormal pixelSize 0 antialiased true fixed false colorFont false
qt.text.font.db: Adding font: familyName "JetBrainsMono Nerd Font Mono" stylename "Thin" weight 100 style QFont::StyleNormal pixelSize 0 antialiased true fixed true colorFont false
qt.text.font.db: Adding font: familyName "JetBrainsMono NFM" stylename "Regular" weight 100 style QFont::StyleNormal pixelSize 0 antialiased true fixed true colorFont false
qt.text.font.db: Registering alias "JetBrainsMono NFM Thin" to family "JetBrainsMono Nerd Font Mono"
qt.text.font.db: Adding font: familyName "Ubuntu" stylename "Regular" weight 400 style QFont::StyleNormal pixelSize 0 antialiased true fixed false colorFont false
qt.text.font.db: Adding font: familyName "JetBrainsMonoNL Nerd Font Mono" stylename "Light Italic" weight 300 style QFont::StyleItalic pixelSize 0 antialiased true fixed true colorFont false
qt.text.font.db: Adding font: familyName "JetBrainsMonoNL NFM" stylename "Italic" weight 300 style QFont::StyleItalic pixelSize 0 antialiased true fixed true colorFont false
qt.text.font.db: Registering alias "JetBrainsMonoNL NFM Light" to family "JetBrainsMonoNL Nerd Font Mono"
qt.text.font.db: Adding font: familyName "Liberation Sans Narrow" stylename "Italic" weight 400 style QFont::StyleItalic pixelSize 0 antialiased true fixed false colorFont false
qt.text.font.db: Adding font: familyName "Ubuntu Sans" stylename "Condensed Thin Italic" weight 100 style QFont::StyleItalic pixelSize 0 antialiased true fixed false colorFont false
qt.text.font.db: Adding font: familyName "JetBrainsMono Nerd Font Propo" stylename "Medium" weight 500 style QFont::StyleNormal pixelSize 0 antialiased true fixed false colorFont false
qt.text.font.db: Adding font: familyName "JetBrainsMono NFP" stylename "Regular" weight 500 style QFont::StyleNormal pixelSize 0 antialiased true fixed false colorFont false
qt.text.font.db: Registering alias "JetBrainsMono NFP Medium" to family "JetBrainsMono Nerd Font Propo"
qt.text.font.db: Adding font: familyName "JetBrainsMono Nerd Font" stylename "ExtraLight" weight 200 style QFont::StyleNormal pixelSize 0 antialiased true fixed true colorFont false
qt.text.font.db: Adding font: familyName "JetBrainsMono NF" stylename "Regular" weight 200 style QFont::StyleNormal pixelSize 0 antialiased true fixed true colorFont false
qt.text.font.db: Registering alias "JetBrainsMono NF ExtraLight" to family "JetBrainsMono Nerd Font"
qt.text.font.db: Adding font: familyName "Noto Sans CJK TC" stylename "Thin" weight 100 style QFont::StyleNormal pixelSize 0 antialiased true fixed false colorFont false
qt.text.font.db: Adding font: familyName "Noto Sans CJK TC Thin" stylename "Regular" weight 100 style QFont::StyleNormal pixelSize 0 antialiased true fixed false colorFont false
qt.text.font.db: Adding font: familyName "Noto Sans Khmer" stylename "Regular" weight 400 style QFont::StyleNormal pixelSize 0 antialiased true fixed false colorFont false
qt.text.font.db: Adding font: familyName "JetBrainsMonoNL Nerd Font" stylename "ExtraBold Italic" weight 800 style QFont::StyleItalic pixelSize 0 antialiased true fixed true colorFont false
qt.text.font.db: Adding font: familyName "JetBrainsMonoNL NF" stylename "Italic" weight 800 style QFont::StyleItalic pixelSize 0 antialiased true fixed true colorFont false
qt.text.font.db: Registering alias "JetBrainsMonoNL NF ExtraBold" to family "JetBrainsMonoNL Nerd Font"
qt.text.font.db: Adding font: familyName "Nimbus Mono PS" stylename "Bold" weight 700 style QFont::StyleNormal pixelSize 0 antialiased true fixed true colorFont false
qt.text.font.db: Adding font: familyName "JetBrains Mono" stylename "Bold Italic" weight 700 style QFont::StyleItalic pixelSize 0 antialiased true fixed true colorFont false
qt.text.font.db: Adding font: familyName "Georgia" stylename "Bold Italic" weight 700 style QFont::StyleItalic pixelSize 0 antialiased true fixed false colorFont false
qt.text.font.db: Adding font: familyName "Noto Serif Bengali" stylename "Regular" weight 400 style QFont::StyleNormal pixelSize 0 antialiased true fixed false colorFont false
qt.text.font.db: Adding font: familyName "JetBrains Mono NL" stylename "ExtraBold Italic" weight 800 style QFont::StyleItalic pixelSize 0 antialiased true fixed true colorFont false
qt.text.font.db: Adding font: familyName "JetBrains Mono NL ExtraBold" stylename "Italic" weight 800 style QFont::StyleItalic pixelSize 0 antialiased true fixed true colorFont false
qt.text.font.db: Adding font: familyName "JetBrains Mono" stylename "Thin" weight 100 style QFont::StyleNormal pixelSize 0 antialiased true fixed true colorFont false
qt.text.font.db: Adding font: familyName "JetBrains Mono Thin" stylename "Regular" weight 100 style QFont::StyleNormal pixelSize 0 antialiased true fixed true colorFont false
qt.text.font.db: Adding font: familyName "JetBrainsMono Nerd Font Mono" stylename "ExtraLight Italic" weight 200 style QFont::StyleItalic pixelSize 0 antialiased true fixed true colorFont false
qt.text.font.db: Adding font: familyName "JetBrainsMono NFM" stylename "Italic" weight 200 style QFont::StyleItalic pixelSize 0 antialiased true fixed true colorFont false
qt.text.font.db: Registering alias "JetBrainsMono NFM ExtraLight" to family "JetBrainsMono Nerd Font Mono"
qt.text.font.db: Adding font: familyName "Noto Sans Modi" stylename "Regular" weight 400 style QFont::StyleNormal pixelSize 0 antialiased true fixed false colorFont false
qt.text.font.db: Adding font: familyName "JetBrains Mono" stylename "Medium Italic" weight 500 style QFont::StyleItalic pixelSize 0 antialiased true fixed true colorFont false
qt.text.font.db: Adding font: familyName "JetBrains Mono Medium" stylename "Italic" weight 500 style QFont::StyleItalic pixelSize 0 antialiased true fixed true colorFont false
qt.text.font.db: Adding font: familyName "JetBrainsMono Nerd Font Mono" stylename "Light Italic" weight 300 style QFont::StyleItalic pixelSize 0 antialiased true fixed true colorFont false
qt.text.font.db: Adding font: familyName "JetBrainsMono NFM" stylename "Italic" weight 300 style QFont::StyleItalic pixelSize 0 antialiased true fixed true colorFont false
qt.text.font.db: Registering alias "JetBrainsMono NFM Light" to family "JetBrainsMono Nerd Font Mono"
qt.text.font.db: Adding font: familyName "JetBrains Mono" stylename "Bold" weight 700 style QFont::StyleNormal pixelSize 0 antialiased true fixed true colorFont false
qt.text.font.db: Adding font: familyName "JetBrains Mono" stylename "ExtraLight" weight 200 style QFont::StyleNormal pixelSize 0 antialiased true fixed true colorFont false
qt.text.font.db: Adding font: familyName "JetBrains Mono ExtraLight" stylename "Regular" weight 200 style QFont::StyleNormal pixelSize 0 antialiased true fixed true colorFont false
qt.text.font.db: Adding font: familyName "JetBrainsMono Nerd Font" stylename "SemiBold Italic" weight 600 style QFont::StyleItalic pixelSize 0 antialiased true fixed true colorFont false
qt.text.font.db: Adding font: familyName "JetBrainsMono NF" stylename "Italic" weight 600 style QFont::StyleItalic pixelSize 0 antialiased true fixed true colorFont false
qt.text.font.db: Registering alias "JetBrainsMono NF SemiBold" to family "JetBrainsMono Nerd Font"
qt.text.font.db: Adding font: familyName "JetBrainsMono Nerd Font" stylename "Medium" weight 500 style QFont::StyleNormal pixelSize 0 antialiased true fixed true colorFont false
qt.text.font.db: Adding font: familyName "JetBrainsMono NF" stylename "Regular" weight 500 style QFont::StyleNormal pixelSize 0 antialiased true fixed true colorFont false
qt.text.font.db: Registering alias "JetBrainsMono NF Medium" to family "JetBrainsMono Nerd Font"
qt.text.font.db: Adding font: familyName "MiSans VF" stylename "Regular" weight 400 style QFont::StyleNormal pixelSize 0 antialiased true fixed false colorFont false
qt.text.font.db: Adding font: familyName "Noto Sans Gujarati" stylename "Regular" weight 400 style QFont::StyleNormal pixelSize 0 antialiased true fixed false colorFont false
qt.text.font.db: Adding font: familyName "JetBrains Mono NL" stylename "Medium Italic" weight 500 style QFont::StyleItalic pixelSize 0 antialiased true fixed true colorFont false
qt.text.font.db: Adding font: familyName "JetBrains Mono NL Medium" stylename "Italic" weight 500 style QFont::StyleItalic pixelSize 0 antialiased true fixed true colorFont false
qt.text.font.db: Adding font: familyName "JetBrains Mono" stylename "SemiBold" weight 600 style QFont::StyleNormal pixelSize 0 antialiased true fixed true colorFont false
qt.text.font.db: Adding font: familyName "JetBrains Mono SemiBold" stylename "Regular" weight 600 style QFont::StyleNormal pixelSize 0 antialiased true fixed true colorFont false
qt.text.font.db: Adding font: familyName "JetBrainsMono Nerd Font Mono" stylename "Bold" weight 700 style QFont::StyleNormal pixelSize 0 antialiased true fixed true colorFont false
qt.text.font.db: Registering alias "JetBrainsMono NFM" to family "JetBrainsMono Nerd Font Mono"
qt.text.font.db: Adding font: familyName "D050000L" stylename "Regular" weight 400 style QFont::StyleNormal pixelSize 0 antialiased true fixed false colorFont false
qt.text.font.db: Adding font: familyName "Noto Sans CJK HK" stylename "DemiLight" weight 316 style QFont::StyleNormal pixelSize 0 antialiased true fixed false colorFont false
qt.text.font.db: Adding font: familyName "Noto Sans CJK HK DemiLight" stylename "Regular" weight 316 style QFont::StyleNormal pixelSize 0 antialiased true fixed false colorFont false
qt.text.font.db: Adding font: familyName "Nimbus Roman" stylename "Bold Italic" weight 700 style QFont::StyleItalic pixelSize 0 antialiased true fixed false colorFont false
qt.text.font.db: Adding font: familyName "Noto Serif CJK TC" stylename "Light" weight 300 style QFont::StyleNormal pixelSize 0 antialiased true fixed false colorFont false
qt.text.font.db: Adding font: familyName "Noto Serif CJK TC Light" stylename "Regular" weight 300 style QFont::StyleNormal pixelSize 0 antialiased true fixed false colorFont false
qt.text.font.db: Adding font: familyName "Noto Sans Tai Viet" stylename "Regular" weight 400 style QFont::StyleNormal pixelSize 0 antialiased true fixed false colorFont false
qt.text.font.db: Adding font: familyName "P052" stylename "Bold" weight 700 style QFont::StyleNormal pixelSize 0 antialiased true fixed false colorFont false
qt.text.font.db: Adding font: familyName "Noto Sans Glagolitic" stylename "Regular" weight 400 style QFont::StyleNormal pixelSize 0 antialiased true fixed false colorFont false
qt.text.font.db: Adding font: familyName "Arial Black" stylename "Regular" weight 400 style QFont::StyleNormal pixelSize 0 antialiased true fixed false colorFont false
qt.text.font.db: Adding font: familyName "FreeSans" stylename "Regular" weight 400 style QFont::StyleNormal pixelSize 0 antialiased true fixed false colorFont false
qt.text.font.db: Adding font: familyName "JetBrains Mono" stylename "ExtraBold Italic" weight 800 style QFont::StyleItalic pixelSize 0 antialiased true fixed true colorFont false
qt.text.font.db: Adding font: familyName "Noto Sans CJK SC" stylename "Black" weight 900 style QFont::StyleNormal pixelSize 0 antialiased true fixed false colorFont false
qt.text.font.db: Adding font: familyName "Noto Sans CJK SC Black" stylename "Regular" weight 900 style QFont::StyleNormal pixelSize 0 antialiased true fixed false colorFont false
qt.text.font.db: Adding font: familyName "Noto Sans Tamil Supplement" stylename "Regular" weight 400 style QFont::StyleNormal pixelSize 0 antialiased true fixed false colorFont false
qt.text.font.db: Adding font: familyName "Nimbus Sans Narrow" stylename "Regular" weight 400 style QFont::StyleNormal pixelSize 0 antialiased true fixed false colorFont false
qt.text.font.db: Adding font: familyName "Noto Sans Syloti Nagri" stylename "Regular" weight 400 style QFont::StyleNormal pixelSize 0 antialiased true fixed false colorFont false
qt.text.font.db: Adding font: familyName "Noto Sans Nushu" stylename "Regular" weight 400 style QFont::StyleNormal pixelSize 0 antialiased true fixed false colorFont false
qt.text.font.db: Adding font: familyName "Ubuntu" stylename "Condensed Thin Italic" weight 100 style QFont::StyleItalic pixelSize 0 antialiased true fixed false colorFont false
qt.text.font.db: Adding font: familyName "Noto Sans Kayah Li" stylename "Bold" weight 700 style QFont::StyleNormal pixelSize 0 antialiased true fixed false colorFont false
qt.text.font.db: Adding font: familyName "Nimbus Sans Narrow" stylename "Bold" weight 700 style QFont::StyleNormal pixelSize 0 antialiased true fixed false colorFont false
qt.text.font.db: Adding font: familyName "Noto Sans Tifinagh Hawad" stylename "Regular" weight 400 style QFont::StyleNormal pixelSize 0 antialiased true fixed false colorFont false
qt.text.font.db: Adding font: familyName "Noto Sans Mro" stylename "Regular" weight 400 style QFont::StyleNormal pixelSize 0 antialiased true fixed false colorFont false
qt.text.font.db: Adding font: familyName "Ubuntu Sans" stylename "Condensed Thin" weight 100 style QFont::StyleNormal pixelSize 0 antialiased true fixed false colorFont false
qt.text.font.db: Adding font: familyName "JetBrainsMono Nerd Font" stylename "Thin Italic" weight 100 style QFont::StyleItalic pixelSize 0 antialiased true fixed true colorFont false
qt.text.font.db: Adding font: familyName "JetBrainsMono NF" stylename "Italic" weight 100 style QFont::StyleItalic pixelSize 0 antialiased true fixed true colorFont false
qt.text.font.db: Registering alias "JetBrainsMono NF Thin" to family "JetBrainsMono Nerd Font"
qt.text.font.db: Adding font: familyName "Noto Sans CJK JP" stylename "Thin" weight 100 style QFont::StyleNormal pixelSize 0 antialiased true fixed false colorFont false
qt.text.font.db: Adding font: familyName "Noto Sans CJK JP Thin" stylename "Regular" weight 100 style QFont::StyleNormal pixelSize 0 antialiased true fixed false colorFont false
qt.text.font.db: Adding font: familyName "Noto Serif CJK TC" stylename "SemiBold" weight 600 style QFont::StyleNormal pixelSize 0 antialiased true fixed false colorFont false
qt.text.font.db: Adding font: familyName "Noto Serif CJK TC SemiBold" stylename "Regular" weight 600 style QFont::StyleNormal pixelSize 0 antialiased true fixed false colorFont false
qt.text.font.db: Adding font: familyName "Noto Sans Nabataean" stylename "Regular" weight 400 style QFont::StyleNormal pixelSize 0 antialiased true fixed false colorFont false
qt.text.font.db: Adding font: familyName "Noto Serif Kannada" stylename "Regular" weight 400 style QFont::StyleNormal pixelSize 0 antialiased true fixed false colorFont false
qt.text.font.db: Adding font: familyName "Noto Sans Linear A" stylename "Regular" weight 400 style QFont::StyleNormal pixelSize 0 antialiased true fixed false colorFont false
qt.text.font.db: Adding font: familyName "P052" stylename "Italic" weight 400 style QFont::StyleItalic pixelSize 0 antialiased true fixed false colorFont false
qt.text.font.db: Adding font: familyName "Courier New" stylename "Bold" weight 700 style QFont::StyleNormal pixelSize 0 antialiased true fixed true colorFont false
qt.text.font.db: Adding font: familyName "Cantarell" stylename "Thin" weight 100 style QFont::StyleNormal pixelSize 0 antialiased true fixed false colorFont false
qt.text.font.db: Adding font: familyName "Ubuntu Sans" stylename "Condensed Medium Italic" weight 500 style QFont::StyleItalic pixelSize 0 antialiased true fixed false colorFont false
qt.text.font.db: Adding font: familyName "JetBrains Mono NL" stylename "Medium" weight 500 style QFont::StyleNormal pixelSize 0 antialiased true fixed true colorFont false
qt.text.font.db: Adding font: familyName "JetBrains Mono NL Medium" stylename "Regular" weight 500 style QFont::StyleNormal pixelSize 0 antialiased true fixed true colorFont false
qt.text.font.db: Adding font: familyName "JetBrainsMonoNL Nerd Font" stylename "Bold" weight 700 style QFont::StyleNormal pixelSize 0 antialiased true fixed true colorFont false
qt.text.font.db: Registering alias "JetBrainsMonoNL NF" to family "JetBrainsMonoNL Nerd Font"
qt.text.font.db: Adding font: familyName "Noto Sans Mono" stylename "Regular" weight 400 style QFont::StyleNormal pixelSize 0 antialiased true fixed false colorFont false
qt.text.font.db: Adding font: familyName "Noto Sans CJK KR" stylename "Thin" weight 100 style QFont::StyleNormal pixelSize 0 antialiased true fixed false colorFont false
qt.text.font.db: Adding font: familyName "Noto Sans CJK KR Thin" stylename "Regular" weight 100 style QFont::StyleNormal pixelSize 0 antialiased true fixed false colorFont false
qt.text.font.db: Adding font: familyName "Ubuntu" stylename "Condensed Italic" weight 400 style QFont::StyleItalic pixelSize 0 antialiased true fixed false colorFont false
qt.text.font.db: Adding font: familyName "Noto Sans Pahawh Hmong" stylename "Regular" weight 400 style QFont::StyleNormal pixelSize 0 antialiased true fixed false colorFont false
qt.text.font.db: Adding font: familyName "Noto Sans CJK HK" stylename "Thin" weight 100 style QFont::StyleNormal pixelSize 0 antialiased true fixed false colorFont false
qt.text.font.db: Adding font: familyName "Noto Sans CJK HK Thin" stylename "Regular" weight 100 style QFont::StyleNormal pixelSize 0 antialiased true fixed false colorFont false
qt.text.font.db: Adding font: familyName "Ubuntu Sans" stylename "Light Italic" weight 300 style QFont::StyleItalic pixelSize 0 antialiased true fixed false colorFont false
qt.text.font.db: Adding font: familyName "Noto Serif Display" stylename "Bold Italic" weight 700 style QFont::StyleItalic pixelSize 0 antialiased true fixed false colorFont false
qt.text.font.db: Adding font: familyName "Noto Sans Runic" stylename "Regular" weight 400 style QFont::StyleNormal pixelSize 0 antialiased true fixed false colorFont false
qt.text.font.db: Adding font: familyName "Noto Sans SignWriting" stylename "Regular" weight 400 style QFont::StyleNormal pixelSize 0 antialiased true fixed true colorFont false
qt.text.font.db: Registering alias "Noto Sans SignWrit" to family "Noto Sans SignWriting"
qt.text.font.db: Adding font: familyName "Noto Sans Shavian" stylename "Regular" weight 400 style QFont::StyleNormal pixelSize 0 antialiased true fixed false colorFont false
qt.text.font.db: Adding font: familyName "Ubuntu Sans" stylename "Condensed SemiBold" weight 600 style QFont::StyleNormal pixelSize 0 antialiased true fixed false colorFont false
qt.text.font.db: Adding font: familyName "Z003" stylename "Medium Italic" weight 500 style QFont::StyleItalic pixelSize 0 antialiased true fixed false colorFont false
qt.text.font.db: Adding font: familyName "Ubuntu" stylename "Condensed Light Italic" weight 300 style QFont::StyleItalic pixelSize 0 antialiased true fixed false colorFont false
qt.text.font.db: Adding font: familyName "Nimbus Roman" stylename "Bold" weight 700 style QFont::StyleNormal pixelSize 0 antialiased true fixed false colorFont false
qt.text.font.db: Adding font: familyName "Noto Sans Mahajani" stylename "Regular" weight 400 style QFont::StyleNormal pixelSize 0 antialiased true fixed false colorFont false
qt.text.font.db: Adding font: familyName "Noto Sans Gujarati" stylename "Bold" weight 700 style QFont::StyleNormal pixelSize 0 antialiased true fixed false colorFont false
qt.text.font.db: Adding font: familyName "JetBrainsMono Nerd Font Mono" stylename "Light" weight 300 style QFont::StyleNormal pixelSize 0 antialiased true fixed true colorFont false
qt.text.font.db: Adding font: familyName "JetBrainsMono NFM" stylename "Regular" weight 300 style QFont::StyleNormal pixelSize 0 antialiased true fixed true colorFont false
qt.text.font.db: Registering alias "JetBrainsMono NFM Light" to family "JetBrainsMono Nerd Font Mono"
qt.text.font.db: Adding font: familyName "FreeMono" stylename "Oblique" weight 400 style QFont::StyleOblique pixelSize 0 antialiased true fixed true colorFont false
qt.text.font.db: Adding font: familyName "Noto Sans Linear B" stylename "Regular" weight 400 style QFont::StyleNormal pixelSize 0 antialiased true fixed false colorFont false
qt.text.font.db: Adding font: familyName "Noto Serif Ahom" stylename "Regular" weight 400 style QFont::StyleNormal pixelSize 0 antialiased true fixed false colorFont false
qt.text.font.db: Adding font: familyName "Nimbus Mono PS" stylename "Regular" weight 400 style QFont::StyleNormal pixelSize 0 antialiased true fixed true colorFont false
qt.text.font.db: Adding font: familyName "Noto Sans Lycian" stylename "Regular" weight 400 style QFont::StyleNormal pixelSize 0 antialiased true fixed false colorFont false
qt.text.font.db: Adding font: familyName "JetBrains Mono" stylename "Regular" weight 400 style QFont::StyleNormal pixelSize 0 antialiased true fixed true colorFont false
qt.text.font.db: Adding font: familyName "Comic Sans MS" stylename "Bold" weight 700 style QFont::StyleNormal pixelSize 0 antialiased true fixed false colorFont false
qt.text.font.db: Adding font: familyName "Noto Serif Sinhala" stylename "Bold" weight 700 style QFont::StyleNormal pixelSize 0 antialiased true fixed false colorFont false
qt.text.font.db: Adding font: familyName "Noto Sans Gunjala Gondi" stylename "Regular" weight 400 style QFont::StyleNormal pixelSize 0 antialiased true fixed false colorFont false
qt.text.font.db: Adding font: familyName "Times New Roman" stylename "Regular" weight 400 style QFont::StyleNormal pixelSize 0 antialiased true fixed false colorFont false
qt.text.font.db: Adding font: familyName "Noto Sans CJK SC" stylename "Light" weight 300 style QFont::StyleNormal pixelSize 0 antialiased true fixed false colorFont false
qt.text.font.db: Adding font: familyName "Noto Sans CJK SC Light" stylename "Regular" weight 300 style QFont::StyleNormal pixelSize 0 antialiased true fixed false colorFont false
qt.text.font.db: Adding font: familyName "P052" stylename "Roman" weight 400 style QFont::StyleNormal pixelSize 0 antialiased true fixed false colorFont false
qt.text.font.db: Adding font: familyName "Noto Serif" stylename "Regular" weight 400 style QFont::StyleNormal pixelSize 0 antialiased true fixed false colorFont false
qt.text.font.db: Adding font: familyName "Noto Sans Display" stylename "Italic" weight 400 style QFont::StyleItalic pixelSize 0 antialiased true fixed false colorFont false
qt.text.font.db: Adding font: familyName "Noto Sans Telugu" stylename "Bold" weight 700 style QFont::StyleNormal pixelSize 0 antialiased true fixed false colorFont false
qt.text.font.db: Adding font: familyName "Liberation Sans Narrow" stylename "Bold" weight 700 style QFont::StyleNormal pixelSize 0 antialiased true fixed false colorFont false
qt.text.font.db: Adding font: familyName "Noto Sans Armenian" stylename "Regular" weight 400 style QFont::StyleNormal pixelSize 0 antialiased true fixed false colorFont false
qt.text.font.db: Adding font: familyName "Trebuchet MS" stylename "Regular" weight 400 style QFont::StyleNormal pixelSize 0 antialiased true fixed false colorFont false
qt.text.font.db: Adding font: familyName "JetBrainsMonoNL Nerd Font Propo" stylename "Regular" weight 400 style QFont::StyleNormal pixelSize 0 antialiased true fixed false colorFont false
qt.text.font.db: Registering alias "JetBrainsMonoNL NFP" to family "JetBrainsMonoNL Nerd Font Propo"
qt.text.font.db: Adding font: familyName "Ubuntu Sans" stylename "Bold Italic" weight 700 style QFont::StyleItalic pixelSize 0 antialiased true fixed false colorFont false
qt.text.font.db: Adding font: familyName "Ubuntu" stylename "Bold" weight 700 style QFont::StyleNormal pixelSize 0 antialiased true fixed false colorFont false
qt.text.font.db: Adding font: familyName "JetBrainsMono Nerd Font" stylename "Thin" weight 100 style QFont::StyleNormal pixelSize 0 antialiased true fixed true colorFont false
qt.text.font.db: Adding font: familyName "JetBrainsMono NF" stylename "Regular" weight 100 style QFont::StyleNormal pixelSize 0 antialiased true fixed true colorFont false
qt.text.font.db: Registering alias "JetBrainsMono NF Thin" to family "JetBrainsMono Nerd Font"
qt.text.font.db: Adding font: familyName "Noto Sans Yi" stylename "Regular" weight 400 style QFont::StyleNormal pixelSize 0 antialiased true fixed false colorFont false
qt.text.font.db: Adding font: familyName "JetBrainsMonoNL Nerd Font Mono" stylename "ExtraLight Italic" weight 200 style QFont::StyleItalic pixelSize 0 antialiased true fixed true colorFont false
qt.text.font.db: Adding font: familyName "JetBrainsMonoNL NFM" stylename "Italic" weight 200 style QFont::StyleItalic pixelSize 0 antialiased true fixed true colorFont false
qt.text.font.db: Registering alias "JetBrainsMonoNL NFM ExtraLight" to family "JetBrainsMonoNL Nerd Font Mono"
qt.text.font.db: Adding font: familyName "Noto Sans Caucasian Albanian" stylename "Regular" weight 400 style QFont::StyleNormal pixelSize 0 antialiased true fixed false colorFont false
qt.text.font.db: Registering alias "Noto Sans CaucAlban" to family "Noto Sans Caucasian Albanian"
qt.text.font.db: Adding font: familyName "Noto Sans Wancho" stylename "Regular" weight 400 style QFont::StyleNormal pixelSize 0 antialiased true fixed false colorFont false
qt.text.font.db: Adding font: familyName "P052" stylename "Bold Italic" weight 700 style QFont::StyleItalic pixelSize 0 antialiased true fixed false colorFont false
qt.text.font.db: Adding font: familyName "Noto Sans Batak" stylename "Regular" weight 400 style QFont::StyleNormal pixelSize 0 antialiased true fixed false colorFont false
qt.text.font.db: Adding font: familyName "Noto Serif Lao" stylename "Bold" weight 700 style QFont::StyleNormal pixelSize 0 antialiased true fixed false colorFont false
qt.text.font.db: Adding font: familyName "JetBrainsMonoNL Nerd Font Propo" stylename "Italic" weight 400 style QFont::StyleItalic pixelSize 0 antialiased true fixed false colorFont false
qt.text.font.db: Registering alias "JetBrainsMonoNL NFP" to family "JetBrainsMonoNL Nerd Font Propo"
qt.text.font.db: Adding font: familyName "JetBrainsMonoNL Nerd Font Propo" stylename "Medium Italic" weight 500 style QFont::StyleItalic pixelSize 0 antialiased true fixed false colorFont false
qt.text.font.db: Adding font: familyName "JetBrainsMonoNL NFP" stylename "Italic" weight 500 style QFont::StyleItalic pixelSize 0 antialiased true fixed false colorFont false
qt.text.font.db: Registering alias "JetBrainsMonoNL NFP Medium" to family "JetBrainsMonoNL Nerd Font Propo"
qt.text.font.db: Adding font: familyName "Noto Serif CJK JP" stylename "Bold" weight 700 style QFont::StyleNormal pixelSize 0 antialiased true fixed false colorFont false
qt.text.font.db: Adding font: familyName "Noto Serif CJK KR" stylename "Bold" weight 700 style QFont::StyleNormal pixelSize 0 antialiased true fixed false colorFont false
qt.text.font.db: Adding font: familyName "URW Bookman" stylename "Light" weight 300 style QFont::StyleNormal pixelSize 0 antialiased true fixed false colorFont false
qt.text.font.db: Adding font: familyName "JetBrainsMono Nerd Font" stylename "Medium Italic" weight 500 style QFont::StyleItalic pixelSize 0 antialiased true fixed true colorFont false
qt.text.font.db: Adding font: familyName "JetBrainsMono NF" stylename "Italic" weight 500 style QFont::StyleItalic pixelSize 0 antialiased true fixed true colorFont false
qt.text.font.db: Registering alias "JetBrainsMono NF Medium" to family "JetBrainsMono Nerd Font"
qt.text.font.db: Adding font: familyName "Ubuntu" stylename "Condensed Light" weight 300 style QFont::StyleNormal pixelSize 0 antialiased true fixed false colorFont false
qt.text.font.db: Adding font: familyName "Noto Serif Devanagari" stylename "Bold" weight 700 style QFont::StyleNormal pixelSize 0 antialiased true fixed false colorFont false
qt.text.font.db: Adding font: familyName "Noto Serif CJK HK" stylename "Bold" weight 700 style QFont::StyleNormal pixelSize 0 antialiased true fixed false colorFont false
qt.text.font.db: Adding font: familyName "Noto Sans Tamil" stylename "Bold" weight 700 style QFont::StyleNormal pixelSize 0 antialiased true fixed false colorFont false
qt.text.font.db: Adding font: familyName "Noto Serif CJK TC" stylename "Bold" weight 700 style QFont::StyleNormal pixelSize 0 antialiased true fixed false colorFont false
qt.text.font.db: Adding font: familyName "JetBrains Mono" stylename "Bold Italic" weight 700 style QFont::StyleItalic pixelSize 0 antialiased true fixed true colorFont false
qt.text.font.db: Adding font: familyName "Noto Sans CJK SC" stylename "Thin" weight 100 style QFont::StyleNormal pixelSize 0 antialiased true fixed false colorFont false
qt.text.font.db: Adding font: familyName "Noto Sans CJK SC Thin" stylename "Regular" weight 100 style QFont::StyleNormal pixelSize 0 antialiased true fixed false colorFont false
qt.text.font.db: Adding font: familyName "Noto Sans Lao" stylename "Regular" weight 400 style QFont::StyleNormal pixelSize 0 antialiased true fixed false colorFont false
qt.text.font.db: Adding font: familyName "Noto Sans Old Turkic" stylename "Regular" weight 400 style QFont::StyleNormal pixelSize 0 antialiased true fixed false colorFont false
qt.text.font.db: Adding font: familyName "Bitstream Charter" stylename "Bold Italic" weight 700 style QFont::StyleItalic pixelSize 0 antialiased true fixed false colorFont false
qt.text.font.db: Adding font: familyName "URW Bookman" stylename "Light" weight 300 style QFont::StyleNormal pixelSize 0 antialiased true fixed false colorFont false
qt.text.font.db: Adding font: familyName "Noto Serif Lao" stylename "Regular" weight 400 style QFont::StyleNormal pixelSize 0 antialiased true fixed false colorFont false
qt.text.font.db: Adding font: familyName "Andale Mono" stylename "Regular" weight 400 style QFont::StyleNormal pixelSize 0 antialiased true fixed true colorFont false
qt.text.font.db: Adding font: familyName "Nimbus Roman" stylename "Bold" weight 700 style QFont::StyleNormal pixelSize 0 antialiased true fixed false colorFont false
qt.text.font.db: Adding font: familyName "Noto Sans CJK KR" stylename "Medium" weight 500 style QFont::StyleNormal pixelSize 0 antialiased true fixed false colorFont false
qt.text.font.db: Adding font: familyName "Noto Sans CJK KR Medium" stylename "Regular" weight 500 style QFont::StyleNormal pixelSize 0 antialiased true fixed false colorFont false
qt.text.font.db: Adding font: familyName "Noto Serif CJK SC" stylename "Bold" weight 700 style QFont::StyleNormal pixelSize 0 antialiased true fixed false colorFont false
qt.text.font.db: Adding font: familyName "JetBrainsMonoNL Nerd Font" stylename "Regular" weight 400 style QFont::StyleNormal pixelSize 0 antialiased true fixed true colorFont false
qt.text.font.db: Registering alias "JetBrainsMonoNL NF" to family "JetBrainsMonoNL Nerd Font"
qt.text.font.db: Adding font: familyName "AR PL UKai CN" stylename "Book" weight 400 style QFont::StyleNormal pixelSize 0 antialiased true fixed false colorFont false
qt.text.font.db: Adding font: familyName "MiSans Japanese VF" stylename "Regular" weight 310 style QFont::StyleNormal pixelSize 0 antialiased true fixed false colorFont false
qt.text.font.db: Adding font: familyName "Ubuntu Sans" stylename "Bold" weight 700 style QFont::StyleNormal pixelSize 0 antialiased true fixed false colorFont false
qt.text.font.db: Adding font: familyName "Nimbus Sans" stylename "Bold" weight 700 style QFont::StyleNormal pixelSize 0 antialiased true fixed false colorFont false
qt.text.font.db: Adding font: familyName "URW Gothic" stylename "Book" weight 400 style QFont::StyleNormal pixelSize 0 antialiased true fixed false colorFont false
qt.text.font.db: Adding font: familyName "Noto Serif CJK TC" stylename "Regular" weight 400 style QFont::StyleNormal pixelSize 0 antialiased true fixed false colorFont false
qt.text.font.db: Adding font: familyName "Ubuntu Sans" stylename "Condensed ExtraLight Italic" weight 200 style QFont::StyleItalic pixelSize 0 antialiased true fixed false colorFont false
qt.text.font.db: Adding font: familyName "Noto Serif Yezidi" stylename "Regular" weight 400 style QFont::StyleNormal pixelSize 0 antialiased true fixed false colorFont false
qt.text.font.db: Adding font: familyName "JetBrainsMono Nerd Font Propo" stylename "Bold Italic" weight 700 style QFont::StyleItalic pixelSize 0 antialiased true fixed false colorFont false
qt.text.font.db: Registering alias "JetBrainsMono NFP" to family "JetBrainsMono Nerd Font Propo"
qt.text.font.db: Adding font: familyName "Noto Sans Display" stylename "Regular" weight 400 style QFont::StyleNormal pixelSize 0 antialiased true fixed false colorFont false
qt.text.font.db: Adding font: familyName "Noto Sans Osage" stylename "Regular" weight 400 style QFont::StyleNormal pixelSize 0 antialiased true fixed false colorFont false
qt.text.font.db: Adding font: familyName "Ubuntu Sans Mono" stylename "SemiBold" weight 600 style QFont::StyleNormal pixelSize 0 antialiased true fixed true colorFont false
qt.text.font.db: Adding font: familyName "Google Sans Flex" stylename "Regular" weight 400 style QFont::StyleNormal pixelSize 0 antialiased true fixed false colorFont false
qt.text.font.db: Adding font: familyName "Liberation Sans Narrow" stylename "Bold Italic" weight 700 style QFont::StyleItalic pixelSize 0 antialiased true fixed false colorFont false
qt.text.font.db: Adding font: familyName "JetBrainsMonoNL Nerd Font" stylename "ExtraLight" weight 200 style QFont::StyleNormal pixelSize 0 antialiased true fixed true colorFont false
qt.text.font.db: Adding font: familyName "JetBrainsMonoNL NF" stylename "Regular" weight 200 style QFont::StyleNormal pixelSize 0 antialiased true fixed true colorFont false
qt.text.font.db: Registering alias "JetBrainsMonoNL NF ExtraLight" to family "JetBrainsMonoNL Nerd Font"
qt.text.font.db: Adding font: familyName "Noto Serif CJK SC" stylename "Regular" weight 400 style QFont::StyleNormal pixelSize 0 antialiased true fixed false colorFont false
qt.text.font.db: Adding font: familyName "JetBrainsMonoNL Nerd Font" stylename "ExtraBold" weight 800 style QFont::StyleNormal pixelSize 0 antialiased true fixed true colorFont false
qt.text.font.db: Adding font: familyName "JetBrainsMonoNL NF" stylename "Regular" weight 800 style QFont::StyleNormal pixelSize 0 antialiased true fixed true colorFont false
qt.text.font.db: Registering alias "JetBrainsMonoNL NF ExtraBold" to family "JetBrainsMonoNL Nerd Font"
qt.text.font.db: Adding font: familyName "Noto Sans Gurmukhi" stylename "Bold" weight 700 style QFont::StyleNormal pixelSize 0 antialiased true fixed false colorFont false
qt.text.font.db: Adding font: familyName "Misans TC VF" stylename "Regular" weight 400 style QFont::StyleNormal pixelSize 0 antialiased true fixed false colorFont false
qt.text.font.db: Adding font: familyName "JetBrainsMonoNL Nerd Font Mono" stylename "Medium Italic" weight 500 style QFont::StyleItalic pixelSize 0 antialiased true fixed true colorFont false
qt.text.font.db: Adding font: familyName "JetBrainsMonoNL NFM" stylename "Italic" weight 500 style QFont::StyleItalic pixelSize 0 antialiased true fixed true colorFont false
qt.text.font.db: Registering alias "JetBrainsMonoNL NFM Medium" to family "JetBrainsMonoNL Nerd Font Mono"
qt.text.font.db: Adding font: familyName "JetBrainsMono Nerd Font Propo" stylename "Light" weight 300 style QFont::StyleNormal pixelSize 0 antialiased true fixed false colorFont false
qt.text.font.db: Adding font: familyName "JetBrainsMono NFP" stylename "Regular" weight 300 style QFont::StyleNormal pixelSize 0 antialiased true fixed false colorFont false
qt.text.font.db: Registering alias "JetBrainsMono NFP Light" to family "JetBrainsMono Nerd Font Propo"
qt.text.font.db: Adding font: familyName "Courier 10 Pitch" stylename "Regular" weight 400 style QFont::StyleNormal pixelSize 0 antialiased true fixed true colorFont false
qt.text.font.db: Adding font: familyName "Noto Serif Georgian" stylename "Regular" weight 400 style QFont::StyleNormal pixelSize 0 antialiased true fixed false colorFont false
qt.text.font.db: Adding font: familyName "Nimbus Sans Narrow" stylename "Regular" weight 400 style QFont::StyleNormal pixelSize 0 antialiased true fixed false colorFont false
qt.text.font.db: Adding font: familyName "JetBrainsMono Nerd Font Mono" stylename "Regular" weight 400 style QFont::StyleNormal pixelSize 0 antialiased true fixed true colorFont false
qt.text.font.db: Registering alias "JetBrainsMono NFM" to family "JetBrainsMono Nerd Font Mono"
qt.text.font.db: Adding font: familyName "JetBrains Mono" stylename "Medium" weight 500 style QFont::StyleNormal pixelSize 0 antialiased true fixed true colorFont false
qt.text.font.db: Adding font: familyName "JetBrains Mono" stylename "Light" weight 300 style QFont::StyleNormal pixelSize 0 antialiased true fixed true colorFont false
qt.text.font.db: Adding font: familyName "JetBrains Mono Light" stylename "Regular" weight 300 style QFont::StyleNormal pixelSize 0 antialiased true fixed true colorFont false
qt.text.font.db: Adding font: familyName "Noto Serif Dogra" stylename "Regular" weight 400 style QFont::StyleNormal pixelSize 0 antialiased true fixed false colorFont false
qt.text.font.db: Adding font: familyName "Noto Mono" stylename "Regular" weight 400 style QFont::StyleNormal pixelSize 0 antialiased true fixed true colorFont false
qt.text.font.db: Adding font: familyName "JetBrainsMono Nerd Font Propo" stylename "ExtraLight Italic" weight 200 style QFont::StyleItalic pixelSize 0 antialiased true fixed false colorFont false
qt.text.font.db: Adding font: familyName "JetBrainsMono NFP" stylename "Italic" weight 200 style QFont::StyleItalic pixelSize 0 antialiased true fixed false colorFont false
qt.text.font.db: Registering alias "JetBrainsMono NFP ExtraLight" to family "JetBrainsMono Nerd Font Propo"
qt.text.font.db: Adding font: familyName "JetBrains Mono NL" stylename "Medium" weight 500 style QFont::StyleNormal pixelSize 0 antialiased true fixed true colorFont false
qt.text.font.db: Adding font: familyName "JetBrains Mono NL Medium" stylename "Regular" weight 500 style QFont::StyleNormal pixelSize 0 antialiased true fixed true colorFont false
qt.text.font.db: Adding font: familyName "Noto Sans Miao" stylename "Regular" weight 400 style QFont::StyleNormal pixelSize 0 antialiased true fixed false colorFont false
qt.text.font.db: Adding font: familyName "Noto Sans Bassa Vah" stylename "Regular" weight 400 style QFont::StyleNormal pixelSize 0 antialiased true fixed false colorFont false
qt.text.font.db: Adding font: familyName "Noto Sans Saurashtra" stylename "Regular" weight 400 style QFont::StyleNormal pixelSize 0 antialiased true fixed false colorFont false
qt.text.font.db: Adding font: familyName "Ubuntu" stylename "Condensed Medium" weight 500 style QFont::StyleNormal pixelSize 0 antialiased true fixed false colorFont false
qt.text.font.db: Adding font: familyName "JetBrains Mono NL" stylename "ExtraBold" weight 800 style QFont::StyleNormal pixelSize 0 antialiased true fixed true colorFont false
qt.text.font.db: Adding font: familyName "JetBrains Mono NL ExtraBold" stylename "Regular" weight 800 style QFont::StyleNormal pixelSize 0 antialiased true fixed true colorFont false
qt.text.font.db: Adding font: familyName "C059" stylename "Italic" weight 500 style QFont::StyleItalic pixelSize 0 antialiased true fixed false colorFont false
qt.text.font.db: Adding font: familyName "Noto Serif Telugu" stylename "Bold" weight 700 style QFont::StyleNormal pixelSize 0 antialiased true fixed false colorFont false
qt.text.font.db: Adding font: familyName "Noto Serif Hebrew" stylename "Bold" weight 700 style QFont::StyleNormal pixelSize 0 antialiased true fixed false colorFont false
qt.text.font.db: Adding font: familyName "Noto Sans Adlam" stylename "Bold" weight 700 style QFont::StyleNormal pixelSize 0 antialiased true fixed false colorFont false
qt.text.font.db: Adding font: familyName "URW Gothic" stylename "Book" weight 383 style QFont::StyleNormal pixelSize 0 antialiased true fixed false colorFont false
qt.text.font.db: Adding font: familyName "Noto Serif Gurmukhi" stylename "Bold" weight 700 style QFont::StyleNormal pixelSize 0 antialiased true fixed false colorFont false
qt.text.font.db: Adding font: familyName "Noto Rashi Hebrew" stylename "Regular" weight 400 style QFont::StyleNormal pixelSize 0 antialiased true fixed false colorFont false
qt.text.font.db: Adding font: familyName "DejaVu Serif" stylename "Bold" weight 700 style QFont::StyleNormal pixelSize 0 antialiased true fixed false colorFont false
qt.text.font.db: Adding font: familyName "Noto Sans Samaritan" stylename "Regular" weight 400 style QFont::StyleNormal pixelSize 0 antialiased true fixed false colorFont false
qt.text.font.db: Adding font: familyName "Times New Roman" stylename "Italic" weight 400 style QFont::StyleItalic pixelSize 0 antialiased true fixed false colorFont false
qt.text.font.db: Adding font: familyName "Noto Sans Osmanya" stylename "Regular" weight 400 style QFont::StyleNormal pixelSize 0 antialiased true fixed false colorFont false
qt.text.font.db: Adding font: familyName "JetBrains Mono" stylename "SemiBold Italic" weight 600 style QFont::StyleItalic pixelSize 0 antialiased true fixed true colorFont false
qt.text.font.db: Adding font: familyName "JetBrains Mono SemiBold" stylename "Italic" weight 600 style QFont::StyleItalic pixelSize 0 antialiased true fixed true colorFont false
qt.text.font.db: Adding font: familyName "Noto Sans Mende Kikakui" stylename "Regular" weight 400 style QFont::StyleNormal pixelSize 0 antialiased true fixed false colorFont false
qt.text.font.db: Adding font: familyName "Noto Serif CJK KR" stylename "Regular" weight 400 style QFont::StyleNormal pixelSize 0 antialiased true fixed false colorFont false
qt.text.font.db: Adding font: familyName "Noto Sans Zanabazar Square" stylename "Regular" weight 400 style QFont::StyleNormal pixelSize 0 antialiased true fixed false colorFont false
qt.text.font.db: Registering alias "Noto Sans Zanabazar" to family "Noto Sans Zanabazar Square"
qt.text.font.db: Adding font: familyName "JetBrains Mono NL" stylename "Thin" weight 100 style QFont::StyleNormal pixelSize 0 antialiased true fixed true colorFont false
qt.text.font.db: Adding font: familyName "JetBrains Mono NL Thin" stylename "Regular" weight 100 style QFont::StyleNormal pixelSize 0 antialiased true fixed true colorFont false
qt.text.font.db: Adding font: familyName "Noto Serif CJK HK" stylename "Regular" weight 400 style QFont::StyleNormal pixelSize 0 antialiased true fixed false colorFont false
qt.text.font.db: Adding font: familyName "Noto Serif CJK JP" stylename "Regular" weight 400 style QFont::StyleNormal pixelSize 0 antialiased true fixed false colorFont false
qt.text.font.db: Adding font: familyName "JetBrainsMono Nerd Font Mono" stylename "Italic" weight 400 style QFont::StyleItalic pixelSize 0 antialiased true fixed true colorFont false
qt.text.font.db: Registering alias "JetBrainsMono NFM" to family "JetBrainsMono Nerd Font Mono"
qt.text.font.db: Adding font: familyName "C059" stylename "Bold" weight 700 style QFont::StyleNormal pixelSize 0 antialiased true fixed false colorFont false
qt.text.font.db: Adding font: familyName "JetBrainsMono Nerd Font Propo" stylename "Regular" weight 400 style QFont::StyleNormal pixelSize 0 antialiased true fixed false colorFont false
qt.text.font.db: Registering alias "JetBrainsMono NFP" to family "JetBrainsMono Nerd Font Propo"
qt.text.font.db: Adding font: familyName "Droid Sans Fallback" stylename "Regular" weight 400 style QFont::StyleNormal pixelSize 0 antialiased true fixed false colorFont false
qt.text.font.db: Adding font: familyName "Ubuntu Sans" stylename "ExtraLight Italic" weight 200 style QFont::StyleItalic pixelSize 0 antialiased true fixed false colorFont false
qt.text.font.db: Adding font: familyName "JetBrainsMono Nerd Font" stylename "SemiBold" weight 600 style QFont::StyleNormal pixelSize 0 antialiased true fixed true colorFont false
qt.text.font.db: Adding font: familyName "JetBrainsMono NF" stylename "Regular" weight 600 style QFont::StyleNormal pixelSize 0 antialiased true fixed true colorFont false
qt.text.font.db: Registering alias "JetBrainsMono NF SemiBold" to family "JetBrainsMono Nerd Font"
qt.text.font.db: Adding font: familyName "Noto Sans Bamum" stylename "Bold" weight 700 style QFont::StyleNormal pixelSize 0 antialiased true fixed false colorFont false
qt.text.font.db: Adding font: familyName "Noto Serif Tibetan" stylename "Bold" weight 700 style QFont::StyleNormal pixelSize 0 antialiased true fixed false colorFont false
qt.text.font.db: Adding font: familyName "Verdana" stylename "Italic" weight 400 style QFont::StyleItalic pixelSize 0 antialiased true fixed false colorFont false
qt.text.font.db: Adding font: familyName "Noto Sans Arabic" stylename "Bold" weight 700 style QFont::StyleNormal pixelSize 0 antialiased true fixed false colorFont false
qt.text.font.db: Adding font: familyName "Noto Looped Lao" stylename "Bold" weight 700 style QFont::StyleNormal pixelSize 0 antialiased true fixed false colorFont false
qt.text.font.db: Registering alias "Noto Looped Lao Bold" to family "Noto Looped Lao"
qt.text.font.db: Adding font: familyName "Ubuntu Sans" stylename "Medium Italic" weight 500 style QFont::StyleItalic pixelSize 0 antialiased true fixed false colorFont false
qt.text.font.db: Adding font: familyName "Nimbus Roman" stylename "Regular" weight 400 style QFont::StyleNormal pixelSize 0 antialiased true fixed false colorFont false
qt.text.font.db: Adding font: familyName "Liberation Sans" stylename "Bold Italic" weight 700 style QFont::StyleItalic pixelSize 0 antialiased true fixed false colorFont false
qt.text.font.db: Adding font: familyName "Noto Sans Brahmi" stylename "Regular" weight 400 style QFont::StyleNormal pixelSize 0 antialiased true fixed false colorFont false
qt.text.font.db: Adding font: familyName "Noto Serif Bengali" stylename "Bold" weight 700 style QFont::StyleNormal pixelSize 0 antialiased true fixed false colorFont false
qt.text.font.db: Adding font: familyName "Noto Sans Myanmar" stylename "Regular" weight 400 style QFont::StyleNormal pixelSize 0 antialiased true fixed false colorFont false
qt.text.font.db: Adding font: familyName "Noto Sans Cherokee" stylename "Bold" weight 700 style QFont::StyleNormal pixelSize 0 antialiased true fixed false colorFont false
qt.text.font.db: Adding font: familyName "JetBrainsMonoNL Nerd Font Mono" stylename "Medium" weight 500 style QFont::StyleNormal pixelSize 0 antialiased true fixed true colorFont false
qt.text.font.db: Adding font: familyName "JetBrainsMonoNL NFM" stylename "Regular" weight 500 style QFont::StyleNormal pixelSize 0 antialiased true fixed true colorFont false
qt.text.font.db: Registering alias "JetBrainsMonoNL NFM Medium" to family "JetBrainsMonoNL Nerd Font Mono"
qt.text.font.db: Adding font: familyName "URW Bookman" stylename "Light Italic" weight 300 style QFont::StyleItalic pixelSize 0 antialiased true fixed false colorFont false
qt.text.font.db: Adding font: familyName "Noto Sans CJK JP" stylename "Light" weight 300 style QFont::StyleNormal pixelSize 0 antialiased true fixed false colorFont false
qt.text.font.db: Adding font: familyName "Noto Sans CJK JP Light" stylename "Regular" weight 300 style QFont::StyleNormal pixelSize 0 antialiased true fixed false colorFont false
qt.text.font.db: Adding font: familyName "JetBrainsMono Nerd Font Mono" stylename "SemiBold Italic" weight 600 style QFont::StyleItalic pixelSize 0 antialiased true fixed true colorFont false
qt.text.font.db: Adding font: familyName "JetBrainsMono NFM" stylename "Italic" weight 600 style QFont::StyleItalic pixelSize 0 antialiased true fixed true colorFont false
qt.text.font.db: Registering alias "JetBrainsMono NFM SemiBold" to family "JetBrainsMono Nerd Font Mono"
qt.text.font.db: Adding font: familyName "URW Gothic" stylename "Demi" weight 600 style QFont::StyleNormal pixelSize 0 antialiased true fixed false colorFont false
qt.text.font.db: Adding font: familyName "URW Gothic" stylename "Book Oblique" weight 383 style QFont::StyleOblique pixelSize 0 antialiased true fixed false colorFont false
qt.text.font.db: Adding font: familyName "Impact" stylename "Regular" weight 400 style QFont::StyleNormal pixelSize 0 antialiased true fixed false colorFont false
qt.text.font.db: Adding font: familyName "URW Bookman" stylename "Demi Italic" weight 600 style QFont::StyleItalic pixelSize 0 antialiased true fixed false colorFont false
qt.text.font.db: Adding font: familyName "Nimbus Sans" stylename "Bold" weight 700 style QFont::StyleNormal pixelSize 0 antialiased true fixed false colorFont false
qt.text.font.db: Adding font: familyName "Noto Sans Balinese" stylename "Regular" weight 400 style QFont::StyleNormal pixelSize 0 antialiased true fixed false colorFont false
qt.text.font.db: Adding font: familyName "Noto Serif Tamil Slanted" stylename "Regular" weight 400 style QFont::StyleNormal pixelSize 0 antialiased true fixed false colorFont false
qt.text.font.db: Adding font: familyName "JetBrains Mono" stylename "Light" weight 300 style QFont::StyleNormal pixelSize 0 antialiased true fixed true colorFont false
qt.text.font.db: Adding font: familyName "Ubuntu Sans" stylename "Condensed Light Italic" weight 300 style QFont::StyleItalic pixelSize 0 antialiased true fixed false colorFont false
qt.text.font.db: Adding font: familyName "JetBrains Mono" stylename "Light" weight 300 style QFont::StyleNormal pixelSize 0 antialiased true fixed true colorFont false
qt.text.font.db: Adding font: familyName "JetBrains Mono Light" stylename "Regular" weight 300 style QFont::StyleNormal pixelSize 0 antialiased true fixed true colorFont false
qt.text.font.db: Adding font: familyName "Courier New" stylename "Regular" weight 400 style QFont::StyleNormal pixelSize 0 antialiased true fixed true colorFont false
qt.text.font.db: Adding font: familyName "Ubuntu Sans" stylename "Condensed Medium" weight 500 style QFont::StyleNormal pixelSize 0 antialiased true fixed false colorFont false
qt.text.font.db: Adding font: familyName "Noto Serif CJK SC" stylename "SemiBold" weight 600 style QFont::StyleNormal pixelSize 0 antialiased true fixed false colorFont false
qt.text.font.db: Adding font: familyName "Noto Serif CJK SC SemiBold" stylename "Regular" weight 600 style QFont::StyleNormal pixelSize 0 antialiased true fixed false colorFont false
qt.text.font.db: Adding font: familyName "Noto Serif Kannada" stylename "Bold" weight 700 style QFont::StyleNormal pixelSize 0 antialiased true fixed false colorFont false
qt.text.font.db: Adding font: familyName "Arial" stylename "Bold" weight 700 style QFont::StyleNormal pixelSize 0 antialiased true fixed false colorFont false
qt.text.font.db: Adding font: familyName "Noto Sans Thaana" stylename "Regular" weight 400 style QFont::StyleNormal pixelSize 0 antialiased true fixed false colorFont false
qt.text.font.db: Adding font: familyName "JetBrainsMono Nerd Font" stylename "Light" weight 300 style QFont::StyleNormal pixelSize 0 antialiased true fixed true colorFont false
qt.text.font.db: Adding font: familyName "JetBrainsMono NF" stylename "Regular" weight 300 style QFont::StyleNormal pixelSize 0 antialiased true fixed true colorFont false
qt.text.font.db: Registering alias "JetBrainsMono NF Light" to family "JetBrainsMono Nerd Font"
qt.text.font.db: Adding font: familyName "Nimbus Sans Narrow" stylename "Oblique" weight 400 style QFont::StyleOblique pixelSize 0 antialiased true fixed false colorFont false
qt.text.font.db: Adding font: familyName "Verdana" stylename "Bold Italic" weight 700 style QFont::StyleItalic pixelSize 0 antialiased true fixed false colorFont false
qt.text.font.db: Adding font: familyName "Noto Sans Masaram Gondi" stylename "Regular" weight 400 style QFont::StyleNormal pixelSize 0 antialiased true fixed false colorFont false
qt.text.font.db: Adding font: familyName "Noto Serif Gujarati" stylename "Regular" weight 400 style QFont::StyleNormal pixelSize 0 antialiased true fixed false colorFont false
qt.text.font.db: Adding font: familyName "JetBrains Mono" stylename "ExtraBold Italic" weight 800 style QFont::StyleItalic pixelSize 0 antialiased true fixed true colorFont false
qt.text.font.db: Adding font: familyName "JetBrains Mono ExtraBold" stylename "Italic" weight 800 style QFont::StyleItalic pixelSize 0 antialiased true fixed true colorFont false
qt.text.font.db: Adding font: familyName "JetBrains Mono NL" stylename "Thin Italic" weight 100 style QFont::StyleItalic pixelSize 0 antialiased true fixed true colorFont false
qt.text.font.db: Adding font: familyName "JetBrains Mono NL Thin" stylename "Italic" weight 100 style QFont::StyleItalic pixelSize 0 antialiased true fixed true colorFont false
qt.text.font.db: Adding font: familyName "JetBrainsMonoNL Nerd Font" stylename "Thin" weight 100 style QFont::StyleNormal pixelSize 0 antialiased true fixed true colorFont false
qt.text.font.db: Adding font: familyName "JetBrainsMonoNL NF" stylename "Regular" weight 100 style QFont::StyleNormal pixelSize 0 antialiased true fixed true colorFont false
qt.text.font.db: Registering alias "JetBrainsMonoNL NF Thin" to family "JetBrainsMonoNL Nerd Font"
qt.text.font.db: Adding font: familyName "JetBrains Mono" stylename "Regular" weight 400 style QFont::StyleNormal pixelSize 0 antialiased true fixed true colorFont false
qt.text.font.db: Adding font: familyName "Nimbus Mono PS" stylename "Italic" weight 400 style QFont::StyleItalic pixelSize 0 antialiased true fixed true colorFont false
qt.text.font.db: Adding font: familyName "C059" stylename "Italic" weight 400 style QFont::StyleItalic pixelSize 0 antialiased true fixed false colorFont false
qt.text.font.db: Adding font: familyName "Noto Sans Siddham" stylename "Regular" weight 400 style QFont::StyleNormal pixelSize 0 antialiased true fixed false colorFont false
qt.text.font.db: Adding font: familyName "DejaVu Sans Mono" stylename "Oblique" weight 400 style QFont::StyleOblique pixelSize 0 antialiased true fixed true colorFont false
qt.text.font.db: Adding font: familyName "Noto Sans Adlam" stylename "Regular" weight 400 style QFont::StyleNormal pixelSize 0 antialiased true fixed false colorFont false
qt.text.font.db: Adding font: familyName "Noto Sans Pau Cin Hau" stylename "Regular" weight 400 style QFont::StyleNormal pixelSize 0 antialiased true fixed false colorFont false
qt.text.font.db: Adding font: familyName "Nimbus Mono PS" stylename "Bold" weight 700 style QFont::StyleNormal pixelSize 0 antialiased true fixed true colorFont false
qt.text.font.db: Adding font: familyName "JetBrains Mono" stylename "Thin Italic" weight 100 style QFont::StyleItalic pixelSize 0 antialiased true fixed true colorFont false
qt.text.font.db: Adding font: familyName "JetBrains Mono Thin" stylename "Italic" weight 100 style QFont::StyleItalic pixelSize 0 antialiased true fixed true colorFont false
qt.text.font.db: Adding font: familyName "Noto Sans Newa" stylename "Regular" weight 400 style QFont::StyleNormal pixelSize 0 antialiased true fixed false colorFont false
qt.text.font.db: Adding font: familyName "C059" stylename "Bold" weight 700 style QFont::StyleNormal pixelSize 0 antialiased true fixed false colorFont false
qt.text.font.db: Adding font: familyName "AR PL UMing CN" stylename "Light" weight 300 style QFont::StyleNormal pixelSize 0 antialiased true fixed false colorFont false
qt.text.font.db: Adding font: familyName "URW Bookman" stylename "Demi Italic" weight 600 style QFont::StyleItalic pixelSize 0 antialiased true fixed false colorFont false
qt.text.font.db: Adding font: familyName "Ubuntu Sans" stylename "Regular" weight 400 style QFont::StyleNormal pixelSize 0 antialiased true fixed false colorFont false
qt.text.font.db: Adding font: familyName "Nimbus Mono PS" stylename "Regular" weight 400 style QFont::StyleNormal pixelSize 0 antialiased true fixed true colorFont false
qt.text.font.db: Adding font: familyName "Noto Serif Gujarati" stylename "Bold" weight 700 style QFont::StyleNormal pixelSize 0 antialiased true fixed false colorFont false
qt.text.font.db: Adding font: familyName "JetBrainsMono Nerd Font Mono" stylename "SemiBold" weight 600 style QFont::StyleNormal pixelSize 0 antialiased true fixed true colorFont false
qt.text.font.db: Adding font: familyName "JetBrainsMono NFM" stylename "Regular" weight 600 style QFont::StyleNormal pixelSize 0 antialiased true fixed true colorFont false
qt.text.font.db: Registering alias "JetBrainsMono NFM SemiBold" to family "JetBrainsMono Nerd Font Mono"
qt.text.font.db: Adding font: familyName "JetBrainsMono Nerd Font Propo" stylename "ExtraBold Italic" weight 800 style QFont::StyleItalic pixelSize 0 antialiased true fixed false colorFont false
qt.text.font.db: Adding font: familyName "JetBrainsMono NFP" stylename "Italic" weight 800 style QFont::StyleItalic pixelSize 0 antialiased true fixed false colorFont false
qt.text.font.db: Registering alias "JetBrainsMono NFP ExtraBold" to family "JetBrainsMono Nerd Font Propo"
qt.text.font.db: Adding font: familyName "JetBrainsMono Nerd Font Mono" stylename "Medium Italic" weight 500 style QFont::StyleItalic pixelSize 0 antialiased true fixed true colorFont false
qt.text.font.db: Adding font: familyName "JetBrainsMono NFM" stylename "Italic" weight 500 style QFont::StyleItalic pixelSize 0 antialiased true fixed true colorFont false
qt.text.font.db: Registering alias "JetBrainsMono NFM Medium" to family "JetBrainsMono Nerd Font Mono"
qt.text.font.db: Adding font: familyName "Noto Sans Arabic" stylename "Regular" weight 400 style QFont::StyleNormal pixelSize 0 antialiased true fixed false colorFont false
qt.text.font.db: Adding font: familyName "Noto Sans Bamum" stylename "Regular" weight 400 style QFont::StyleNormal pixelSize 0 antialiased true fixed false colorFont false
qt.text.font.db: Adding font: familyName "Comic Sans MS" stylename "Regular" weight 400 style QFont::StyleNormal pixelSize 0 antialiased true fixed false colorFont false
qt.text.font.db: Adding font: familyName "Nimbus Sans" stylename "Regular" weight 400 style QFont::StyleNormal pixelSize 0 antialiased true fixed false colorFont false
qt.text.font.db: Adding font: familyName "Noto Sans Sundanese" stylename "Bold" weight 700 style QFont::StyleNormal pixelSize 0 antialiased true fixed false colorFont false
qt.text.font.db: Adding font: familyName "Noto Sans Sogdian" stylename "Regular" weight 400 style QFont::StyleNormal pixelSize 0 antialiased true fixed false colorFont false
qt.text.font.db: Adding font: familyName "D050000L" stylename "Regular" weight 400 style QFont::StyleNormal pixelSize 0 antialiased true fixed false colorFont false
qt.text.font.db: Adding font: familyName "JetBrainsMonoNL Nerd Font Mono" stylename "Regular" weight 400 style QFont::StyleNormal pixelSize 0 antialiased true fixed true colorFont false
qt.text.font.db: Registering alias "JetBrainsMonoNL NFM" to family "JetBrainsMonoNL Nerd Font Mono"
qt.text.font.db: Adding font: familyName "Ubuntu Mono" stylename "Medium Italic" weight 500 style QFont::StyleItalic pixelSize 0 antialiased true fixed true colorFont false
qt.text.font.db: Adding font: familyName "Noto Sans CJK SC" stylename "DemiLight" weight 316 style QFont::StyleNormal pixelSize 0 antialiased true fixed false colorFont false
qt.text.font.db: Adding font: familyName "Noto Sans CJK SC DemiLight" stylename "Regular" weight 316 style QFont::StyleNormal pixelSize 0 antialiased true fixed false colorFont false
qt.text.font.db: Adding font: familyName "JetBrains Mono" stylename "SemiBold" weight 600 style QFont::StyleNormal pixelSize 0 antialiased true fixed true colorFont false
qt.text.font.db: Adding font: familyName "JetBrains Mono SemiBold" stylename "Regular" weight 600 style QFont::StyleNormal pixelSize 0 antialiased true fixed true colorFont false
qt.text.font.db: Adding font: familyName "JetBrains Mono" stylename "ExtraLight Italic" weight 200 style QFont::StyleItalic pixelSize 0 antialiased true fixed true colorFont false
qt.text.font.db: Adding font: familyName "JetBrains Mono ExtraLight" stylename "Italic" weight 200 style QFont::StyleItalic pixelSize 0 antialiased true fixed true colorFont false
qt.text.font.db: Adding font: familyName "Noto Sans Math" stylename "Regular" weight 400 style QFont::StyleNormal pixelSize 0 antialiased true fixed false colorFont false
qt.text.font.db: Adding font: familyName "Nimbus Roman" stylename "Regular" weight 400 style QFont::StyleNormal pixelSize 0 antialiased true fixed false colorFont false
qt.text.font.db: Adding font: familyName "Noto Sans Meetei Mayek" stylename "Regular" weight 400 style QFont::StyleNormal pixelSize 0 antialiased true fixed false colorFont false
qt.text.font.db: Adding font: familyName "P052" stylename "Bold" weight 700 style QFont::StyleNormal pixelSize 0 antialiased true fixed false colorFont false
qt.text.font.db: Adding font: familyName "Nimbus Mono PS" stylename "Bold" weight 700 style QFont::StyleNormal pixelSize 0 antialiased true fixed true colorFont false
qt.text.font.db: Adding font: familyName "Noto Sans Tifinagh" stylename "Regular" weight 400 style QFont::StyleNormal pixelSize 0 antialiased true fixed false colorFont false
qt.text.font.db: Adding font: familyName "Ubuntu" stylename "Light Italic" weight 300 style QFont::StyleItalic pixelSize 0 antialiased true fixed false colorFont false
qt.text.font.db: Adding font: familyName "Courier 10 Pitch" stylename "Bold Italic" weight 700 style QFont::StyleItalic pixelSize 0 antialiased true fixed true colorFont false
qt.text.font.db: Adding font: familyName "Liberation Sans" stylename "Italic" weight 400 style QFont::StyleItalic pixelSize 0 antialiased true fixed false colorFont false
qt.text.font.db: Adding font: familyName "JetBrainsMonoNL Nerd Font Propo" stylename "Light Italic" weight 300 style QFont::StyleItalic pixelSize 0 antialiased true fixed false colorFont false
qt.text.font.db: Adding font: familyName "JetBrainsMonoNL NFP" stylename "Italic" weight 300 style QFont::StyleItalic pixelSize 0 antialiased true fixed false colorFont false
qt.text.font.db: Registering alias "JetBrainsMonoNL NFP Light" to family "JetBrainsMonoNL Nerd Font Propo"
qt.text.font.db: Adding font: familyName "JetBrains Mono NL" stylename "ExtraLight" weight 200 style QFont::StyleNormal pixelSize 0 antialiased true fixed true colorFont false
qt.text.font.db: Adding font: familyName "JetBrains Mono NL ExtraLight" stylename "Regular" weight 200 style QFont::StyleNormal pixelSize 0 antialiased true fixed true colorFont false
qt.text.font.db: Adding font: familyName "C059" stylename "Roman" weight 500 style QFont::StyleNormal pixelSize 0 antialiased true fixed false colorFont false
qt.text.font.db: Adding font: familyName "AR PL UMing TW" stylename "Light" weight 300 style QFont::StyleNormal pixelSize 0 antialiased true fixed false colorFont false
qt.text.font.db: Adding font: familyName "Noto Serif Thai" stylename "Regular" weight 400 style QFont::StyleNormal pixelSize 0 antialiased true fixed false colorFont false
qt.text.font.db: Adding font: familyName "JetBrains Mono NL" stylename "Bold" weight 700 style QFont::StyleNormal pixelSize 0 antialiased true fixed true colorFont false
qt.text.font.db: Adding font: familyName "JetBrains Mono" stylename "Italic" weight 400 style QFont::StyleItalic pixelSize 0 antialiased true fixed true colorFont false
qt.text.font.db: Adding font: familyName "Ubuntu" stylename "Thin" weight 100 style QFont::StyleNormal pixelSize 0 antialiased true fixed false colorFont false
qt.text.font.db: Adding font: familyName "JetBrainsMonoNL Nerd Font Mono" stylename "Bold Italic" weight 700 style QFont::StyleItalic pixelSize 0 antialiased true fixed true colorFont false
qt.text.font.db: Registering alias "JetBrainsMonoNL NFM" to family "JetBrainsMonoNL Nerd Font Mono"
qt.text.font.db: Adding font: familyName "JetBrainsMono Nerd Font Propo" stylename "ExtraBold" weight 800 style QFont::StyleNormal pixelSize 0 antialiased true fixed false colorFont false
qt.text.font.db: Adding font: familyName "JetBrainsMono NFP" stylename "Regular" weight 800 style QFont::StyleNormal pixelSize 0 antialiased true fixed false colorFont false
qt.text.font.db: Registering alias "JetBrainsMono NFP ExtraBold" to family "JetBrainsMono Nerd Font Propo"
qt.text.font.db: Adding font: familyName "Noto Sans CJK JP" stylename "Bold" weight 700 style QFont::StyleNormal pixelSize 0 antialiased true fixed false colorFont false
qt.text.font.db: Adding font: familyName "Noto Sans Malayalam" stylename "Bold" weight 700 style QFont::StyleNormal pixelSize 0 antialiased true fixed false colorFont false
qt.text.font.db: Adding font: familyName "Noto Sans CJK KR" stylename "Bold" weight 700 style QFont::StyleNormal pixelSize 0 antialiased true fixed false colorFont false
qt.text.font.db: Adding font: familyName "Noto Sans Ogham" stylename "Regular" weight 400 style QFont::StyleNormal pixelSize 0 antialiased true fixed false colorFont false
qt.text.font.db: Adding font: familyName "Noto Sans CJK HK" stylename "Bold" weight 700 style QFont::StyleNormal pixelSize 0 antialiased true fixed false colorFont false
qt.text.font.db: Adding font: familyName "Noto Sans Old Sogdian" stylename "Regular" weight 400 style QFont::StyleNormal pixelSize 0 antialiased true fixed false colorFont false
qt.text.font.db: Adding font: familyName "Noto Sans Grantha" stylename "Regular" weight 400 style QFont::StyleNormal pixelSize 0 antialiased true fixed false colorFont false
qt.text.font.db: Adding font: familyName "Noto Sans Medefaidrin" stylename "Bold" weight 700 style QFont::StyleNormal pixelSize 0 antialiased true fixed false colorFont false
qt.text.font.db: Adding font: familyName "Ubuntu" stylename "Condensed Medium Italic" weight 500 style QFont::StyleItalic pixelSize 0 antialiased true fixed false colorFont false
qt.text.font.db: Adding font: familyName "JetBrains Mono" stylename "Thin" weight 100 style QFont::StyleNormal pixelSize 0 antialiased true fixed true colorFont false
qt.text.font.db: Adding font: familyName "JetBrains Mono Thin" stylename "Regular" weight 100 style QFont::StyleNormal pixelSize 0 antialiased true fixed true colorFont false
qt.text.font.db: Adding font: familyName "FreeMono" stylename "Bold Oblique" weight 700 style QFont::StyleOblique pixelSize 0 antialiased true fixed true colorFont false
qt.text.font.db: Adding font: familyName "Noto Sans CJK TC" stylename "DemiLight" weight 316 style QFont::StyleNormal pixelSize 0 antialiased true fixed false colorFont false
qt.text.font.db: Adding font: familyName "Noto Sans CJK TC DemiLight" stylename "Regular" weight 316 style QFont::StyleNormal pixelSize 0 antialiased true fixed false colorFont false
qt.text.font.db: Adding font: familyName "Noto Sans Indic Siyaq Numbers" stylename "Regular" weight 400 style QFont::StyleNormal pixelSize 0 antialiased true fixed false colorFont false
qt.text.font.db: Adding font: familyName "JetBrainsMonoNL Nerd Font" stylename "Italic" weight 400 style QFont::StyleItalic pixelSize 0 antialiased true fixed true colorFont false
qt.text.font.db: Registering alias "JetBrainsMonoNL NF" to family "JetBrainsMonoNL Nerd Font"
qt.text.font.db: Adding font: familyName "Ubuntu Sans" stylename "Condensed ExtraLight" weight 200 style QFont::StyleNormal pixelSize 0 antialiased true fixed false colorFont false
qt.text.font.db: Adding font: familyName "Noto Sans Khudawadi" stylename "Regular" weight 400 style QFont::StyleNormal pixelSize 0 antialiased true fixed false colorFont false
qt.text.font.db: Adding font: familyName "Noto Sans Tifinagh Azawagh" stylename "Regular" weight 400 style QFont::StyleNormal pixelSize 0 antialiased true fixed false colorFont false
qt.text.font.db: Adding font: familyName "Nimbus Mono PS" stylename "Bold Italic" weight 700 style QFont::StyleItalic pixelSize 0 antialiased true fixed true colorFont false
qt.text.font.db: Adding font: familyName "Arial" stylename "Bold Italic" weight 700 style QFont::StyleItalic pixelSize 0 antialiased true fixed false colorFont false
qt.text.font.db: Adding font: familyName "Ubuntu" stylename "Condensed" weight 400 style QFont::StyleNormal pixelSize 0 antialiased true fixed false colorFont false
qt.text.font.db: Adding font: familyName "Noto Sans Rejang" stylename "Regular" weight 400 style QFont::StyleNormal pixelSize 0 antialiased true fixed false colorFont false
qt.text.font.db: Adding font: familyName "JetBrainsMono Nerd Font Propo" stylename "Italic" weight 400 style QFont::StyleItalic pixelSize 0 antialiased true fixed false colorFont false
qt.text.font.db: Registering alias "JetBrainsMono NFP" to family "JetBrainsMono Nerd Font Propo"
qt.text.font.db: Adding font: familyName "Noto Serif Myanmar" stylename "Bold" weight 400 style QFont::StyleNormal pixelSize 0 antialiased true fixed false colorFont false
qt.text.font.db: Adding font: familyName "Nimbus Roman" stylename "Bold" weight 700 style QFont::StyleNormal pixelSize 0 antialiased true fixed false colorFont false
qt.text.font.db: Adding font: familyName "Ubuntu Sans" stylename "SemiBold" weight 600 style QFont::StyleNormal pixelSize 0 antialiased true fixed false colorFont false
qt.text.font.db: Adding font: familyName "JetBrains Mono NL" stylename "ExtraBold Italic" weight 800 style QFont::StyleItalic pixelSize 0 antialiased true fixed true colorFont false
qt.text.font.db: Adding font: familyName "JetBrains Mono NL ExtraBold" stylename "Italic" weight 800 style QFont::StyleItalic pixelSize 0 antialiased true fixed true colorFont false
qt.text.font.db: Adding font: familyName "JetBrainsMonoNL Nerd Font Propo" stylename "ExtraBold" weight 800 style QFont::StyleNormal pixelSize 0 antialiased true fixed false colorFont false
qt.text.font.db: Adding font: familyName "JetBrainsMonoNL NFP" stylename "Regular" weight 800 style QFont::StyleNormal pixelSize 0 antialiased true fixed false colorFont false
qt.text.font.db: Registering alias "JetBrainsMonoNL NFP ExtraBold" to family "JetBrainsMonoNL Nerd Font Propo"
qt.text.font.db: Adding font: familyName "Noto Sans Egyptian Hieroglyphs" stylename "Regular" weight 400 style QFont::StyleNormal pixelSize 0 antialiased true fixed false colorFont false
qt.text.font.db: Registering alias "Noto Sans EgyptHiero" to family "Noto Sans Egyptian Hieroglyphs"
qt.text.font.db: Adding font: familyName "Noto Sans Marchen" stylename "Regular" weight 400 style QFont::StyleNormal pixelSize 0 antialiased true fixed false colorFont false
qt.text.font.db: Adding font: familyName "JetBrains Mono NL" stylename "Light Italic" weight 300 style QFont::StyleItalic pixelSize 0 antialiased true fixed true colorFont false
qt.text.font.db: Adding font: familyName "JetBrains Mono NL Light" stylename "Italic" weight 300 style QFont::StyleItalic pixelSize 0 antialiased true fixed true colorFont false
qt.text.font.db: Adding font: familyName "JetBrainsMono Nerd Font Mono" stylename "Bold Italic" weight 700 style QFont::StyleItalic pixelSize 0 antialiased true fixed true colorFont false
qt.text.font.db: Registering alias "JetBrainsMono NFM" to family "JetBrainsMono Nerd Font Mono"
qt.text.font.db: Adding font: familyName "Noto Sans Manichaean" stylename "Regular" weight 400 style QFont::StyleNormal pixelSize 0 antialiased true fixed false colorFont false
qt.text.font.db: Adding font: familyName "P052" stylename "Italic" weight 400 style QFont::StyleItalic pixelSize 0 antialiased true fixed false colorFont false
qt.text.font.db: Adding font: familyName "Trebuchet MS" stylename "Regular" weight 400 style QFont::StyleNormal pixelSize 0 antialiased true fixed false colorFont false
qt.text.font.db: Adding font: familyName "Nimbus Mono PS" stylename "Bold Italic" weight 700 style QFont::StyleItalic pixelSize 0 antialiased true fixed true colorFont false
qt.text.font.db: Adding font: familyName "Noto Sans Cypriot" stylename "Regular" weight 400 style QFont::StyleNormal pixelSize 0 antialiased true fixed false colorFont false
qt.text.font.db: Adding font: familyName "Noto Sans NKo" stylename "Regular" weight 400 style QFont::StyleNormal pixelSize 0 antialiased true fixed false colorFont false
qt.text.font.db: Adding font: familyName "Ubuntu Sans Mono" stylename "Regular" weight 400 style QFont::StyleNormal pixelSize 0 antialiased true fixed true colorFont false
qt.text.font.db: Adding font: familyName "Noto Sans CJK TC" stylename "Bold" weight 700 style QFont::StyleNormal pixelSize 0 antialiased true fixed false colorFont false
qt.text.font.db: Adding font: familyName "Ubuntu Mono" stylename "Regular" weight 400 style QFont::StyleNormal pixelSize 0 antialiased true fixed true colorFont false
qt.text.font.db: Adding font: familyName "Noto Sans Thaana" stylename "Bold" weight 700 style QFont::StyleNormal pixelSize 0 antialiased true fixed false colorFont false
qt.text.font.db: Adding font: familyName "Ubuntu Sans" stylename "SemiBold Italic" weight 600 style QFont::StyleItalic pixelSize 0 antialiased true fixed false colorFont false
qt.text.font.db: Adding font: familyName "URW Bookman" stylename "Demi" weight 600 style QFont::StyleNormal pixelSize 0 antialiased true fixed false colorFont false
qt.text.font.db: Adding font: familyName "JetBrains Mono" stylename "ExtraBold" weight 800 style QFont::StyleNormal pixelSize 0 antialiased true fixed true colorFont false
qt.text.font.db: Adding font: familyName "Noto Sans Bhaiksuki" stylename "Regular" weight 400 style QFont::StyleNormal pixelSize 0 antialiased true fixed false colorFont false
qt.text.font.db: Adding font: familyName "Noto Sans Tirhuta" stylename "Regular" weight 400 style QFont::StyleNormal pixelSize 0 antialiased true fixed false colorFont false
qt.text.font.db: Adding font: familyName "Noto Sans Mono" stylename "Bold" weight 700 style QFont::StyleNormal pixelSize 0 antialiased true fixed false colorFont false
qt.text.font.db: Adding font: familyName "JetBrains Mono" stylename "ExtraLight Italic" weight 200 style QFont::StyleItalic pixelSize 0 antialiased true fixed true colorFont false
qt.text.font.db: Adding font: familyName "JetBrains Mono ExtraLight" stylename "Italic" weight 200 style QFont::StyleItalic pixelSize 0 antialiased true fixed true colorFont false
qt.text.font.db: Adding font: familyName "Noto Sans CJK SC" stylename "Bold" weight 700 style QFont::StyleNormal pixelSize 0 antialiased true fixed false colorFont false
qt.text.font.db: Adding font: familyName "Noto Sans Display" stylename "Bold" weight 700 style QFont::StyleNormal pixelSize 0 antialiased true fixed false colorFont false
qt.text.font.db: Adding font: familyName "Noto Sans Ugaritic" stylename "Regular" weight 400 style QFont::StyleNormal pixelSize 0 antialiased true fixed false colorFont false
qt.text.font.db: Adding font: familyName "Noto Sans Display" stylename "Bold Italic" weight 700 style QFont::StyleItalic pixelSize 0 antialiased true fixed false colorFont false
qt.text.font.db: Adding font: familyName "Noto Serif Tamil" stylename "Bold" weight 700 style QFont::StyleNormal pixelSize 0 antialiased true fixed false colorFont false
qt.text.font.db: Adding font: familyName "Noto Looped Lao" stylename "Regular" weight 400 style QFont::StyleNormal pixelSize 0 antialiased true fixed false colorFont false
qt.text.font.db: Registering alias "Noto Looped Lao Regular" to family "Noto Looped Lao"
qt.text.font.db: Adding font: familyName "JetBrainsMonoNL Nerd Font" stylename "SemiBold Italic" weight 600 style QFont::StyleItalic pixelSize 0 antialiased true fixed true colorFont false
qt.text.font.db: Adding font: familyName "JetBrainsMonoNL NF" stylename "Italic" weight 600 style QFont::StyleItalic pixelSize 0 antialiased true fixed true colorFont false
qt.text.font.db: Registering alias "JetBrainsMonoNL NF SemiBold" to family "JetBrainsMonoNL Nerd Font"
qt.text.font.db: Adding font: familyName "Ubuntu Sans Mono" stylename "Medium" weight 500 style QFont::StyleNormal pixelSize 0 antialiased true fixed true colorFont false
qt.text.font.db: Adding font: familyName "JetBrains Mono NL" stylename "Bold" weight 700 style QFont::StyleNormal pixelSize 0 antialiased true fixed true colorFont false
qt.text.font.db: Adding font: familyName "Noto Serif CJK JP" stylename "SemiBold" weight 600 style QFont::StyleNormal pixelSize 0 antialiased true fixed false colorFont false
qt.text.font.db: Adding font: familyName "Noto Serif CJK JP SemiBold" stylename "Regular" weight 600 style QFont::StyleNormal pixelSize 0 antialiased true fixed false colorFont false
qt.text.font.db: Adding font: familyName "Liberation Mono" stylename "Bold" weight 700 style QFont::StyleNormal pixelSize 0 antialiased true fixed true colorFont false
qt.text.font.db: Adding font: familyName "Liberation Serif" stylename "Bold Italic" weight 700 style QFont::StyleItalic pixelSize 0 antialiased true fixed false colorFont false
qt.text.font.db: Adding font: familyName "Noto Sans Inscriptional Parthian" stylename "Regular" weight 400 style QFont::StyleNormal pixelSize 0 antialiased true fixed false colorFont false
qt.text.font.db: Registering alias "Noto Sans InsParthi" to family "Noto Sans Inscriptional Parthian"
qt.text.font.db: Adding font: familyName "JetBrainsMono Nerd Font" stylename "ExtraBold Italic" weight 800 style QFont::StyleItalic pixelSize 0 antialiased true fixed true colorFont false
qt.text.font.db: Adding font: familyName "JetBrainsMono NF" stylename "Italic" weight 800 style QFont::StyleItalic pixelSize 0 antialiased true fixed true colorFont false
qt.text.font.db: Registering alias "JetBrainsMono NF ExtraBold" to family "JetBrainsMono Nerd Font"
qt.text.font.db: Adding font: familyName "Noto Sans Hanifi Rohingya" stylename "Bold" weight 700 style QFont::StyleNormal pixelSize 0 antialiased true fixed false colorFont false
qt.text.font.db: Adding font: familyName "Noto Serif CJK JP" stylename "Medium" weight 500 style QFont::StyleNormal pixelSize 0 antialiased true fixed false colorFont false
qt.text.font.db: Adding font: familyName "Noto Serif CJK JP Medium" stylename "Regular" weight 500 style QFont::StyleNormal pixelSize 0 antialiased true fixed false colorFont false
qt.text.font.db: Adding font: familyName "Noto Sans CJK SC" stylename "Medium" weight 500 style QFont::StyleNormal pixelSize 0 antialiased true fixed false colorFont false
qt.text.font.db: Adding font: familyName "Noto Sans CJK SC Medium" stylename "Regular" weight 500 style QFont::StyleNormal pixelSize 0 antialiased true fixed false colorFont false
qt.text.font.db: Adding font: familyName "Noto Sans New Tai Lue" stylename "Regular" weight 400 style QFont::StyleNormal pixelSize 0 antialiased true fixed false colorFont false
qt.text.font.db: Adding font: familyName "P052" stylename "Bold Italic" weight 700 style QFont::StyleItalic pixelSize 0 antialiased true fixed false colorFont false
qt.text.font.db: Adding font: familyName "Ubuntu Sans" stylename "Medium" weight 500 style QFont::StyleNormal pixelSize 0 antialiased true fixed false colorFont false
qt.text.font.db: Adding font: familyName "Nimbus Sans" stylename "Bold" weight 700 style QFont::StyleNormal pixelSize 0 antialiased true fixed false colorFont false
qt.text.font.db: Adding font: familyName "Noto Sans Kaithi" stylename "Regular" weight 400 style QFont::StyleNormal pixelSize 0 antialiased true fixed false colorFont false
qt.text.font.db: Adding font: familyName "JetBrains Mono" stylename "SemiBold Italic" weight 600 style QFont::StyleItalic pixelSize 0 antialiased true fixed true colorFont false
qt.text.font.db: Adding font: familyName "JetBrainsMonoNL Nerd Font Mono" stylename "SemiBold" weight 600 style QFont::StyleNormal pixelSize 0 antialiased true fixed true colorFont false
qt.text.font.db: Adding font: familyName "JetBrainsMonoNL NFM" stylename "Regular" weight 600 style QFont::StyleNormal pixelSize 0 antialiased true fixed true colorFont false
qt.text.font.db: Registering alias "JetBrainsMonoNL NFM SemiBold" to family "JetBrainsMonoNL Nerd Font Mono"
qt.text.font.db: Adding font: familyName "Z003" stylename "Medium Italic" weight 500 style QFont::StyleItalic pixelSize 0 antialiased true fixed false colorFont false
qt.text.font.db: Adding font: familyName "Times New Roman" stylename "Italic" weight 400 style QFont::StyleItalic pixelSize 0 antialiased true fixed false colorFont false
qt.text.font.db: Adding font: familyName "Nimbus Roman" stylename "Italic" weight 400 style QFont::StyleItalic pixelSize 0 antialiased true fixed false colorFont false
qt.text.font.db: Adding font: familyName "JetBrainsMonoNL Nerd Font Propo" stylename "Thin Italic" weight 100 style QFont::StyleItalic pixelSize 0 antialiased true fixed false colorFont false
qt.text.font.db: Adding font: familyName "JetBrainsMonoNL NFP" stylename "Italic" weight 100 style QFont::StyleItalic pixelSize 0 antialiased true fixed false colorFont false
qt.text.font.db: Registering alias "JetBrainsMonoNL NFP Thin" to family "JetBrainsMonoNL Nerd Font Propo"
qt.text.font.db: Adding font: familyName "Noto Sans Tamil" stylename "Regular" weight 400 style QFont::StyleNormal pixelSize 0 antialiased true fixed false colorFont false
qt.text.font.db: Adding font: familyName "Noto Sans Symbols" stylename "Bold" weight 700 style QFont::StyleNormal pixelSize 0 antialiased true fixed false colorFont false
qt.text.font.db: Adding font: familyName "Noto Sans Soyombo" stylename "Regular" weight 400 style QFont::StyleNormal pixelSize 0 antialiased true fixed false colorFont false
qt.text.font.db: Adding font: familyName "Noto Sans CJK JP" stylename "Black" weight 900 style QFont::StyleNormal pixelSize 0 antialiased true fixed false colorFont false
qt.text.font.db: Adding font: familyName "Noto Sans CJK JP Black" stylename "Regular" weight 900 style QFont::StyleNormal pixelSize 0 antialiased true fixed false colorFont false
qt.text.font.db: Adding font: familyName "Noto Sans Kannada" stylename "Bold" weight 700 style QFont::StyleNormal pixelSize 0 antialiased true fixed false colorFont false
qt.text.font.db: Adding font: familyName "JetBrainsMonoNL Nerd Font Mono" stylename "Thin" weight 100 style QFont::StyleNormal pixelSize 0 antialiased true fixed true colorFont false
qt.text.font.db: Adding font: familyName "JetBrainsMonoNL NFM" stylename "Regular" weight 100 style QFont::StyleNormal pixelSize 0 antialiased true fixed true colorFont false
qt.text.font.db: Registering alias "JetBrainsMonoNL NFM Thin" to family "JetBrainsMonoNL Nerd Font Mono"
qt.text.font.db: Adding font: familyName "Noto Sans Oriya" stylename "Bold" weight 700 style QFont::StyleNormal pixelSize 0 antialiased true fixed false colorFont false
qt.text.font.db: Adding font: familyName "JetBrains Mono" stylename "Light Italic" weight 300 style QFont::StyleItalic pixelSize 0 antialiased true fixed true colorFont false
qt.text.font.db: Adding font: familyName "JetBrains Mono Light" stylename "Italic" weight 300 style QFont::StyleItalic pixelSize 0 antialiased true fixed true colorFont false
qt.text.font.db: Adding font: familyName "Nimbus Roman" stylename "Regular" weight 400 style QFont::StyleNormal pixelSize 0 antialiased true fixed false colorFont false
qt.text.font.db: Adding font: familyName "Noto Serif Ethiopic" stylename "Regular" weight 400 style QFont::StyleNormal pixelSize 0 antialiased true fixed false colorFont false
qt.text.font.db: Adding font: familyName "JetBrainsMonoNL Nerd Font Propo" stylename "Light" weight 300 style QFont::StyleNormal pixelSize 0 antialiased true fixed false colorFont false
qt.text.font.db: Adding font: familyName "JetBrainsMonoNL NFP" stylename "Regular" weight 300 style QFont::StyleNormal pixelSize 0 antialiased true fixed false colorFont false
qt.text.font.db: Registering alias "JetBrainsMonoNL NFP Light" to family "JetBrainsMonoNL Nerd Font Propo"
qt.text.font.db: Adding font: familyName "JetBrains Mono" stylename "Bold" weight 700 style QFont::StyleNormal pixelSize 0 antialiased true fixed true colorFont false
qt.text.font.db: Adding font: familyName "Noto Serif Malayalam" stylename "Regular" weight 400 style QFont::StyleNormal pixelSize 0 antialiased true fixed false colorFont false
qt.text.font.db: Adding font: familyName "Comic Sans MS" stylename "Bold" weight 700 style QFont::StyleNormal pixelSize 0 antialiased true fixed false colorFont false
qt.text.font.db: Adding font: familyName "Noto Sans Imperial Aramaic" stylename "Regular" weight 400 style QFont::StyleNormal pixelSize 0 antialiased true fixed false colorFont false
qt.text.font.db: Registering alias "Noto Sans ImpAramaic" to family "Noto Sans Imperial Aramaic"
qt.text.font.db: Adding font: familyName "Ubuntu Sans" stylename "ExtraLight" weight 200 style QFont::StyleNormal pixelSize 0 antialiased true fixed false colorFont false
qt.text.font.db: Adding font: familyName "JetBrainsMono Nerd Font" stylename "Regular" weight 400 style QFont::StyleNormal pixelSize 0 antialiased true fixed true colorFont false
qt.text.font.db: Registering alias "JetBrainsMono NF" to family "JetBrainsMono Nerd Font"
qt.text.font.db: Adding font: familyName "JetBrainsMono Nerd Font" stylename "ExtraBold" weight 800 style QFont::StyleNormal pixelSize 0 antialiased true fixed true colorFont false
qt.text.font.db: Adding font: familyName "JetBrainsMono NF" stylename "Regular" weight 800 style QFont::StyleNormal pixelSize 0 antialiased true fixed true colorFont false
qt.text.font.db: Registering alias "JetBrainsMono NF ExtraBold" to family "JetBrainsMono Nerd Font"
qt.text.font.db: Adding font: familyName "Noto Sans Coptic" stylename "Regular" weight 400 style QFont::StyleNormal pixelSize 0 antialiased true fixed false colorFont false
qt.text.font.db: Adding font: familyName "JetBrainsMono Nerd Font Mono" stylename "Medium" weight 500 style QFont::StyleNormal pixelSize 0 antialiased true fixed true colorFont false
qt.text.font.db: Adding font: familyName "JetBrainsMono NFM" stylename "Regular" weight 500 style QFont::StyleNormal pixelSize 0 antialiased true fixed true colorFont false
qt.text.font.db: Registering alias "JetBrainsMono NFM Medium" to family "JetBrainsMono Nerd Font Mono"
qt.text.font.db: Adding font: familyName "JetBrains Mono" stylename "Bold Italic" weight 700 style QFont::StyleItalic pixelSize 0 antialiased true fixed true colorFont false
qt.text.font.db: Adding font: familyName "Ubuntu Sans" stylename "Light" weight 300 style QFont::StyleNormal pixelSize 0 antialiased true fixed false colorFont false
qt.text.font.db: Adding font: familyName "FreeSans" stylename "Bold Oblique" weight 600 style QFont::StyleOblique pixelSize 0 antialiased true fixed false colorFont false
qt.text.font.db: Adding font: familyName "Noto Sans Anatolian Hieroglyphs" stylename "Regular" weight 400 style QFont::StyleNormal pixelSize 0 antialiased true fixed false colorFont false
qt.text.font.db: Registering alias "Noto Sans AnatoHiero" to family "Noto Sans Anatolian Hieroglyphs"
qt.text.font.db: Adding font: familyName "Courier New" stylename "Regular" weight 400 style QFont::StyleNormal pixelSize 0 antialiased true fixed true colorFont false
qt.text.font.db: Adding font: familyName "Noto Sans Palmyrene" stylename "Regular" weight 400 style QFont::StyleNormal pixelSize 0 antialiased true fixed false colorFont false
qt.text.font.db: Adding font: familyName "Noto Serif Armenian" stylename "Bold" weight 700 style QFont::StyleNormal pixelSize 0 antialiased true fixed false colorFont false
qt.text.font.db: Adding font: familyName "Noto Serif CJK JP" stylename "Black" weight 900 style QFont::StyleNormal pixelSize 0 antialiased true fixed false colorFont false
qt.text.font.db: Adding font: familyName "Noto Serif CJK JP Black" stylename "Regular" weight 900 style QFont::StyleNormal pixelSize 0 antialiased true fixed false colorFont false
qt.text.font.db: Adding font: familyName "Ubuntu" stylename "Medium" weight 500 style QFont::StyleNormal pixelSize 0 antialiased true fixed false colorFont false
qt.text.font.db: Adding font: familyName "Courier New" stylename "Bold" weight 700 style QFont::StyleNormal pixelSize 0 antialiased true fixed true colorFont false
qt.text.font.db: Adding font: familyName "JetBrains Mono" stylename "Italic" weight 400 style QFont::StyleItalic pixelSize 0 antialiased true fixed true colorFont false
qt.text.font.db: Adding font: familyName "Noto Sans Sinhala" stylename "Bold" weight 700 style QFont::StyleNormal pixelSize 0 antialiased true fixed false colorFont false
qt.text.font.db: Adding font: familyName "Ubuntu" stylename "Condensed Bold Italic" weight 700 style QFont::StyleItalic pixelSize 0 antialiased true fixed false colorFont false
qt.text.font.db: Adding font: familyName "JetBrainsMono Nerd Font Propo" stylename "SemiBold Italic" weight 600 style QFont::StyleItalic pixelSize 0 antialiased true fixed false colorFont false
qt.text.font.db: Adding font: familyName "JetBrainsMono NFP" stylename "Italic" weight 600 style QFont::StyleItalic pixelSize 0 antialiased true fixed false colorFont false
qt.text.font.db: Registering alias "JetBrainsMono NFP SemiBold" to family "JetBrainsMono Nerd Font Propo"
qt.text.font.db: Adding font: familyName "JetBrains Mono" stylename "ExtraBold" weight 800 style QFont::StyleNormal pixelSize 0 antialiased true fixed true colorFont false
qt.text.font.db: Adding font: familyName "JetBrains Mono ExtraBold" stylename "Regular" weight 800 style QFont::StyleNormal pixelSize 0 antialiased true fixed true colorFont false
qt.text.font.db: Adding font: familyName "Georgia" stylename "Bold" weight 700 style QFont::StyleNormal pixelSize 0 antialiased true fixed false colorFont false
qt.text.font.db: Adding font: familyName "Ubuntu Sans Mono" stylename "Light" weight 300 style QFont::StyleNormal pixelSize 0 antialiased true fixed true colorFont false
qt.text.font.db: Adding font: familyName "Ubuntu" stylename "Condensed Thin" weight 100 style QFont::StyleNormal pixelSize 0 antialiased true fixed false colorFont false
qt.text.font.db: Adding font: familyName "JetBrainsMonoNL Nerd Font Propo" stylename "Bold Italic" weight 700 style QFont::StyleItalic pixelSize 0 antialiased true fixed false colorFont false
qt.text.font.db: Registering alias "JetBrainsMonoNL NFP" to family "JetBrainsMonoNL Nerd Font Propo"
qt.text.font.db: Adding font: familyName "Nimbus Sans" stylename "Italic" weight 400 style QFont::StyleItalic pixelSize 0 antialiased true fixed false colorFont false
qt.text.font.db: Adding font: familyName "Georgia" stylename "Bold Italic" weight 700 style QFont::StyleItalic pixelSize 0 antialiased true fixed false colorFont false
qt.text.font.db: Adding font: familyName "Noto Sans Sundanese" stylename "Regular" weight 400 style QFont::StyleNormal pixelSize 0 antialiased true fixed false colorFont false
qt.text.font.db: Adding font: familyName "Ubuntu Sans" stylename "Italic" weight 400 style QFont::StyleItalic pixelSize 0 antialiased true fixed false colorFont false
qt.text.font.db: Adding font: familyName "Noto Serif" stylename "Bold" weight 700 style QFont::StyleNormal pixelSize 0 antialiased true fixed false colorFont false
qt.text.font.db: Adding font: familyName "Trebuchet MS" stylename "Bold Italic" weight 700 style QFont::StyleItalic pixelSize 0 antialiased true fixed false colorFont false
qt.text.font.db: Adding font: familyName "Comic Sans MS" stylename "Regular" weight 400 style QFont::StyleNormal pixelSize 0 antialiased true fixed false colorFont false
qt.text.font.db: Adding font: familyName "Noto Sans Thai" stylename "Bold" weight 700 style QFont::StyleNormal pixelSize 0 antialiased true fixed false colorFont false
qt.text.font.db: Adding font: familyName "Liberation Mono" stylename "Bold Italic" weight 700 style QFont::StyleItalic pixelSize 0 antialiased true fixed true colorFont false
qt.text.font.db: Adding font: familyName "Nimbus Sans Narrow" stylename "Bold Oblique" weight 700 style QFont::StyleOblique pixelSize 0 antialiased true fixed false colorFont false
qt.text.font.db: Adding font: familyName "Standard Symbols PS" stylename "Regular" weight 400 style QFont::StyleNormal pixelSize 0 antialiased true fixed false colorFont false
qt.text.font.db: Adding font: familyName "JetBrains Mono" stylename "Medium" weight 500 style QFont::StyleNormal pixelSize 0 antialiased true fixed true colorFont false
qt.text.font.db: Adding font: familyName "JetBrains Mono Medium" stylename "Regular" weight 500 style QFont::StyleNormal pixelSize 0 antialiased true fixed true colorFont false
qt.text.font.db: Adding font: familyName "JetBrainsMonoNL Nerd Font Mono" stylename "ExtraLight" weight 200 style QFont::StyleNormal pixelSize 0 antialiased true fixed true colorFont false
qt.text.font.db: Adding font: familyName "JetBrainsMonoNL NFM" stylename "Regular" weight 200 style QFont::StyleNormal pixelSize 0 antialiased true fixed true colorFont false
qt.text.font.db: Registering alias "JetBrainsMonoNL NFM ExtraLight" to family "JetBrainsMonoNL Nerd Font Mono"
qt.text.font.db: Adding font: familyName "Noto Serif Display" stylename "Bold" weight 700 style QFont::StyleNormal pixelSize 0 antialiased true fixed false colorFont false
qt.text.font.db: Adding font: familyName "Bitstream Charter" stylename "Italic" weight 400 style QFont::StyleItalic pixelSize 0 antialiased true fixed false colorFont false
qt.text.font.db: Adding font: familyName "Noto Sans Tagbanwa" stylename "Regular" weight 400 style QFont::StyleNormal pixelSize 0 antialiased true fixed false colorFont false
qt.text.font.db: Adding font: familyName "URW Gothic" stylename "Book Oblique" weight 400 style QFont::StyleOblique pixelSize 0 antialiased true fixed false colorFont false
qt.text.font.db: Adding font: familyName "Noto Serif Grantha" stylename "Regular" weight 400 style QFont::StyleNormal pixelSize 0 antialiased true fixed false colorFont false
qt.text.font.db: Adding font: familyName "Trebuchet MS" stylename "Bold Italic" weight 700 style QFont::StyleItalic pixelSize 0 antialiased true fixed false colorFont false
qt.text.font.db: Adding font: familyName "Cantarell" stylename "Light" weight 300 style QFont::StyleNormal pixelSize 0 antialiased true fixed false colorFont false
qt.text.font.db: Adding font: familyName "JetBrains Mono" stylename "SemiBold Italic" weight 600 style QFont::StyleItalic pixelSize 0 antialiased true fixed true colorFont false
qt.text.font.db: Adding font: familyName "JetBrains Mono SemiBold" stylename "Italic" weight 600 style QFont::StyleItalic pixelSize 0 antialiased true fixed true colorFont false
qt.text.font.db: Adding font: familyName "Nimbus Sans" stylename "Regular" weight 400 style QFont::StyleNormal pixelSize 0 antialiased true fixed false colorFont false
qt.text.font.db: Adding font: familyName "JetBrains Mono" stylename "Thin Italic" weight 100 style QFont::StyleItalic pixelSize 0 antialiased true fixed true colorFont false
qt.text.font.db: Adding font: familyName "JetBrains Mono Thin" stylename "Italic" weight 100 style QFont::StyleItalic pixelSize 0 antialiased true fixed true colorFont false
qt.text.font.db: Adding font: familyName "JetBrainsMono Nerd Font" stylename "Italic" weight 400 style QFont::StyleItalic pixelSize 0 antialiased true fixed true colorFont false
qt.text.font.db: Registering alias "JetBrainsMono NF" to family "JetBrainsMono Nerd Font"
qt.text.font.db: Adding font: familyName "Nimbus Mono PS" stylename "Italic" weight 400 style QFont::StyleItalic pixelSize 0 antialiased true fixed true colorFont false
qt.text.font.db: Adding font: familyName "AR PL UKai HK" stylename "Book" weight 400 style QFont::StyleNormal pixelSize 0 antialiased true fixed false colorFont false
qt.text.font.db: Adding font: familyName "Arial" stylename "Italic" weight 400 style QFont::StyleItalic pixelSize 0 antialiased true fixed false colorFont false
qt.text.font.db: Adding font: familyName "Noto Naskh Arabic" stylename "Bold" weight 700 style QFont::StyleNormal pixelSize 0 antialiased true fixed false colorFont false
qt.text.font.db: Adding font: familyName "Noto Sans Sharada" stylename "Regular" weight 400 style QFont::StyleNormal pixelSize 0 antialiased true fixed false colorFont false
qt.text.font.db: Adding font: familyName "Noto Sans Devanagari" stylename "Bold" weight 700 style QFont::StyleNormal pixelSize 0 antialiased true fixed false colorFont false
qt.text.font.db: Adding font: familyName "Noto Sans CJK HK" stylename "Medium" weight 500 style QFont::StyleNormal pixelSize 0 antialiased true fixed false colorFont false
qt.text.font.db: Adding font: familyName "Noto Sans CJK HK Medium" stylename "Regular" weight 500 style QFont::StyleNormal pixelSize 0 antialiased true fixed false colorFont false
qt.text.font.db: Adding font: familyName "Verdana" stylename "Regular" weight 400 style QFont::StyleNormal pixelSize 0 antialiased true fixed false colorFont false
qt.text.font.db: Adding font: familyName "Noto Sans Old North Arabian" stylename "Regular" weight 400 style QFont::StyleNormal pixelSize 0 antialiased true fixed false colorFont false
qt.text.font.db: Registering alias "Noto Sans OldNorArab" to family "Noto Sans Old North Arabian"
qt.text.font.db: Adding font: familyName "Noto Serif Khojki" stylename "Regular" weight 400 style QFont::StyleNormal pixelSize 0 antialiased true fixed false colorFont false
qt.text.font.db: Adding font: familyName "Arial Black" stylename "Regular" weight 400 style QFont::StyleNormal pixelSize 0 antialiased true fixed false colorFont false
qt.text.font.db: Adding font: familyName "C059" stylename "Italic" weight 500 style QFont::StyleItalic pixelSize 0 antialiased true fixed false colorFont false
qt.text.font.db: Adding font: familyName "Nimbus Sans Narrow" stylename "Oblique" weight 400 style QFont::StyleOblique pixelSize 0 antialiased true fixed false colorFont false
qt.text.font.db: Adding font: familyName "Ubuntu" stylename "Medium Italic" weight 500 style QFont::StyleItalic pixelSize 0 antialiased true fixed false colorFont false
qt.text.font.db: Adding font: familyName "JetBrains Mono" stylename "Thin Italic" weight 100 style QFont::StyleItalic pixelSize 0 antialiased true fixed true colorFont false
qt.text.font.db: Adding font: familyName "JetBrains Mono Thin" stylename "Italic" weight 100 style QFont::StyleItalic pixelSize 0 antialiased true fixed true colorFont false
qt.text.font.db: Adding font: familyName "Ubuntu" stylename "Extra Bold Italic" weight 800 style QFont::StyleItalic pixelSize 0 antialiased true fixed false colorFont false
qt.text.font.db: Adding font: familyName "Bitstream Charter" stylename "Bold" weight 700 style QFont::StyleNormal pixelSize 0 antialiased true fixed false colorFont false
qt.text.font.db: Adding font: familyName "Ubuntu Sans Mono" stylename "SemiBold Italic" weight 600 style QFont::StyleItalic pixelSize 0 antialiased true fixed true colorFont false
qt.text.font.db: Adding font: familyName "Liberation Mono" stylename "Regular" weight 400 style QFont::StyleNormal pixelSize 0 antialiased true fixed true colorFont false
qt.text.font.db: Adding font: familyName "Nimbus Sans" stylename "Bold Italic" weight 700 style QFont::StyleItalic pixelSize 0 antialiased true fixed false colorFont false
qt.text.font.db: Adding font: familyName "Ubuntu Sans" stylename "Condensed ExtraBold Italic" weight 800 style QFont::StyleItalic pixelSize 0 antialiased true fixed false colorFont false
qt.text.font.db: Adding font: familyName "Noto Sans Mongolian" stylename "Regular" weight 400 style QFont::StyleNormal pixelSize 0 antialiased true fixed false colorFont false
qt.text.font.db: Adding font: familyName "JetBrainsMonoNL Nerd Font Mono" stylename "Thin Italic" weight 100 style QFont::StyleItalic pixelSize 0 antialiased true fixed true colorFont false
qt.text.font.db: Adding font: familyName "JetBrainsMonoNL NFM" stylename "Italic" weight 100 style QFont::StyleItalic pixelSize 0 antialiased true fixed true colorFont false
qt.text.font.db: Registering alias "JetBrainsMonoNL NFM Thin" to family "JetBrainsMonoNL Nerd Font Mono"
qt.text.font.db: Adding font: familyName "Noto Sans Mandaic" stylename "Regular" weight 400 style QFont::StyleNormal pixelSize 0 antialiased true fixed false colorFont false
qt.text.font.db: Adding font: familyName "Arial" stylename "Regular" weight 400 style QFont::StyleNormal pixelSize 0 antialiased true fixed false colorFont false
qt.text.font.db: Adding font: familyName "Noto Sans Old Persian" stylename "Regular" weight 400 style QFont::StyleNormal pixelSize 0 antialiased true fixed false colorFont false
qt.text.font.db: Adding font: familyName "Noto Serif Khojki" stylename "Bold" weight 700 style QFont::StyleNormal pixelSize 0 antialiased true fixed false colorFont false
qt.text.font.db: Adding font: familyName "Noto Serif Hmong Nyiakeng" stylename "Bold" weight 700 style QFont::StyleNormal pixelSize 0 antialiased true fixed false colorFont false
qt.text.font.db: Adding font: familyName "JetBrainsMono Nerd Font Propo" stylename "Thin Italic" weight 100 style QFont::StyleItalic pixelSize 0 antialiased true fixed false colorFont false
qt.text.font.db: Adding font: familyName "JetBrainsMono NFP" stylename "Italic" weight 100 style QFont::StyleItalic pixelSize 0 antialiased true fixed false colorFont false
qt.text.font.db: Registering alias "JetBrainsMono NFP Thin" to family "JetBrainsMono Nerd Font Propo"
qt.text.font.db: Adding font: familyName "Bitstream Charter" stylename "Regular" weight 400 style QFont::StyleNormal pixelSize 0 antialiased true fixed false colorFont false
qt.text.font.db: Adding font: familyName "Noto Serif CJK JP" stylename "ExtraLight" weight 200 style QFont::StyleNormal pixelSize 0 antialiased true fixed false colorFont false
qt.text.font.db: Adding font: familyName "Noto Serif CJK JP ExtraLight" stylename "Regular" weight 200 style QFont::StyleNormal pixelSize 0 antialiased true fixed false colorFont false
qt.text.font.db: Adding font: familyName "Noto Serif CJK JP" stylename "Light" weight 300 style QFont::StyleNormal pixelSize 0 antialiased true fixed false colorFont false
qt.text.font.db: Adding font: familyName "Noto Serif CJK JP Light" stylename "Regular" weight 300 style QFont::StyleNormal pixelSize 0 antialiased true fixed false colorFont false
qt.text.font.db: Adding font: familyName "JetBrainsMonoNL Nerd Font" stylename "Medium" weight 500 style QFont::StyleNormal pixelSize 0 antialiased true fixed true colorFont false
qt.text.font.db: Adding font: familyName "JetBrainsMonoNL NF" stylename "Regular" weight 500 style QFont::StyleNormal pixelSize 0 antialiased true fixed true colorFont false
qt.text.font.db: Registering alias "JetBrainsMonoNL NF Medium" to family "JetBrainsMonoNL Nerd Font"
qt.text.font.db: Adding font: familyName "JetBrains Mono" stylename "ExtraLight" weight 200 style QFont::StyleNormal pixelSize 0 antialiased true fixed true colorFont false
qt.text.font.db: Adding font: familyName "P052" stylename "Bold Italic" weight 700 style QFont::StyleItalic pixelSize 0 antialiased true fixed false colorFont false
qt.text.font.db: Adding font: familyName "JetBrains Mono NL" stylename "Bold Italic" weight 700 style QFont::StyleItalic pixelSize 0 antialiased true fixed true colorFont false
qt.text.font.db: Adding font: familyName "JetBrains Mono" stylename "Medium" weight 500 style QFont::StyleNormal pixelSize 0 antialiased true fixed true colorFont false
qt.text.font.db: Adding font: familyName "JetBrains Mono Medium" stylename "Regular" weight 500 style QFont::StyleNormal pixelSize 0 antialiased true fixed true colorFont false
qt.text.font.db: Adding font: familyName "JetBrains Mono" stylename "Bold Italic" weight 700 style QFont::StyleItalic pixelSize 0 antialiased true fixed true colorFont false
qt.text.font.db: Adding font: familyName "Noto Sans Symbols2" stylename "Regular" weight 400 style QFont::StyleNormal pixelSize 0 antialiased true fixed false colorFont false
qt.text.font.db: Adding font: familyName "JetBrains Mono" stylename "ExtraBold Italic" weight 800 style QFont::StyleItalic pixelSize 0 antialiased true fixed true colorFont false
qt.text.font.db: Adding font: familyName "JetBrains Mono ExtraBold" stylename "Italic" weight 800 style QFont::StyleItalic pixelSize 0 antialiased true fixed true colorFont false
qt.text.font.db: Adding font: familyName "Noto Sans Thai" stylename "Regular" weight 400 style QFont::StyleNormal pixelSize 0 antialiased true fixed false colorFont false
qt.text.font.db: Adding font: familyName "Noto Sans Buginese" stylename "Regular" weight 400 style QFont::StyleNormal pixelSize 0 antialiased true fixed false colorFont false
qt.text.font.db: Adding font: familyName "JetBrains Mono" stylename "Italic" weight 400 style QFont::StyleItalic pixelSize 0 antialiased true fixed true colorFont false
qt.text.font.db: Adding font: familyName "FreeSerif" stylename "Bold Italic" weight 700 style QFont::StyleItalic pixelSize 0 antialiased true fixed false colorFont false
qt.text.font.db: Adding font: familyName "URW Bookman" stylename "Demi" weight 600 style QFont::StyleNormal pixelSize 0 antialiased true fixed false colorFont false
qt.text.font.db: Adding font: familyName "JetBrainsMonoNL Nerd Font Propo" stylename "SemiBold Italic" weight 600 style QFont::StyleItalic pixelSize 0 antialiased true fixed false colorFont false
qt.text.font.db: Adding font: familyName "JetBrainsMonoNL NFP" stylename "Italic" weight 600 style QFont::StyleItalic pixelSize 0 antialiased true fixed false colorFont false
qt.text.font.db: Registering alias "JetBrainsMonoNL NFP SemiBold" to family "JetBrainsMonoNL Nerd Font Propo"
qt.text.font.db: Adding font: familyName "Noto Naskh Arabic" stylename "Regular" weight 400 style QFont::StyleNormal pixelSize 0 antialiased true fixed false colorFont false
qt.text.font.db: Adding font: familyName "Courier 10 Pitch" stylename "Italic" weight 400 style QFont::StyleItalic pixelSize 0 antialiased true fixed true colorFont false
qt.text.font.db: Adding font: familyName "P052" stylename "Roman" weight 500 style QFont::StyleNormal pixelSize 0 antialiased true fixed false colorFont false
qt.text.font.db: Adding font: familyName "Standard Symbols PS" stylename "Regular" weight 400 style QFont::StyleNormal pixelSize 0 antialiased true fixed false colorFont false
qt.text.font.db: Adding font: familyName "Noto Sans Chakma" stylename "Regular" weight 400 style QFont::StyleNormal pixelSize 0 antialiased true fixed false colorFont false
qt.text.font.db: Adding font: familyName "FreeSans" stylename "Bold" weight 600 style QFont::StyleNormal pixelSize 0 antialiased true fixed false colorFont false
qt.text.font.db: Adding font: familyName "FreeSerif" stylename "Bold" weight 700 style QFont::StyleNormal pixelSize 0 antialiased true fixed false colorFont false
qt.text.font.db: Adding font: familyName "FreeMono" stylename "Regular" weight 400 style QFont::StyleNormal pixelSize 0 antialiased true fixed true colorFont false
qt.text.font.db: Adding font: familyName "Nimbus Mono PS" stylename "Bold Italic" weight 700 style QFont::StyleItalic pixelSize 0 antialiased true fixed true colorFont false
qt.text.font.db: Adding font: familyName "FreeSerif" stylename "Regular" weight 400 style QFont::StyleNormal pixelSize 0 antialiased true fixed false colorFont false
qt.text.font.db: Adding font: familyName "Noto Sans" stylename "Regular" weight 400 style QFont::StyleNormal pixelSize 0 antialiased true fixed false colorFont false
qt.text.font.db: Adding font: familyName "Nimbus Sans Narrow" stylename "Bold" weight 700 style QFont::StyleNormal pixelSize 0 antialiased true fixed false colorFont false
qt.text.font.db: Adding font: familyName "JetBrains Mono" stylename "Thin" weight 100 style QFont::StyleNormal pixelSize 0 antialiased true fixed true colorFont false
qt.text.font.db: Adding font: familyName "JetBrains Mono Thin" stylename "Regular" weight 100 style QFont::StyleNormal pixelSize 0 antialiased true fixed true colorFont false
qt.text.font.db: Adding font: familyName "Times New Roman" stylename "Bold Italic" weight 700 style QFont::StyleItalic pixelSize 0 antialiased true fixed false colorFont false
qt.text.font.db: Adding font: familyName "Noto Sans Meroitic" stylename "Regular" weight 400 style QFont::StyleNormal pixelSize 0 antialiased true fixed false colorFont false
qt.text.font.db: Adding font: familyName "JetBrains Mono" stylename "ExtraBold Italic" weight 800 style QFont::StyleItalic pixelSize 0 antialiased true fixed true colorFont false
qt.text.font.db: Adding font: familyName "JetBrains Mono ExtraBold" stylename "Italic" weight 800 style QFont::StyleItalic pixelSize 0 antialiased true fixed true colorFont false
qt.text.font.db: Adding font: familyName "Noto Serif Khmer" stylename "Regular" weight 400 style QFont::StyleNormal pixelSize 0 antialiased true fixed false colorFont false
qt.text.font.db: Adding font: familyName "Times New Roman" stylename "Bold" weight 700 style QFont::StyleNormal pixelSize 0 antialiased true fixed false colorFont false
qt.text.font.db: Adding font: familyName "Nimbus Sans Narrow" stylename "Bold" weight 700 style QFont::StyleNormal pixelSize 0 antialiased true fixed false colorFont false
qt.text.font.db: Adding font: familyName "C059" stylename "Bold" weight 700 style QFont::StyleNormal pixelSize 0 antialiased true fixed false colorFont false
qt.text.font.db: Adding font: familyName "Noto Serif CJK KR" stylename "Medium" weight 500 style QFont::StyleNormal pixelSize 0 antialiased true fixed false colorFont false
qt.text.font.db: Adding font: familyName "Noto Serif CJK KR Medium" stylename "Regular" weight 500 style QFont::StyleNormal pixelSize 0 antialiased true fixed false colorFont false
qt.text.font.db: Adding font: familyName "JetBrains Mono NL" stylename "Thin" weight 100 style QFont::StyleNormal pixelSize 0 antialiased true fixed true colorFont false
qt.text.font.db: Adding font: familyName "JetBrains Mono NL Thin" stylename "Regular" weight 100 style QFont::StyleNormal pixelSize 0 antialiased true fixed true colorFont false
qt.text.font.db: Adding font: familyName "JetBrainsMonoNL Nerd Font Mono" stylename "ExtraBold Italic" weight 800 style QFont::StyleItalic pixelSize 0 antialiased true fixed true colorFont false
qt.text.font.db: Adding font: familyName "JetBrainsMonoNL NFM" stylename "Italic" weight 800 style QFont::StyleItalic pixelSize 0 antialiased true fixed true colorFont false
qt.text.font.db: Registering alias "JetBrainsMonoNL NFM ExtraBold" to family "JetBrainsMonoNL Nerd Font Mono"
qt.text.font.db: Adding font: familyName "Noto Serif Telugu" stylename "Regular" weight 400 style QFont::StyleNormal pixelSize 0 antialiased true fixed false colorFont false
qt.text.font.db: Adding font: familyName "JetBrains Mono NL" stylename "ExtraLight Italic" weight 200 style QFont::StyleItalic pixelSize 0 antialiased true fixed true colorFont false
qt.text.font.db: Adding font: familyName "JetBrains Mono NL ExtraLight" stylename "Italic" weight 200 style QFont::StyleItalic pixelSize 0 antialiased true fixed true colorFont false
qt.text.font.db: Adding font: familyName "Noto Sans Javanese" stylename "Regular" weight 400 style QFont::StyleNormal pixelSize 0 antialiased true fixed false colorFont false
qt.text.font.db: Adding font: familyName "Noto Serif CJK HK" stylename "SemiBold" weight 600 style QFont::StyleNormal pixelSize 0 antialiased true fixed false colorFont false
qt.text.font.db: Adding font: familyName "Noto Serif CJK HK SemiBold" stylename "Regular" weight 600 style QFont::StyleNormal pixelSize 0 antialiased true fixed false colorFont false
qt.text.font.db: Adding font: familyName "FreeSerif" stylename "Italic" weight 400 style QFont::StyleItalic pixelSize 0 antialiased true fixed false colorFont false
qt.text.font.db: Adding font: familyName "JetBrainsMonoNL Nerd Font" stylename "Medium Italic" weight 500 style QFont::StyleItalic pixelSize 0 antialiased true fixed true colorFont false
qt.text.font.db: Adding font: familyName "JetBrainsMonoNL NF" stylename "Italic" weight 500 style QFont::StyleItalic pixelSize 0 antialiased true fixed true colorFont false
qt.text.font.db: Registering alias "JetBrainsMonoNL NF Medium" to family "JetBrainsMonoNL Nerd Font"
qt.text.font.db: Adding font: familyName "AR PL UMing TW MBE" stylename "Light" weight 300 style QFont::StyleNormal pixelSize 0 antialiased true fixed false colorFont false
qt.text.font.db: Adding font: familyName "JetBrains Mono NL" stylename "SemiBold Italic" weight 600 style QFont::StyleItalic pixelSize 0 antialiased true fixed true colorFont false
qt.text.font.db: Adding font: familyName "JetBrains Mono NL SemiBold" stylename "Italic" weight 600 style QFont::StyleItalic pixelSize 0 antialiased true fixed true colorFont false
qt.text.font.db: Adding font: familyName "Noto Sans Kharoshthi" stylename "Regular" weight 400 style QFont::StyleNormal pixelSize 0 antialiased true fixed false colorFont false
qt.text.font.db: Adding font: familyName "Nimbus Sans" stylename "Bold Italic" weight 700 style QFont::StyleItalic pixelSize 0 antialiased true fixed false colorFont false
qt.text.font.db: Adding font: familyName "Noto Serif Myanmar" stylename "Regular" weight 400 style QFont::StyleNormal pixelSize 0 antialiased true fixed false colorFont false
qt.text.font.db: Adding font: familyName "JetBrains Mono" stylename "Medium Italic" weight 500 style QFont::StyleItalic pixelSize 0 antialiased true fixed true colorFont false
qt.text.font.db: Adding font: familyName "JetBrains Mono Medium" stylename "Italic" weight 500 style QFont::StyleItalic pixelSize 0 antialiased true fixed true colorFont false
qt.text.font.db: Adding font: familyName "Nimbus Roman" stylename "Bold Italic" weight 700 style QFont::StyleItalic pixelSize 0 antialiased true fixed false colorFont false
qt.text.font.db: Adding font: familyName "Noto Sans Avestan" stylename "Regular" weight 400 style QFont::StyleNormal pixelSize 0 antialiased true fixed false colorFont false
qt.text.font.db: Adding font: familyName "JetBrains Mono" stylename "Light Italic" weight 300 style QFont::StyleItalic pixelSize 0 antialiased true fixed true colorFont false
qt.text.font.db: Adding font: familyName "JetBrains Mono Light" stylename "Italic" weight 300 style QFont::StyleItalic pixelSize 0 antialiased true fixed true colorFont false
qt.text.font.db: Adding font: familyName "Andale Mono" stylename "Regular" weight 400 style QFont::StyleNormal pixelSize 0 antialiased true fixed true colorFont false
qt.text.font.db: Adding font: familyName "Noto Sans Cham" stylename "Bold" weight 700 style QFont::StyleNormal pixelSize 0 antialiased true fixed false colorFont false
qt.text.font.db: Adding font: familyName "Noto Serif CJK KR" stylename "SemiBold" weight 600 style QFont::StyleNormal pixelSize 0 antialiased true fixed false colorFont false
qt.text.font.db: Adding font: familyName "Noto Serif CJK KR SemiBold" stylename "Regular" weight 600 style QFont::StyleNormal pixelSize 0 antialiased true fixed false colorFont false
qt.text.font.db: Adding font: familyName "Noto Sans Hatran" stylename "Regular" weight 400 style QFont::StyleNormal pixelSize 0 antialiased true fixed false colorFont false
qt.text.font.db: Adding font: familyName "JetBrainsMono Nerd Font Propo" stylename "ExtraLight" weight 200 style QFont::StyleNormal pixelSize 0 antialiased true fixed false colorFont false
qt.text.font.db: Adding font: familyName "JetBrainsMono NFP" stylename "Regular" weight 200 style QFont::StyleNormal pixelSize 0 antialiased true fixed false colorFont false
qt.text.font.db: Registering alias "JetBrainsMono NFP ExtraLight" to family "JetBrainsMono Nerd Font Propo"
qt.text.font.db: Adding font: familyName "JetBrains Mono NL" stylename "SemiBold" weight 600 style QFont::StyleNormal pixelSize 0 antialiased true fixed true colorFont false
qt.text.font.db: Adding font: familyName "JetBrains Mono NL SemiBold" stylename "Regular" weight 600 style QFont::StyleNormal pixelSize 0 antialiased true fixed true colorFont false
qt.text.font.db: Adding font: familyName "Georgia" stylename "Italic" weight 400 style QFont::StyleItalic pixelSize 0 antialiased true fixed false colorFont false
qt.text.font.db: Adding font: familyName "C059" stylename "Bold Italic" weight 700 style QFont::StyleItalic pixelSize 0 antialiased true fixed false colorFont false
qt.text.font.db: Adding font: familyName "JetBrainsMono Nerd Font Mono" stylename "ExtraLight" weight 200 style QFont::StyleNormal pixelSize 0 antialiased true fixed true colorFont false
qt.text.font.db: Adding font: familyName "JetBrainsMono NFM" stylename "Regular" weight 200 style QFont::StyleNormal pixelSize 0 antialiased true fixed true colorFont false
qt.text.font.db: Registering alias "JetBrainsMono NFM ExtraLight" to family "JetBrainsMono Nerd Font Mono"
qt.text.font.db: Adding font: familyName "JetBrains Mono NL" stylename "Italic" weight 400 style QFont::StyleItalic pixelSize 0 antialiased true fixed true colorFont false
qt.text.font.db: Adding font: familyName "Noto Color Emoji" stylename "Regular" weight 400 style QFont::StyleNormal pixelSize 0 antialiased true fixed true colorFont true
qt.text.font.db: Adding font: familyName "Noto Sans Armenian" stylename "Bold" weight 700 style QFont::StyleNormal pixelSize 0 antialiased true fixed false colorFont false
qt.text.font.db: Adding font: familyName "Noto Sans Gurmukhi" stylename "Regular" weight 400 style QFont::StyleNormal pixelSize 0 antialiased true fixed false colorFont false
qt.text.font.db: Adding font: familyName "JetBrains Mono NL" stylename "SemiBold Italic" weight 600 style QFont::StyleItalic pixelSize 0 antialiased true fixed true colorFont false
qt.text.font.db: Adding font: familyName "JetBrains Mono NL SemiBold" stylename "Italic" weight 600 style QFont::StyleItalic pixelSize 0 antialiased true fixed true colorFont false
qt.text.font.db: Adding font: familyName "JetBrains Mono NL" stylename "ExtraLight Italic" weight 200 style QFont::StyleItalic pixelSize 0 antialiased true fixed true colorFont false
qt.text.font.db: Adding font: familyName "JetBrains Mono NL ExtraLight" stylename "Italic" weight 200 style QFont::StyleItalic pixelSize 0 antialiased true fixed true colorFont false
qt.text.font.db: Adding font: familyName "Noto Serif Display" stylename "Regular" weight 400 style QFont::StyleNormal pixelSize 0 antialiased true fixed false colorFont false
qt.text.font.db: Adding font: familyName "Nimbus Sans Narrow" stylename "Oblique" weight 400 style QFont::StyleOblique pixelSize 0 antialiased true fixed false colorFont false
qt.text.font.db: Adding font: familyName "URW Gothic" stylename "Demi" weight 600 style QFont::StyleNormal pixelSize 0 antialiased true fixed false colorFont false
qt.text.font.db: Adding font: familyName "Courier New" stylename "Bold Italic" weight 700 style QFont::StyleItalic pixelSize 0 antialiased true fixed true colorFont false
qt.text.font.db: Adding font: familyName "JetBrainsMonoNL Nerd Font Mono" stylename "Light" weight 300 style QFont::StyleNormal pixelSize 0 antialiased true fixed true colorFont false
qt.text.font.db: Adding font: familyName "JetBrainsMonoNL NFM" stylename "Regular" weight 300 style QFont::StyleNormal pixelSize 0 antialiased true fixed true colorFont false
qt.text.font.db: Registering alias "JetBrainsMonoNL NFM Light" to family "JetBrainsMonoNL Nerd Font Mono"
qt.text.font.db: Adding font: familyName "Ubuntu Sans" stylename "Condensed ExtraBold" weight 800 style QFont::StyleNormal pixelSize 0 antialiased true fixed false colorFont false
qt.text.font.db: Adding font: familyName "Liberation Sans" stylename "Bold" weight 700 style QFont::StyleNormal pixelSize 0 antialiased true fixed false colorFont false
qt.text.font.db: Adding font: familyName "JetBrains Mono" stylename "ExtraBold" weight 800 style QFont::StyleNormal pixelSize 0 antialiased true fixed true colorFont false
qt.text.font.db: Adding font: familyName "JetBrains Mono ExtraBold" stylename "Regular" weight 800 style QFont::StyleNormal pixelSize 0 antialiased true fixed true colorFont false
qt.text.font.db: Adding font: familyName "JetBrainsMono Nerd Font Propo" stylename "Light Italic" weight 300 style QFont::StyleItalic pixelSize 0 antialiased true fixed false colorFont false
qt.text.font.db: Adding font: familyName "JetBrainsMono NFP" stylename "Italic" weight 300 style QFont::StyleItalic pixelSize 0 antialiased true fixed false colorFont false
qt.text.font.db: Registering alias "JetBrainsMono NFP Light" to family "JetBrainsMono Nerd Font Propo"
qt.text.font.db: Adding font: familyName "Noto Sans Bengali" stylename "Bold" weight 700 style QFont::StyleNormal pixelSize 0 antialiased true fixed false colorFont false
qt.text.font.db: Adding font: familyName "Noto Sans Ethiopic" stylename "Regular" weight 400 style QFont::StyleNormal pixelSize 0 antialiased true fixed false colorFont false
qt.text.font.db: Adding font: familyName "Nimbus Mono PS" stylename "Italic" weight 400 style QFont::StyleItalic pixelSize 0 antialiased true fixed true colorFont false
qt.text.font.db: Adding font: familyName "Noto Music" stylename "Regular" weight 400 style QFont::StyleNormal pixelSize 0 antialiased true fixed false colorFont false
qt.text.font.db: Adding font: familyName "Noto Sans Cherokee" stylename "Regular" weight 400 style QFont::StyleNormal pixelSize 0 antialiased true fixed false colorFont false
qt.text.font.db: Adding font: familyName "JetBrainsMonoNL Nerd Font" stylename "Bold Italic" weight 700 style QFont::StyleItalic pixelSize 0 antialiased true fixed true colorFont false
qt.text.font.db: Registering alias "JetBrainsMonoNL NF" to family "JetBrainsMonoNL Nerd Font"
qt.text.font.db: Adding font: familyName "JetBrainsMonoNL Nerd Font" stylename "SemiBold" weight 600 style QFont::StyleNormal pixelSize 0 antialiased true fixed true colorFont false
qt.text.font.db: Adding font: familyName "JetBrainsMonoNL NF" stylename "Regular" weight 600 style QFont::StyleNormal pixelSize 0 antialiased true fixed true colorFont false
qt.text.font.db: Registering alias "JetBrainsMonoNL NF SemiBold" to family "JetBrainsMonoNL Nerd Font"
qt.text.font.db: Adding font: familyName "Ubuntu" stylename "Thin Italic" weight 100 style QFont::StyleItalic pixelSize 0 antialiased true fixed false colorFont false
qt.text.font.db: Adding font: familyName "Ubuntu Sans Mono" stylename "Medium Italic" weight 500 style QFont::StyleItalic pixelSize 0 antialiased true fixed true colorFont false
qt.text.font.db: Adding font: familyName "DejaVu Sans Mono" stylename "Bold" weight 700 style QFont::StyleNormal pixelSize 0 antialiased true fixed true colorFont false
qt.text.font.db: Adding font: familyName "JetBrains Mono" stylename "Thin Italic" weight 100 style QFont::StyleItalic pixelSize 0 antialiased true fixed true colorFont false
qt.text.font.db: Adding font: familyName "JetBrainsMonoNL Nerd Font Propo" stylename "Medium" weight 500 style QFont::StyleNormal pixelSize 0 antialiased true fixed false colorFont false
qt.text.font.db: Adding font: familyName "JetBrainsMonoNL NFP" stylename "Regular" weight 500 style QFont::StyleNormal pixelSize 0 antialiased true fixed false colorFont false
qt.text.font.db: Registering alias "JetBrainsMonoNL NFP Medium" to family "JetBrainsMonoNL Nerd Font Propo"
qt.text.font.db: Adding font: familyName "Liberation Sans" stylename "Regular" weight 400 style QFont::StyleNormal pixelSize 0 antialiased true fixed false colorFont false
qt.text.font.db: Adding font: familyName "Noto Sans Multani" stylename "Regular" weight 400 style QFont::StyleNormal pixelSize 0 antialiased true fixed false colorFont false
qt.text.font.db: Adding font: familyName "Noto Sans Tifinagh Ahaggar" stylename "Regular" weight 400 style QFont::StyleNormal pixelSize 0 antialiased true fixed false colorFont false
qt.text.font.db: Adding font: familyName "Noto Sans Tifinagh Ghat" stylename "Regular" weight 400 style QFont::StyleNormal pixelSize 0 antialiased true fixed false colorFont false
qt.text.font.db: Adding font: familyName "Noto Serif Armenian" stylename "Regular" weight 400 style QFont::StyleNormal pixelSize 0 antialiased true fixed false colorFont false
qt.text.font.db: Adding font: familyName "JetBrainsMonoNL Nerd Font Propo" stylename "ExtraLight Italic" weight 200 style QFont::StyleItalic pixelSize 0 antialiased true fixed false colorFont false
qt.text.font.db: Adding font: familyName "JetBrainsMonoNL NFP" stylename "Italic" weight 200 style QFont::StyleItalic pixelSize 0 antialiased true fixed false colorFont false
qt.text.font.db: Registering alias "JetBrainsMonoNL NFP ExtraLight" to family "JetBrainsMonoNL Nerd Font Propo"
qt.text.font.db: Adding font: familyName "Ubuntu Sans Mono" stylename "Bold" weight 700 style QFont::StyleNormal pixelSize 0 antialiased true fixed true colorFont false
qt.text.font.db: Adding font: familyName "Cantarell" stylename "Regular" weight 400 style QFont::StyleNormal pixelSize 0 antialiased true fixed false colorFont false
qt.text.font.db: Adding font: familyName "Noto Rashi Hebrew" stylename "Bold" weight 700 style QFont::StyleNormal pixelSize 0 antialiased true fixed false colorFont false
qt.text.font.db: Adding font: familyName "JetBrains Mono" stylename "Regular" weight 400 style QFont::StyleNormal pixelSize 0 antialiased true fixed true colorFont false
qt.text.font.db: Adding font: familyName "Ubuntu" stylename "Italic" weight 455 style QFont::StyleItalic pixelSize 0 antialiased true fixed false colorFont false
qt.text.font.db: Adding font: familyName "Noto Sans Javanese" stylename "Bold" weight 700 style QFont::StyleNormal pixelSize 0 antialiased true fixed false colorFont false
qt.text.font.db: Adding font: familyName "P052" stylename "Roman" weight 500 style QFont::StyleNormal pixelSize 0 antialiased true fixed false colorFont false
qt.text.font.db: Adding font: familyName "URW Bookman" stylename "Light Italic" weight 300 style QFont::StyleItalic pixelSize 0 antialiased true fixed false colorFont false
qt.text.font.db: Adding font: familyName "Noto Serif CJK SC" stylename "Light" weight 300 style QFont::StyleNormal pixelSize 0 antialiased true fixed false colorFont false
qt.text.font.db: Adding font: familyName "Noto Serif CJK SC Light" stylename "Regular" weight 300 style QFont::StyleNormal pixelSize 0 antialiased true fixed false colorFont false
qt.text.font.db: Adding font: familyName "Noto Serif Balinese" stylename "Regular" weight 400 style QFont::StyleNormal pixelSize 0 antialiased true fixed false colorFont false
qt.text.font.db: Adding font: familyName "JetBrains Mono NL" stylename "Light" weight 300 style QFont::StyleNormal pixelSize 0 antialiased true fixed true colorFont false
qt.text.font.db: Adding font: familyName "JetBrains Mono NL Light" stylename "Regular" weight 300 style QFont::StyleNormal pixelSize 0 antialiased true fixed true colorFont false
qt.text.font.db: Adding font: familyName "Noto Looped Thai" stylename "Bold" weight 700 style QFont::StyleNormal pixelSize 0 antialiased true fixed false colorFont false
qt.text.font.db: Registering alias "Noto Looped Thai Bold" to family "Noto Looped Thai"
qt.text.font.db: Adding font: familyName "Verdana" stylename "Bold" weight 700 style QFont::StyleNormal pixelSize 0 antialiased true fixed false colorFont false
qt.text.font.db: Adding font: familyName "FreeSans" stylename "Oblique" weight 400 style QFont::StyleOblique pixelSize 0 antialiased true fixed false colorFont false
qt.text.font.db: Adding font: familyName "Noto Serif Hmong Nyiakeng" stylename "Regular" weight 400 style QFont::StyleNormal pixelSize 0 antialiased true fixed false colorFont false
qt.text.font.db: Adding font: familyName "Noto Sans Mono CJK TC" stylename "Bold" weight 700 style QFont::StyleNormal pixelSize 0 antialiased true fixed false colorFont false
qt.text.font.db: Adding font: familyName "Noto Sans Canadian Aboriginal" stylename "Bold" weight 700 style QFont::StyleNormal pixelSize 0 antialiased true fixed false colorFont false
qt.text.font.db: Registering alias "Noto Sans CanAborig" to family "Noto Sans Canadian Aboriginal"
qt.text.font.db: Adding font: familyName "Noto Sans Telugu" stylename "Regular" weight 400 style QFont::StyleNormal pixelSize 0 antialiased true fixed false colorFont false
qt.text.font.db: Adding font: familyName "Ubuntu" stylename "Condensed Bold" weight 700 style QFont::StyleNormal pixelSize 0 antialiased true fixed false colorFont false
qt.text.font.db: Adding font: familyName "Ubuntu Sans Mono" stylename "ExtraLight" weight 200 style QFont::StyleNormal pixelSize 0 antialiased true fixed true colorFont false
qt.text.font.db: Adding font: familyName "JetBrains Mono NL" stylename "ExtraBold" weight 800 style QFont::StyleNormal pixelSize 0 antialiased true fixed true colorFont false
qt.text.font.db: Adding font: familyName "JetBrains Mono NL ExtraBold" stylename "Regular" weight 800 style QFont::StyleNormal pixelSize 0 antialiased true fixed true colorFont false
qt.text.font.db: Adding font: familyName "Noto Sans Mono CJK SC" stylename "Bold" weight 700 style QFont::StyleNormal pixelSize 0 antialiased true fixed false colorFont false
qt.text.font.db: Adding font: familyName "JetBrains Mono" stylename "ExtraLight Italic" weight 200 style QFont::StyleItalic pixelSize 0 antialiased true fixed true colorFont false
qt.text.font.db: Adding font: familyName "JetBrains Mono ExtraLight" stylename "Italic" weight 200 style QFont::StyleItalic pixelSize 0 antialiased true fixed true colorFont false
qt.text.font.db: Adding font: familyName "Nimbus Sans" stylename "Italic" weight 400 style QFont::StyleItalic pixelSize 0 antialiased true fixed false colorFont false
qt.text.font.db: Adding font: familyName "Times New Roman" stylename "Bold Italic" weight 700 style QFont::StyleItalic pixelSize 0 antialiased true fixed false colorFont false
qt.text.font.db: Adding font: familyName "URW Bookman" stylename "Light Italic" weight 300 style QFont::StyleItalic pixelSize 0 antialiased true fixed false colorFont false
qt.text.font.db: Adding font: familyName "JetBrains Mono" stylename "Italic" weight 400 style QFont::StyleItalic pixelSize 0 antialiased true fixed true colorFont false
qt.text.font.db: Adding font: familyName "Georgia" stylename "Regular" weight 400 style QFont::StyleNormal pixelSize 0 antialiased true fixed false colorFont false
qt.text.font.db: Adding font: familyName "Noto Sans Oriya" stylename "Regular" weight 400 style QFont::StyleNormal pixelSize 0 antialiased true fixed false colorFont false
qt.text.font.db: Adding font: familyName "JetBrains Mono NL" stylename "ExtraLight" weight 200 style QFont::StyleNormal pixelSize 0 antialiased true fixed true colorFont false
qt.text.font.db: Adding font: familyName "JetBrains Mono NL ExtraLight" stylename "Regular" weight 200 style QFont::StyleNormal pixelSize 0 antialiased true fixed true colorFont false
qt.text.font.db: Adding font: familyName "Noto Sans Hanifi Rohingya" stylename "Regular" weight 400 style QFont::StyleNormal pixelSize 0 antialiased true fixed false colorFont false
qt.text.font.db: Adding font: familyName "D050000L" stylename "Regular" weight 400 style QFont::StyleNormal pixelSize 0 antialiased true fixed false colorFont false
qt.text.font.db: Adding font: familyName "Arial" stylename "Bold Italic" weight 700 style QFont::StyleItalic pixelSize 0 antialiased true fixed false colorFont false
qt.text.font.db: Adding font: familyName "Noto Sans CJK SC" stylename "Regular" weight 400 style QFont::StyleNormal pixelSize 0 antialiased true fixed false colorFont false
qt.text.font.db: Adding font: familyName "JetBrainsMonoNL Nerd Font" stylename "Thin Italic" weight 100 style QFont::StyleItalic pixelSize 0 antialiased true fixed true colorFont false
qt.text.font.db: Adding font: familyName "JetBrainsMonoNL NF" stylename "Italic" weight 100 style QFont::StyleItalic pixelSize 0 antialiased true fixed true colorFont false
qt.text.font.db: Registering alias "JetBrainsMonoNL NF Thin" to family "JetBrainsMonoNL Nerd Font"
qt.text.font.db: Adding font: familyName "Noto Sans Mayan Numerals" stylename "Regular" weight 400 style QFont::StyleNormal pixelSize 0 antialiased true fixed false colorFont false
qt.text.font.db: Adding font: familyName "Noto Sans Malayalam" stylename "Regular" weight 400 style QFont::StyleNormal pixelSize 0 antialiased true fixed false colorFont false
qt.text.font.db: Adding font: familyName "Noto Serif Devanagari" stylename "Regular" weight 400 style QFont::StyleNormal pixelSize 0 antialiased true fixed false colorFont false
qt.text.font.db: Adding font: familyName "Ubuntu" stylename "Italic" weight 400 style QFont::StyleItalic pixelSize 0 antialiased true fixed false colorFont false
qt.text.font.db: Adding font: familyName "Ubuntu Sans" stylename "ExtraBold Italic" weight 800 style QFont::StyleItalic pixelSize 0 antialiased true fixed false colorFont false
qt.text.font.db: Adding font: familyName "JetBrains Mono NL" stylename "Thin Italic" weight 100 style QFont::StyleItalic pixelSize 0 antialiased true fixed true colorFont false
qt.text.font.db: Adding font: familyName "JetBrains Mono NL Thin" stylename "Italic" weight 100 style QFont::StyleItalic pixelSize 0 antialiased true fixed true colorFont false
qt.text.font.db: Adding font: familyName "Noto Serif Hebrew" stylename "Regular" weight 400 style QFont::StyleNormal pixelSize 0 antialiased true fixed false colorFont false
qt.text.font.db: Adding font: familyName "Noto Sans Devanagari" stylename "Regular" weight 400 style QFont::StyleNormal pixelSize 0 antialiased true fixed false colorFont false
qt.text.font.db: Adding font: familyName "Noto Kufi Arabic" stylename "Regular" weight 400 style QFont::StyleNormal pixelSize 0 antialiased true fixed false colorFont false
qt.text.font.db: Adding font: familyName "Noto Sans Tifinagh APT" stylename "Regular" weight 400 style QFont::StyleNormal pixelSize 0 antialiased true fixed false colorFont false
qt.text.font.db: Adding font: familyName "Trebuchet MS" stylename "Bold" weight 700 style QFont::StyleNormal pixelSize 0 antialiased true fixed false colorFont false
qt.text.font.db: Adding font: familyName "Noto Sans CJK TC" stylename "Regular" weight 400 style QFont::StyleNormal pixelSize 0 antialiased true fixed false colorFont false
qt.text.font.db: Adding font: familyName "JetBrainsMonoNL Nerd Font Propo" stylename "ExtraLight" weight 200 style QFont::StyleNormal pixelSize 0 antialiased true fixed false colorFont false
qt.text.font.db: Adding font: familyName "JetBrainsMonoNL NFP" stylename "Regular" weight 200 style QFont::StyleNormal pixelSize 0 antialiased true fixed false colorFont false
qt.text.font.db: Registering alias "JetBrainsMonoNL NFP ExtraLight" to family "JetBrainsMonoNL Nerd Font Propo"
qt.text.font.db: Adding font: familyName "JetBrains Mono" stylename "Light Italic" weight 300 style QFont::StyleItalic pixelSize 0 antialiased true fixed true colorFont false
qt.text.font.db: Adding font: familyName "JetBrains Mono Light" stylename "Italic" weight 300 style QFont::StyleItalic pixelSize 0 antialiased true fixed true colorFont false
qt.text.font.db: Adding font: familyName "Noto Serif Thai" stylename "Bold" weight 700 style QFont::StyleNormal pixelSize 0 antialiased true fixed false colorFont false
qt.text.font.db: Adding font: familyName "Noto Sans Gothic" stylename "Regular" weight 400 style QFont::StyleNormal pixelSize 0 antialiased true fixed false colorFont false
qt.text.font.db: Adding font: familyName "Noto Sans Cuneiform" stylename "Regular" weight 400 style QFont::StyleNormal pixelSize 0 antialiased true fixed false colorFont false
qt.text.font.db: Adding font: familyName "URW Gothic" stylename "Demi Oblique" weight 600 style QFont::StyleOblique pixelSize 0 antialiased true fixed false colorFont false
qt.text.font.db: Adding font: familyName "Noto Sans Limbu" stylename "Regular" weight 400 style QFont::StyleNormal pixelSize 0 antialiased true fixed false colorFont false
qt.text.font.db: Adding font: familyName "Noto Sans Sora Sompeng" stylename "Regular" weight 400 style QFont::StyleNormal pixelSize 0 antialiased true fixed false colorFont false
qt.text.font.db: Adding font: familyName "Noto Sans Vai" stylename "Regular" weight 400 style QFont::StyleNormal pixelSize 0 antialiased true fixed false colorFont false
qt.text.font.db: Adding font: familyName "Noto Nastaliq Urdu" stylename "Regular" weight 400 style QFont::StyleNormal pixelSize 0 antialiased true fixed false colorFont false
qt.text.font.db: Adding font: familyName "Noto Sans Lepcha" stylename "Regular" weight 400 style QFont::StyleNormal pixelSize 0 antialiased true fixed false colorFont false
qt.text.font.db: Adding font: familyName "Noto Sans Mono CJK KR" stylename "Bold" weight 700 style QFont::StyleNormal pixelSize 0 antialiased true fixed false colorFont false
qt.text.font.db: Adding font: familyName "Noto Sans CJK TC" stylename "Medium" weight 500 style QFont::StyleNormal pixelSize 0 antialiased true fixed false colorFont false
qt.text.font.db: Adding font: familyName "Noto Sans CJK TC Medium" stylename "Regular" weight 500 style QFont::StyleNormal pixelSize 0 antialiased true fixed false colorFont false
qt.text.font.db: Adding font: familyName "Noto Serif CJK TC" stylename "Medium" weight 500 style QFont::StyleNormal pixelSize 0 antialiased true fixed false colorFont false
qt.text.font.db: Adding font: familyName "Noto Serif CJK TC Medium" stylename "Regular" weight 500 style QFont::StyleNormal pixelSize 0 antialiased true fixed false colorFont false
qt.text.font.db: Adding font: familyName "Noto Sans Mono CJK JP" stylename "Bold" weight 700 style QFont::StyleNormal pixelSize 0 antialiased true fixed false colorFont false
qt.text.font.db: Adding font: familyName "URW Gothic" stylename "Book Oblique" weight 383 style QFont::StyleOblique pixelSize 0 antialiased true fixed false colorFont false
qt.text.font.db: Adding font: familyName "Noto Sans Ethiopic" stylename "Bold" weight 700 style QFont::StyleNormal pixelSize 0 antialiased true fixed false colorFont false
qt.text.font.db: Adding font: familyName "Noto Sans Mono CJK HK" stylename "Bold" weight 700 style QFont::StyleNormal pixelSize 0 antialiased true fixed false colorFont false
qt.text.font.db: Adding font: familyName "Nimbus Sans Narrow" stylename "Bold Oblique" weight 700 style QFont::StyleOblique pixelSize 0 antialiased true fixed false colorFont false
qt.text.font.db: Adding font: familyName "Noto Sans" stylename "Bold Italic" weight 700 style QFont::StyleItalic pixelSize 0 antialiased true fixed false colorFont false
qt.text.font.db: Adding font: familyName "Noto Serif Tamil Slanted" stylename "Bold" weight 700 style QFont::StyleNormal pixelSize 0 antialiased true fixed false colorFont false
qt.text.font.db: Adding font: familyName "Noto Sans Elbasan" stylename "Regular" weight 400 style QFont::StyleNormal pixelSize 0 antialiased true fixed false colorFont false
qt.text.font.db: Adding font: familyName "Noto Sans CJK TC" stylename "Light" weight 300 style QFont::StyleNormal pixelSize 0 antialiased true fixed false colorFont false
qt.text.font.db: Adding font: familyName "Noto Sans CJK TC Light" stylename "Regular" weight 300 style QFont::StyleNormal pixelSize 0 antialiased true fixed false colorFont false
qt.text.font.db: Adding font: familyName "JetBrains Mono NL" stylename "Italic" weight 400 style QFont::StyleItalic pixelSize 0 antialiased true fixed true colorFont false
qt.text.font.db: Adding font: familyName "JetBrains Mono NL" stylename "Light" weight 300 style QFont::StyleNormal pixelSize 0 antialiased true fixed true colorFont false
qt.text.font.db: Adding font: familyName "JetBrains Mono NL Light" stylename "Regular" weight 300 style QFont::StyleNormal pixelSize 0 antialiased true fixed true colorFont false
qt.text.font.db: Adding font: familyName "Noto Sans Warang Citi" stylename "Regular" weight 400 style QFont::StyleNormal pixelSize 0 antialiased true fixed false colorFont false
qt.text.font.db: Adding font: familyName "Noto Sans Deseret" stylename "Regular" weight 400 style QFont::StyleNormal pixelSize 0 antialiased true fixed false colorFont false
qt.text.font.db: Adding font: familyName "Trebuchet MS" stylename "Italic" weight 400 style QFont::StyleItalic pixelSize 0 antialiased true fixed false colorFont false
qt.text.font.db: Adding font: familyName "Serif" stylename "" weight 400 style QFont::StyleNormal pixelSize 0 antialiased true fixed false colorFont false
qt.text.font.db: Adding font: familyName "Serif" stylename "" weight 400 style QFont::StyleItalic pixelSize 0 antialiased true fixed false colorFont false
qt.text.font.db: Adding font: familyName "Serif" stylename "" weight 400 style QFont::StyleOblique pixelSize 0 antialiased true fixed false colorFont false
qt.text.font.db: Adding font: familyName "Sans Serif" stylename "" weight 400 style QFont::StyleNormal pixelSize 0 antialiased true fixed false colorFont false
qt.text.font.db: Adding font: familyName "Sans Serif" stylename "" weight 400 style QFont::StyleItalic pixelSize 0 antialiased true fixed false colorFont false
qt.text.font.db: Adding font: familyName "Sans Serif" stylename "" weight 400 style QFont::StyleOblique pixelSize 0 antialiased true fixed false colorFont false
qt.text.font.db: Adding font: familyName "Monospace" stylename "" weight 400 style QFont::StyleNormal pixelSize 0 antialiased true fixed true colorFont false
qt.text.font.db: Adding font: familyName "Monospace" stylename "" weight 400 style QFont::StyleItalic pixelSize 0 antialiased true fixed true colorFont false
qt.text.font.db: Adding font: familyName "Monospace" stylename "" weight 400 style QFont::StyleOblique pixelSize 0 antialiased true fixed true colorFont false
qt.text.font.match: Family name match pass: Looking for family name 'Google Sans Flex'
qt.text.font.match: QFontDatabasePrivate::match
  request:
    family: Google Sans Flex [-- any --], script: 2
    styleName: -- any --
    weight: 400, style: 0
    stretch: 0
    pixelSize: 15
    pitch: *
qt.text.font.match:   REMARK: looking for best foundry for family 'Google Sans Flex' [1]
qt.text.font.match:           looking for matching style in foundry 'GOOG' 1
qt.text.font.match:           best style has distance 0x0
qt.text.font.match:           found smoothly scalable font (15 pixels)
qt.text.font.match:           found a match: score 0 best score so far ffffffff
qt.text.layout: layoutFrame (0--0), parent=0x0
qt.text.layout: layoutFrame (0--0), parent=0x0
qt.text.layout: layoutStruct: x_left 4 x_right -4 fullLayout false
qt.text.layout: layoutFlow from= 0 to= 2147483647
qt.text.layout: layoutBlock from= 0 to= 2147483647 ; width -8 (maxWidth is btw 0 )
qt.text.layout: do layout
qt.text.layout: layoutFrame (0--0), parent=0x0
qt.text.layout: layoutFrame (0--0), parent=0x0
qt.text.layout: layoutStruct: x_left 4 x_right -4 fullLayout true
qt.text.layout: layoutFlow from= 0 to= 0
qt.text.layout: layoutBlock from= 0 to= 0 ; width -8 (maxWidth is btw 0 )
qt.text.layout: do layout
qt.text.layout: layoutFrame (0--18), parent=0x0
qt.text.layout: layoutFrame (0--18), parent=0x0
qt.text.layout: layoutStruct: x_left 4 x_right -4 fullLayout false
qt.text.layout: layoutFlow from= 0 to= 2147483647
qt.text.layout: layoutBlock from= 0 to= 2147483647 ; width -8 (maxWidth is btw 0 )
qt.text.layout: do layout
qt.text.emojisegmenter: Emoji segmenter disabled: false
qt.text.emojisegmenter: Checking character 0 , ucs4 == '1' , category: 7
qt.text.emojisegmenter: Checking character 1 , ucs4 == '.' , category: 16
qt.text.emojisegmenter: Checking character 2 , ucs4 == '3' , category: 7
qt.text.emojisegmenter: Checking character 3 , ucs4 == '.' , category: 16
qt.text.emojisegmenter: Checking character 4 , ucs4 == '5' , category: 7
qt.text.emojisegmenter: Checking character 5 , ucs4 == '.' , category: 16
qt.text.emojisegmenter: Checking character 6 , ucs4 == '0' , category: 7
qt.text.emojisegmenter: Checking character 7 , ucs4 == ' ' , category: 16
qt.text.emojisegmenter: Checking character 8 , ucs4 == 'T' , category: 16
qt.text.emojisegmenter: Checking character 9 , ucs4 == 'o' , category: 16
qt.text.emojisegmenter: Checking character 10 , ucs4 == 'g' , category: 16
qt.text.emojisegmenter: Checking character 11 , ucs4 == 'e' , category: 16
qt.text.emojisegmenter: Checking character 12 , ucs4 == 'n' , category: 16
qt.text.emojisegmenter: Checking character 13 , ucs4 == 'a' , category: 16
qt.text.emojisegmenter: Checking character 14 , ucs4 == 's' , category: 16
qt.text.emojisegmenter: Checking character 15 , ucs4 == 'h' , category: 16
qt.text.emojisegmenter: Checking character 16 , ucs4 == 'i' , category: 16
qt.text.emojisegmenter: Checking character 17 , ucs4 == ' ' , category: 16
qt.text.emojisegmenter: Checking character 0 , sequence length: 1 , is emoji sequence: false
qt.text.emojisegmenter: Checking character 1 , sequence length: 1 , is emoji sequence: false
qt.text.emojisegmenter: Checking character 2 , sequence length: 1 , is emoji sequence: false
qt.text.emojisegmenter: Checking character 3 , sequence length: 1 , is emoji sequence: false
qt.text.emojisegmenter: Checking character 4 , sequence length: 1 , is emoji sequence: false
qt.text.emojisegmenter: Checking character 5 , sequence length: 1 , is emoji sequence: false
qt.text.emojisegmenter: Checking character 6 , sequence length: 1 , is emoji sequence: false
qt.text.emojisegmenter: Checking character 7 , sequence length: 1 , is emoji sequence: false
qt.text.emojisegmenter: Checking character 8 , sequence length: 1 , is emoji sequence: false
qt.text.emojisegmenter: Checking character 9 , sequence length: 1 , is emoji sequence: false
qt.text.emojisegmenter: Checking character 10 , sequence length: 1 , is emoji sequence: false
qt.text.emojisegmenter: Checking character 11 , sequence length: 1 , is emoji sequence: false
qt.text.emojisegmenter: Checking character 12 , sequence length: 1 , is emoji sequence: false
qt.text.emojisegmenter: Checking character 13 , sequence length: 1 , is emoji sequence: false
qt.text.emojisegmenter: Checking character 14 , sequence length: 1 , is emoji sequence: false
qt.text.emojisegmenter: Checking character 15 , sequence length: 1 , is emoji sequence: false
qt.text.emojisegmenter: Checking character 16 , sequence length: 1 , is emoji sequence: false
qt.text.emojisegmenter: Checking character 17 , sequence length: 1 , is emoji sequence: false
qt.text.font.match: Family name match pass: Looking for family name 'Google Sans Flex'
qt.text.font.match: QFontDatabasePrivate::match
  request:
    family: Google Sans Flex [-- any --], script: 2
    styleName: -- any --
    weight: 500, style: 0
    stretch: 0
    pixelSize: 11
    pitch: *
qt.text.font.match:   REMARK: looking for best foundry for family 'Google Sans Flex' [1]
qt.text.font.match:           looking for matching style in foundry 'GOOG' 1
qt.text.font.match:           best style has distance 0xa
qt.text.font.match:           found smoothly scalable font (11 pixels)
qt.text.font.match:           found a match: score 2000 best score so far ffffffff
qt.text.font.match: Family name match pass: Looking for family name 'Google Sans Flex'
qt.text.font.match: QFontDatabasePrivate::match
  request:
    family: Google Sans Flex [-- any --], script: 2
    styleName: -- any --
    weight: 300, style: 0
    stretch: 0
    pixelSize: 11
    pitch: *
qt.text.font.match:   REMARK: looking for best foundry for family 'Google Sans Flex' [1]
qt.text.font.match:           looking for matching style in foundry 'GOOG' 1
qt.text.font.match:           best style has distance 0xa
qt.text.font.match:           found smoothly scalable font (11 pixels)
qt.text.font.match:           found a match: score 2000 best score so far ffffffff
qt.text.layout: layoutFrame (0--18), parent=0x0
qt.text.layout: layoutFrame (0--18), parent=0x0
qt.text.layout: layoutStruct: x_left 4 x_right -4 fullLayout false
qt.text.layout: layoutFlow from= 0 to= 2147483647
qt.text.layout: layoutBlock from= 0 to= 2147483647 ; width -8 (maxWidth is btw 87.2969 )
qt.text.layout: do layout
qt.text.emojisegmenter: Emoji segmenter disabled: false
qt.text.emojisegmenter: Checking character 0 , ucs4 == '1' , category: 7
qt.text.emojisegmenter: Checking character 1 , ucs4 == '.' , category: 16
qt.text.emojisegmenter: Checking character 2 , ucs4 == '3' , category: 7
qt.text.emojisegmenter: Checking character 3 , ucs4 == '.' , category: 16
qt.text.emojisegmenter: Checking character 4 , ucs4 == '5' , category: 7
qt.text.emojisegmenter: Checking character 5 , ucs4 == '.' , category: 16
qt.text.emojisegmenter: Checking character 6 , ucs4 == '0' , category: 7
qt.text.emojisegmenter: Checking character 7 , ucs4 == ' ' , category: 16
qt.text.emojisegmenter: Checking character 8 , ucs4 == 'T' , category: 16
qt.text.emojisegmenter: Checking character 9 , ucs4 == 'o' , category: 16
qt.text.emojisegmenter: Checking character 10 , ucs4 == 'g' , category: 16
qt.text.emojisegmenter: Checking character 11 , ucs4 == 'e' , category: 16
qt.text.emojisegmenter: Checking character 12 , ucs4 == 'n' , category: 16
qt.text.emojisegmenter: Checking character 13 , ucs4 == 'a' , category: 16
qt.text.emojisegmenter: Checking character 14 , ucs4 == 's' , category: 16
qt.text.emojisegmenter: Checking character 15 , ucs4 == 'h' , category: 16
qt.text.emojisegmenter: Checking character 16 , ucs4 == 'i' , category: 16
qt.text.emojisegmenter: Checking character 17 , ucs4 == ' ' , category: 16
qt.text.emojisegmenter: Checking character 0 , sequence length: 1 , is emoji sequence: false
qt.text.emojisegmenter: Checking character 1 , sequence length: 1 , is emoji sequence: false
qt.text.emojisegmenter: Checking character 2 , sequence length: 1 , is emoji sequence: false
qt.text.emojisegmenter: Checking character 3 , sequence length: 1 , is emoji sequence: false
qt.text.emojisegmenter: Checking character 4 , sequence length: 1 , is emoji sequence: false
qt.text.emojisegmenter: Checking character 5 , sequence length: 1 , is emoji sequence: false
qt.text.emojisegmenter: Checking character 6 , sequence length: 1 , is emoji sequence: false
qt.text.emojisegmenter: Checking character 7 , sequence length: 1 , is emoji sequence: false
qt.text.emojisegmenter: Checking character 8 , sequence length: 1 , is emoji sequence: false
qt.text.emojisegmenter: Checking character 9 , sequence length: 1 , is emoji sequence: false
qt.text.emojisegmenter: Checking character 10 , sequence length: 1 , is emoji sequence: false
qt.text.emojisegmenter: Checking character 11 , sequence length: 1 , is emoji sequence: false
qt.text.emojisegmenter: Checking character 12 , sequence length: 1 , is emoji sequence: false
qt.text.emojisegmenter: Checking character 13 , sequence length: 1 , is emoji sequence: false
qt.text.emojisegmenter: Checking character 14 , sequence length: 1 , is emoji sequence: false
qt.text.emojisegmenter: Checking character 15 , sequence length: 1 , is emoji sequence: false
qt.text.emojisegmenter: Checking character 16 , sequence length: 1 , is emoji sequence: false
qt.text.emojisegmenter: Checking character 17 , sequence length: 1 , is emoji sequence: false
qt.text.layout: layoutFrame (0--18), parent=0x0
qt.text.layout: layoutFrame (0--18), parent=0x0
qt.text.layout: layoutStruct: x_left 0 x_right 0 fullLayout true
qt.text.layout: layoutFlow from= 0 to= 18
qt.text.layout: layoutBlock from= 0 to= 18 ; width 0 (maxWidth is btw 87.2969 )
qt.text.layout: do layout
qt.text.emojisegmenter: Emoji segmenter disabled: false
qt.text.emojisegmenter: Checking character 0 , ucs4 == '1' , category: 7
qt.text.emojisegmenter: Checking character 1 , ucs4 == '.' , category: 16
qt.text.emojisegmenter: Checking character 2 , ucs4 == '3' , category: 7
qt.text.emojisegmenter: Checking character 3 , ucs4 == '.' , category: 16
qt.text.emojisegmenter: Checking character 4 , ucs4 == '5' , category: 7
qt.text.emojisegmenter: Checking character 5 , ucs4 == '.' , category: 16
qt.text.emojisegmenter: Checking character 6 , ucs4 == '0' , category: 7
qt.text.emojisegmenter: Checking character 7 , ucs4 == ' ' , category: 16
qt.text.emojisegmenter: Checking character 8 , ucs4 == 'T' , category: 16
qt.text.emojisegmenter: Checking character 9 , ucs4 == 'o' , category: 16
qt.text.emojisegmenter: Checking character 10 , ucs4 == 'g' , category: 16
qt.text.emojisegmenter: Checking character 11 , ucs4 == 'e' , category: 16
qt.text.emojisegmenter: Checking character 12 , ucs4 == 'n' , category: 16
qt.text.emojisegmenter: Checking character 13 , ucs4 == 'a' , category: 16
qt.text.emojisegmenter: Checking character 14 , ucs4 == 's' , category: 16
qt.text.emojisegmenter: Checking character 15 , ucs4 == 'h' , category: 16
qt.text.emojisegmenter: Checking character 16 , ucs4 == 'i' , category: 16
qt.text.emojisegmenter: Checking character 17 , ucs4 == ' ' , category: 16
qt.text.emojisegmenter: Checking character 0 , sequence length: 1 , is emoji sequence: false
qt.text.emojisegmenter: Checking character 1 , sequence length: 1 , is emoji sequence: false
qt.text.emojisegmenter: Checking character 2 , sequence length: 1 , is emoji sequence: false
qt.text.emojisegmenter: Checking character 3 , sequence length: 1 , is emoji sequence: false
qt.text.emojisegmenter: Checking character 4 , sequence length: 1 , is emoji sequence: false
qt.text.emojisegmenter: Checking character 5 , sequence length: 1 , is emoji sequence: false
qt.text.emojisegmenter: Checking character 6 , sequence length: 1 , is emoji sequence: false
qt.text.emojisegmenter: Checking character 7 , sequence length: 1 , is emoji sequence: false
qt.text.emojisegmenter: Checking character 8 , sequence length: 1 , is emoji sequence: false
qt.text.emojisegmenter: Checking character 9 , sequence length: 1 , is emoji sequence: false
qt.text.emojisegmenter: Checking character 10 , sequence length: 1 , is emoji sequence: false
qt.text.emojisegmenter: Checking character 11 , sequence length: 1 , is emoji sequence: false
qt.text.emojisegmenter: Checking character 12 , sequence length: 1 , is emoji sequence: false
qt.text.emojisegmenter: Checking character 13 , sequence length: 1 , is emoji sequence: false
qt.text.emojisegmenter: Checking character 14 , sequence length: 1 , is emoji sequence: false
qt.text.emojisegmenter: Checking character 15 , sequence length: 1 , is emoji sequence: false
qt.text.emojisegmenter: Checking character 16 , sequence length: 1 , is emoji sequence: false
qt.text.emojisegmenter: Checking character 17 , sequence length: 1 , is emoji sequence: false
qt.text.layout: page size QSizeF(-1, -1) -> width 100
qt.text.layout: layoutFrame (0--18), parent=0x0
qt.text.layout: layoutFrame (0--18), parent=0x0
qt.text.layout: layoutStruct: x_left 0 x_right 100 fullLayout true
qt.text.layout: layoutFlow from= 0 to= 2147483647
qt.text.layout: layoutBlock from= 0 to= 2147483647 ; width 100 (maxWidth is btw 87.2969 )
qt.text.layout: do layout
qt.text.emojisegmenter: Emoji segmenter disabled: false
qt.text.emojisegmenter: Checking character 0 , ucs4 == '1' , category: 7
qt.text.emojisegmenter: Checking character 1 , ucs4 == '.' , category: 16
qt.text.emojisegmenter: Checking character 2 , ucs4 == '3' , category: 7
qt.text.emojisegmenter: Checking character 3 , ucs4 == '.' , category: 16
qt.text.emojisegmenter: Checking character 4 , ucs4 == '5' , category: 7
qt.text.emojisegmenter: Checking character 5 , ucs4 == '.' , category: 16
qt.text.emojisegmenter: Checking character 6 , ucs4 == '0' , category: 7
qt.text.emojisegmenter: Checking character 7 , ucs4 == ' ' , category: 16
qt.text.emojisegmenter: Checking character 8 , ucs4 == 'T' , category: 16
qt.text.emojisegmenter: Checking character 9 , ucs4 == 'o' , category: 16
qt.text.emojisegmenter: Checking character 10 , ucs4 == 'g' , category: 16
qt.text.emojisegmenter: Checking character 11 , ucs4 == 'e' , category: 16
qt.text.emojisegmenter: Checking character 12 , ucs4 == 'n' , category: 16
qt.text.emojisegmenter: Checking character 13 , ucs4 == 'a' , category: 16
qt.text.emojisegmenter: Checking character 14 , ucs4 == 's' , category: 16
qt.text.emojisegmenter: Checking character 15 , ucs4 == 'h' , category: 16
qt.text.emojisegmenter: Checking character 16 , ucs4 == 'i' , category: 16
qt.text.emojisegmenter: Checking character 17 , ucs4 == ' ' , category: 16
qt.text.emojisegmenter: Checking character 0 , sequence length: 1 , is emoji sequence: false
qt.text.emojisegmenter: Checking character 1 , sequence length: 1 , is emoji sequence: false
qt.text.emojisegmenter: Checking character 2 , sequence length: 1 , is emoji sequence: false
qt.text.emojisegmenter: Checking character 3 , sequence length: 1 , is emoji sequence: false
qt.text.emojisegmenter: Checking character 4 , sequence length: 1 , is emoji sequence: false
qt.text.emojisegmenter: Checking character 5 , sequence length: 1 , is emoji sequence: false
qt.text.emojisegmenter: Checking character 6 , sequence length: 1 , is emoji sequence: false
qt.text.emojisegmenter: Checking character 7 , sequence length: 1 , is emoji sequence: false
qt.text.emojisegmenter: Checking character 8 , sequence length: 1 , is emoji sequence: false
qt.text.emojisegmenter: Checking character 9 , sequence length: 1 , is emoji sequence: false
qt.text.emojisegmenter: Checking character 10 , sequence length: 1 , is emoji sequence: false
qt.text.emojisegmenter: Checking character 11 , sequence length: 1 , is emoji sequence: false
qt.text.emojisegmenter: Checking character 12 , sequence length: 1 , is emoji sequence: false
qt.text.emojisegmenter: Checking character 13 , sequence length: 1 , is emoji sequence: false
qt.text.emojisegmenter: Checking character 14 , sequence length: 1 , is emoji sequence: false
qt.text.emojisegmenter: Checking character 15 , sequence length: 1 , is emoji sequence: false
qt.text.emojisegmenter: Checking character 16 , sequence length: 1 , is emoji sequence: false
qt.text.emojisegmenter: Checking character 17 , sequence length: 1 , is emoji sequence: false
qt.text.layout: page size QSizeF(100, -1) -> width -1
qt.text.layout: layoutFrame (0--18), parent=0x0
qt.text.layout: layoutFrame (0--18), parent=0x0
qt.text.layout: layoutStruct: x_left 0 x_right 0 fullLayout true
qt.text.layout: layoutFlow from= 0 to= 2147483647
qt.text.layout: layoutBlock from= 0 to= 2147483647 ; width 0 (maxWidth is btw 87.2969 )
qt.text.layout: do layout
qt.text.emojisegmenter: Emoji segmenter disabled: false
qt.text.emojisegmenter: Checking character 0 , ucs4 == '1' , category: 7
qt.text.emojisegmenter: Checking character 1 , ucs4 == '.' , category: 16
qt.text.emojisegmenter: Checking character 2 , ucs4 == '3' , category: 7
qt.text.emojisegmenter: Checking character 3 , ucs4 == '.' , category: 16
qt.text.emojisegmenter: Checking character 4 , ucs4 == '5' , category: 7
qt.text.emojisegmenter: Checking character 5 , ucs4 == '.' , category: 16
qt.text.emojisegmenter: Checking character 6 , ucs4 == '0' , category: 7
qt.text.emojisegmenter: Checking character 7 , ucs4 == ' ' , category: 16
qt.text.emojisegmenter: Checking character 8 , ucs4 == 'T' , category: 16
qt.text.emojisegmenter: Checking character 9 , ucs4 == 'o' , category: 16
qt.text.emojisegmenter: Checking character 10 , ucs4 == 'g' , category: 16
qt.text.emojisegmenter: Checking character 11 , ucs4 == 'e' , category: 16
qt.text.emojisegmenter: Checking character 12 , ucs4 == 'n' , category: 16
qt.text.emojisegmenter: Checking character 13 , ucs4 == 'a' , category: 16
qt.text.emojisegmenter: Checking character 14 , ucs4 == 's' , category: 16
qt.text.emojisegmenter: Checking character 15 , ucs4 == 'h' , category: 16
qt.text.emojisegmenter: Checking character 16 , ucs4 == 'i' , category: 16
qt.text.emojisegmenter: Checking character 17 , ucs4 == ' ' , category: 16
qt.text.emojisegmenter: Checking character 0 , sequence length: 1 , is emoji sequence: false
qt.text.emojisegmenter: Checking character 1 , sequence length: 1 , is emoji sequence: false
qt.text.emojisegmenter: Checking character 2 , sequence length: 1 , is emoji sequence: false
qt.text.emojisegmenter: Checking character 3 , sequence length: 1 , is emoji sequence: false
qt.text.emojisegmenter: Checking character 4 , sequence length: 1 , is emoji sequence: false
qt.text.emojisegmenter: Checking character 5 , sequence length: 1 , is emoji sequence: false
qt.text.emojisegmenter: Checking character 6 , sequence length: 1 , is emoji sequence: false
qt.text.emojisegmenter: Checking character 7 , sequence length: 1 , is emoji sequence: false
qt.text.emojisegmenter: Checking character 8 , sequence length: 1 , is emoji sequence: false
qt.text.emojisegmenter: Checking character 9 , sequence length: 1 , is emoji sequence: false
qt.text.emojisegmenter: Checking character 10 , sequence length: 1 , is emoji sequence: false
qt.text.emojisegmenter: Checking character 11 , sequence length: 1 , is emoji sequence: false
qt.text.emojisegmenter: Checking character 12 , sequence length: 1 , is emoji sequence: false
qt.text.emojisegmenter: Checking character 13 , sequence length: 1 , is emoji sequence: false
qt.text.emojisegmenter: Checking character 14 , sequence length: 1 , is emoji sequence: false
qt.text.emojisegmenter: Checking character 15 , sequence length: 1 , is emoji sequence: false
qt.text.emojisegmenter: Checking character 16 , sequence length: 1 , is emoji sequence: false
qt.text.emojisegmenter: Checking character 17 , sequence length: 1 , is emoji sequence: false
qt.text.layout: page size QSizeF(-1, -1) -> width 100
qt.text.layout: layoutFrame (0--18), parent=0x0
qt.text.layout: layoutFrame (0--18), parent=0x0
qt.text.layout: layoutStruct: x_left 0 x_right 100 fullLayout true
qt.text.layout: layoutFlow from= 0 to= 2147483647
qt.text.layout: layoutBlock from= 0 to= 2147483647 ; width 100 (maxWidth is btw 87.2969 )
qt.text.layout: do layout
qt.text.emojisegmenter: Emoji segmenter disabled: false
qt.text.emojisegmenter: Checking character 0 , ucs4 == '1' , category: 7
qt.text.emojisegmenter: Checking character 1 , ucs4 == '.' , category: 16
qt.text.emojisegmenter: Checking character 2 , ucs4 == '3' , category: 7
qt.text.emojisegmenter: Checking character 3 , ucs4 == '.' , category: 16
qt.text.emojisegmenter: Checking character 4 , ucs4 == '5' , category: 7
qt.text.emojisegmenter: Checking character 5 , ucs4 == '.' , category: 16
qt.text.emojisegmenter: Checking character 6 , ucs4 == '0' , category: 7
qt.text.emojisegmenter: Checking character 7 , ucs4 == ' ' , category: 16
qt.text.emojisegmenter: Checking character 8 , ucs4 == 'T' , category: 16
qt.text.emojisegmenter: Checking character 9 , ucs4 == 'o' , category: 16
qt.text.emojisegmenter: Checking character 10 , ucs4 == 'g' , category: 16
qt.text.emojisegmenter: Checking character 11 , ucs4 == 'e' , category: 16
qt.text.emojisegmenter: Checking character 12 , ucs4 == 'n' , category: 16
qt.text.emojisegmenter: Checking character 13 , ucs4 == 'a' , category: 16
qt.text.emojisegmenter: Checking character 14 , ucs4 == 's' , category: 16
qt.text.emojisegmenter: Checking character 15 , ucs4 == 'h' , category: 16
qt.text.emojisegmenter: Checking character 16 , ucs4 == 'i' , category: 16
qt.text.emojisegmenter: Checking character 17 , ucs4 == ' ' , category: 16
qt.text.emojisegmenter: Checking character 0 , sequence length: 1 , is emoji sequence: false
qt.text.emojisegmenter: Checking character 1 , sequence length: 1 , is emoji sequence: false
qt.text.emojisegmenter: Checking character 2 , sequence length: 1 , is emoji sequence: false
qt.text.emojisegmenter: Checking character 3 , sequence length: 1 , is emoji sequence: false
qt.text.emojisegmenter: Checking character 4 , sequence length: 1 , is emoji sequence: false
qt.text.emojisegmenter: Checking character 5 , sequence length: 1 , is emoji sequence: false
qt.text.emojisegmenter: Checking character 6 , sequence length: 1 , is emoji sequence: false
qt.text.emojisegmenter: Checking character 7 , sequence length: 1 , is emoji sequence: false
qt.text.emojisegmenter: Checking character 8 , sequence length: 1 , is emoji sequence: false
qt.text.emojisegmenter: Checking character 9 , sequence length: 1 , is emoji sequence: false
qt.text.emojisegmenter: Checking character 10 , sequence length: 1 , is emoji sequence: false
qt.text.emojisegmenter: Checking character 11 , sequence length: 1 , is emoji sequence: false
qt.text.emojisegmenter: Checking character 12 , sequence length: 1 , is emoji sequence: false
qt.text.emojisegmenter: Checking character 13 , sequence length: 1 , is emoji sequence: false
qt.text.emojisegmenter: Checking character 14 , sequence length: 1 , is emoji sequence: false
qt.text.emojisegmenter: Checking character 15 , sequence length: 1 , is emoji sequence: false
qt.text.emojisegmenter: Checking character 16 , sequence length: 1 , is emoji sequence: false
qt.text.emojisegmenter: Checking character 17 , sequence length: 1 , is emoji sequence: false
qt.text.layout: page size QSizeF(100, -1) -> width -1
qt.text.layout: layoutFrame (0--18), parent=0x0
qt.text.layout: layoutFrame (0--18), parent=0x0
qt.text.layout: layoutStruct: x_left 0 x_right 0 fullLayout true
qt.text.layout: layoutFlow from= 0 to= 2147483647
qt.text.layout: layoutBlock from= 0 to= 2147483647 ; width 0 (maxWidth is btw 87.2969 )
qt.text.layout: do layout
qt.text.emojisegmenter: Emoji segmenter disabled: false
qt.text.emojisegmenter: Checking character 0 , ucs4 == '1' , category: 7
qt.text.emojisegmenter: Checking character 1 , ucs4 == '.' , category: 16
qt.text.emojisegmenter: Checking character 2 , ucs4 == '3' , category: 7
qt.text.emojisegmenter: Checking character 3 , ucs4 == '.' , category: 16
qt.text.emojisegmenter: Checking character 4 , ucs4 == '5' , category: 7
qt.text.emojisegmenter: Checking character 5 , ucs4 == '.' , category: 16
qt.text.emojisegmenter: Checking character 6 , ucs4 == '0' , category: 7
qt.text.emojisegmenter: Checking character 7 , ucs4 == ' ' , category: 16
qt.text.emojisegmenter: Checking character 8 , ucs4 == 'T' , category: 16
qt.text.emojisegmenter: Checking character 9 , ucs4 == 'o' , category: 16
qt.text.emojisegmenter: Checking character 10 , ucs4 == 'g' , category: 16
qt.text.emojisegmenter: Checking character 11 , ucs4 == 'e' , category: 16
qt.text.emojisegmenter: Checking character 12 , ucs4 == 'n' , category: 16
qt.text.emojisegmenter: Checking character 13 , ucs4 == 'a' , category: 16
qt.text.emojisegmenter: Checking character 14 , ucs4 == 's' , category: 16
qt.text.emojisegmenter: Checking character 15 , ucs4 == 'h' , category: 16
qt.text.emojisegmenter: Checking character 16 , ucs4 == 'i' , category: 16
qt.text.emojisegmenter: Checking character 17 , ucs4 == ' ' , category: 16
qt.text.emojisegmenter: Checking character 0 , sequence length: 1 , is emoji sequence: false
qt.text.emojisegmenter: Checking character 1 , sequence length: 1 , is emoji sequence: false
qt.text.emojisegmenter: Checking character 2 , sequence length: 1 , is emoji sequence: false
qt.text.emojisegmenter: Checking character 3 , sequence length: 1 , is emoji sequence: false
qt.text.emojisegmenter: Checking character 4 , sequence length: 1 , is emoji sequence: false
qt.text.emojisegmenter: Checking character 5 , sequence length: 1 , is emoji sequence: false
qt.text.emojisegmenter: Checking character 6 , sequence length: 1 , is emoji sequence: false
qt.text.emojisegmenter: Checking character 7 , sequence length: 1 , is emoji sequence: false
qt.text.emojisegmenter: Checking character 8 , sequence length: 1 , is emoji sequence: false
qt.text.emojisegmenter: Checking character 9 , sequence length: 1 , is emoji sequence: false
qt.text.emojisegmenter: Checking character 10 , sequence length: 1 , is emoji sequence: false
qt.text.emojisegmenter: Checking character 11 , sequence length: 1 , is emoji sequence: false
qt.text.emojisegmenter: Checking character 12 , sequence length: 1 , is emoji sequence: false
qt.text.emojisegmenter: Checking character 13 , sequence length: 1 , is emoji sequence: false
qt.text.emojisegmenter: Checking character 14 , sequence length: 1 , is emoji sequence: false
qt.text.emojisegmenter: Checking character 15 , sequence length: 1 , is emoji sequence: false
qt.text.emojisegmenter: Checking character 16 , sequence length: 1 , is emoji sequence: false
qt.text.emojisegmenter: Checking character 17 , sequence length: 1 , is emoji sequence: false
qt.text.layout: page size QSizeF(-1, -1) -> width 100
qt.text.layout: layoutFrame (0--18), parent=0x0
qt.text.layout: layoutFrame (0--18), parent=0x0
qt.text.layout: layoutStruct: x_left 0 x_right 100 fullLayout true
qt.text.layout: layoutFlow from= 0 to= 2147483647
qt.text.layout: layoutBlock from= 0 to= 2147483647 ; width 100 (maxWidth is btw 87.2969 )
qt.text.layout: do layout
qt.text.emojisegmenter: Emoji segmenter disabled: false
qt.text.emojisegmenter: Checking character 0 , ucs4 == '1' , category: 7
qt.text.emojisegmenter: Checking character 1 , ucs4 == '.' , category: 16
qt.text.emojisegmenter: Checking character 2 , ucs4 == '3' , category: 7
qt.text.emojisegmenter: Checking character 3 , ucs4 == '.' , category: 16
qt.text.emojisegmenter: Checking character 4 , ucs4 == '5' , category: 7
qt.text.emojisegmenter: Checking character 5 , ucs4 == '.' , category: 16
qt.text.emojisegmenter: Checking character 6 , ucs4 == '0' , category: 7
qt.text.emojisegmenter: Checking character 7 , ucs4 == ' ' , category: 16
qt.text.emojisegmenter: Checking character 8 , ucs4 == 'T' , category: 16
qt.text.emojisegmenter: Checking character 9 , ucs4 == 'o' , category: 16
qt.text.emojisegmenter: Checking character 10 , ucs4 == 'g' , category: 16
qt.text.emojisegmenter: Checking character 11 , ucs4 == 'e' , category: 16
qt.text.emojisegmenter: Checking character 12 , ucs4 == 'n' , category: 16
qt.text.emojisegmenter: Checking character 13 , ucs4 == 'a' , category: 16
qt.text.emojisegmenter: Checking character 14 , ucs4 == 's' , category: 16
qt.text.emojisegmenter: Checking character 15 , ucs4 == 'h' , category: 16
qt.text.emojisegmenter: Checking character 16 , ucs4 == 'i' , category: 16
qt.text.emojisegmenter: Checking character 17 , ucs4 == ' ' , category: 16
qt.text.emojisegmenter: Checking character 0 , sequence length: 1 , is emoji sequence: false
qt.text.emojisegmenter: Checking character 1 , sequence length: 1 , is emoji sequence: false
qt.text.emojisegmenter: Checking character 2 , sequence length: 1 , is emoji sequence: false
qt.text.emojisegmenter: Checking character 3 , sequence length: 1 , is emoji sequence: false
qt.text.emojisegmenter: Checking character 4 , sequence length: 1 , is emoji sequence: false
qt.text.emojisegmenter: Checking character 5 , sequence length: 1 , is emoji sequence: false
qt.text.emojisegmenter: Checking character 6 , sequence length: 1 , is emoji sequence: false
qt.text.emojisegmenter: Checking character 7 , sequence length: 1 , is emoji sequence: false
qt.text.emojisegmenter: Checking character 8 , sequence length: 1 , is emoji sequence: false
qt.text.emojisegmenter: Checking character 9 , sequence length: 1 , is emoji sequence: false
qt.text.emojisegmenter: Checking character 10 , sequence length: 1 , is emoji sequence: false
qt.text.emojisegmenter: Checking character 11 , sequence length: 1 , is emoji sequence: false
qt.text.emojisegmenter: Checking character 12 , sequence length: 1 , is emoji sequence: false
qt.text.emojisegmenter: Checking character 13 , sequence length: 1 , is emoji sequence: false
qt.text.emojisegmenter: Checking character 14 , sequence length: 1 , is emoji sequence: false
qt.text.emojisegmenter: Checking character 15 , sequence length: 1 , is emoji sequence: false
qt.text.emojisegmenter: Checking character 16 , sequence length: 1 , is emoji sequence: false
qt.text.emojisegmenter: Checking character 17 , sequence length: 1 , is emoji sequence: false
qt.text.layout: page size QSizeF(100, -1) -> width -1
qt.text.layout: layoutFrame (0--18), parent=0x0
qt.text.layout: layoutFrame (0--18), parent=0x0
qt.text.layout: layoutStruct: x_left 0 x_right 0 fullLayout true
qt.text.layout: layoutFlow from= 0 to= 2147483647
qt.text.layout: layoutBlock from= 0 to= 2147483647 ; width 0 (maxWidth is btw 87.2969 )
qt.text.layout: do layout
qt.text.emojisegmenter: Emoji segmenter disabled: false
qt.text.emojisegmenter: Checking character 0 , ucs4 == '1' , category: 7
qt.text.emojisegmenter: Checking character 1 , ucs4 == '.' , category: 16
qt.text.emojisegmenter: Checking character 2 , ucs4 == '3' , category: 7
qt.text.emojisegmenter: Checking character 3 , ucs4 == '.' , category: 16
qt.text.emojisegmenter: Checking character 4 , ucs4 == '5' , category: 7
qt.text.emojisegmenter: Checking character 5 , ucs4 == '.' , category: 16
qt.text.emojisegmenter: Checking character 6 , ucs4 == '0' , category: 7
qt.text.emojisegmenter: Checking character 7 , ucs4 == ' ' , category: 16
qt.text.emojisegmenter: Checking character 8 , ucs4 == 'T' , category: 16
qt.text.emojisegmenter: Checking character 9 , ucs4 == 'o' , category: 16
qt.text.emojisegmenter: Checking character 10 , ucs4 == 'g' , category: 16
qt.text.emojisegmenter: Checking character 11 , ucs4 == 'e' , category: 16
qt.text.emojisegmenter: Checking character 12 , ucs4 == 'n' , category: 16
qt.text.emojisegmenter: Checking character 13 , ucs4 == 'a' , category: 16
qt.text.emojisegmenter: Checking character 14 , ucs4 == 's' , category: 16
qt.text.emojisegmenter: Checking character 15 , ucs4 == 'h' , category: 16
qt.text.emojisegmenter: Checking character 16 , ucs4 == 'i' , category: 16
qt.text.emojisegmenter: Checking character 17 , ucs4 == ' ' , category: 16
qt.text.emojisegmenter: Checking character 0 , sequence length: 1 , is emoji sequence: false
qt.text.emojisegmenter: Checking character 1 , sequence length: 1 , is emoji sequence: false
qt.text.emojisegmenter: Checking character 2 , sequence length: 1 , is emoji sequence: false
qt.text.emojisegmenter: Checking character 3 , sequence length: 1 , is emoji sequence: false
qt.text.emojisegmenter: Checking character 4 , sequence length: 1 , is emoji sequence: false
qt.text.emojisegmenter: Checking character 5 , sequence length: 1 , is emoji sequence: false
qt.text.emojisegmenter: Checking character 6 , sequence length: 1 , is emoji sequence: false
qt.text.emojisegmenter: Checking character 7 , sequence length: 1 , is emoji sequence: false
qt.text.emojisegmenter: Checking character 8 , sequence length: 1 , is emoji sequence: false
qt.text.emojisegmenter: Checking character 9 , sequence length: 1 , is emoji sequence: false
qt.text.emojisegmenter: Checking character 10 , sequence length: 1 , is emoji sequence: false
qt.text.emojisegmenter: Checking character 11 , sequence length: 1 , is emoji sequence: false
qt.text.emojisegmenter: Checking character 12 , sequence length: 1 , is emoji sequence: false
qt.text.emojisegmenter: Checking character 13 , sequence length: 1 , is emoji sequence: false
qt.text.emojisegmenter: Checking character 14 , sequence length: 1 , is emoji sequence: false
qt.text.emojisegmenter: Checking character 15 , sequence length: 1 , is emoji sequence: false
qt.text.emojisegmenter: Checking character 16 , sequence length: 1 , is emoji sequence: false
qt.text.emojisegmenter: Checking character 17 , sequence length: 1 , is emoji sequence: false
qt.text.layout: page size QSizeF(-1, -1) -> width 100
qt.text.layout: layoutFrame (0--18), parent=0x0
qt.text.layout: layoutFrame (0--18), parent=0x0
qt.text.layout: layoutStruct: x_left 0 x_right 100 fullLayout true
qt.text.layout: layoutFlow from= 0 to= 2147483647
qt.text.layout: layoutBlock from= 0 to= 2147483647 ; width 100 (maxWidth is btw 87.2969 )
qt.text.layout: do layout
qt.text.emojisegmenter: Emoji segmenter disabled: false
qt.text.emojisegmenter: Checking character 0 , ucs4 == '1' , category: 7
qt.text.emojisegmenter: Checking character 1 , ucs4 == '.' , category: 16
qt.text.emojisegmenter: Checking character 2 , ucs4 == '3' , category: 7
qt.text.emojisegmenter: Checking character 3 , ucs4 == '.' , category: 16
qt.text.emojisegmenter: Checking character 4 , ucs4 == '5' , category: 7
qt.text.emojisegmenter: Checking character 5 , ucs4 == '.' , category: 16
qt.text.emojisegmenter: Checking character 6 , ucs4 == '0' , category: 7
qt.text.emojisegmenter: Checking character 7 , ucs4 == ' ' , category: 16
qt.text.emojisegmenter: Checking character 8 , ucs4 == 'T' , category: 16
qt.text.emojisegmenter: Checking character 9 , ucs4 == 'o' , category: 16
qt.text.emojisegmenter: Checking character 10 , ucs4 == 'g' , category: 16
qt.text.emojisegmenter: Checking character 11 , ucs4 == 'e' , category: 16
qt.text.emojisegmenter: Checking character 12 , ucs4 == 'n' , category: 16
qt.text.emojisegmenter: Checking character 13 , ucs4 == 'a' , category: 16
qt.text.emojisegmenter: Checking character 14 , ucs4 == 's' , category: 16
qt.text.emojisegmenter: Checking character 15 , ucs4 == 'h' , category: 16
qt.text.emojisegmenter: Checking character 16 , ucs4 == 'i' , category: 16
qt.text.emojisegmenter: Checking character 17 , ucs4 == ' ' , category: 16
qt.text.emojisegmenter: Checking character 0 , sequence length: 1 , is emoji sequence: false
qt.text.emojisegmenter: Checking character 1 , sequence length: 1 , is emoji sequence: false
qt.text.emojisegmenter: Checking character 2 , sequence length: 1 , is emoji sequence: false
qt.text.emojisegmenter: Checking character 3 , sequence length: 1 , is emoji sequence: false
qt.text.emojisegmenter: Checking character 4 , sequence length: 1 , is emoji sequence: false
qt.text.emojisegmenter: Checking character 5 , sequence length: 1 , is emoji sequence: false
qt.text.emojisegmenter: Checking character 6 , sequence length: 1 , is emoji sequence: false
qt.text.emojisegmenter: Checking character 7 , sequence length: 1 , is emoji sequence: false
qt.text.emojisegmenter: Checking character 8 , sequence length: 1 , is emoji sequence: false
qt.text.emojisegmenter: Checking character 9 , sequence length: 1 , is emoji sequence: false
qt.text.emojisegmenter: Checking character 10 , sequence length: 1 , is emoji sequence: false
qt.text.emojisegmenter: Checking character 11 , sequence length: 1 , is emoji sequence: false
qt.text.emojisegmenter: Checking character 12 , sequence length: 1 , is emoji sequence: false
qt.text.emojisegmenter: Checking character 13 , sequence length: 1 , is emoji sequence: false
qt.text.emojisegmenter: Checking character 14 , sequence length: 1 , is emoji sequence: false
qt.text.emojisegmenter: Checking character 15 , sequence length: 1 , is emoji sequence: false
qt.text.emojisegmenter: Checking character 16 , sequence length: 1 , is emoji sequence: false
qt.text.emojisegmenter: Checking character 17 , sequence length: 1 , is emoji sequence: false
qt.widgets.focus: Initializing focus chain of QWidget(0x3efcf920)
qt.widgets.focus: Initializing focus chain of QWidget(0x3f070070)
qt.widgets.focus: Initializing focus chain of QWidget(0x3ea71390)
qt.widgets.showhide: Setting visibility of StartupSplash(0x3eb5e710) with attributes [WA_NoSystemBackground,WA_WState_Hidden,WA_PendingMoveEvent,WA_PendingResizeEvent,WA_Resized,WA_Moved,WA_SetWindowIcon,WA_TranslucentBackground] to true via QWidget
qt.widgets.showhide: Setting visibility of StartupSplash(0x3eb5e710) with attributes [WA_NoSystemBackground,WA_WState_Hidden,WA_PendingMoveEvent,WA_PendingResizeEvent,WA_Resized,WA_Moved,WA_SetWindowIcon,WA_WState_ExplicitShowHide,WA_TranslucentBackground] to true via QWidgetPrivate
qt.qpa.backingstore: Check for forced use of QRhi resulted in enable false with api Null
qt.qpa.xdnd: dndEnable QPlatformSurface(0x3efca080, class=QSurface::Window, type=QSurface::RasterSurface, window=QWidgetWindow(0x3f051e00, name="StartupSplashClassWindow")) true
qt.qpa.xdnd: setting XdndAware for 14680071
qt.widgets.showhide: Showing children of StartupSplash(0x3eb5e710) spontaneously false
qt.widgets.showhide: Considering QFrame(0x3ead4ef0, name="splashContainer") with attributes [WA_PendingMoveEvent,WA_PendingResizeEvent,WA_SetPalette,WA_Resized,WA_Moved,WA_WState_Polished,WA_QuitOnClose,WA_StyledBackground,WA_StyleSheet,WA_StyleSheetTarget]
qt.widgets.showhide: Setting visibility of QFrame(0x3ead4ef0, name="splashContainer") with attributes [WA_PendingMoveEvent,WA_PendingResizeEvent,WA_SetPalette,WA_Resized,WA_Moved,WA_WState_Polished,WA_QuitOnClose,WA_StyledBackground,WA_StyleSheet,WA_StyleSheetTarget] to true via QWidget
qt.widgets.showhide: Setting visibility of QFrame(0x3ead4ef0, name="splashContainer") with attributes [WA_PendingMoveEvent,WA_PendingResizeEvent,WA_SetPalette,WA_Resized,WA_Moved,WA_WState_Polished,WA_QuitOnClose,WA_StyledBackground,WA_StyleSheet,WA_StyleSheetTarget] to true via QWidgetPrivate
qt.widgets.showhide: Showing children of QFrame(0x3ead4ef0, name="splashContainer") spontaneously false
qt.widgets.showhide: Considering QLabel(0x3ea80590) with attributes [WA_PendingMoveEvent,WA_PendingResizeEvent,WA_Resized,WA_Moved,WA_WState_Polished,WA_WState_OwnSizePolicy,WA_QuitOnClose,WA_StyleSheet]
qt.widgets.showhide: Setting visibility of QLabel(0x3ea80590) with attributes [WA_PendingMoveEvent,WA_PendingResizeEvent,WA_Resized,WA_Moved,WA_WState_Polished,WA_WState_OwnSizePolicy,WA_QuitOnClose,WA_StyleSheet] to true via QWidget
qt.widgets.showhide: Setting visibility of QLabel(0x3ea80590) with attributes [WA_PendingMoveEvent,WA_PendingResizeEvent,WA_Resized,WA_Moved,WA_WState_Polished,WA_WState_OwnSizePolicy,WA_QuitOnClose,WA_StyleSheet] to true via QWidgetPrivate
qt.widgets.showhide: Showing children of QLabel(0x3ea80590) spontaneously false
qt.widgets.showhide: Considering QLabel(0x3eaaf0b0) with attributes [WA_PendingMoveEvent,WA_PendingResizeEvent,WA_SetPalette,WA_SetFont,WA_Moved,WA_WState_Polished,WA_WState_OwnSizePolicy,WA_QuitOnClose,WA_StyleSheet,WA_StyleSheetTarget]
qt.widgets.showhide: Setting visibility of QLabel(0x3eaaf0b0) with attributes [WA_PendingMoveEvent,WA_PendingResizeEvent,WA_SetPalette,WA_SetFont,WA_Moved,WA_WState_Polished,WA_WState_OwnSizePolicy,WA_QuitOnClose,WA_StyleSheet,WA_StyleSheetTarget] to true via QWidget
qt.widgets.showhide: Setting visibility of QLabel(0x3eaaf0b0) with attributes [WA_PendingMoveEvent,WA_PendingResizeEvent,WA_SetPalette,WA_SetFont,WA_Moved,WA_WState_Polished,WA_WState_OwnSizePolicy,WA_QuitOnClose,WA_StyleSheet,WA_StyleSheetTarget] to true via QWidgetPrivate
qt.text.emojisegmenter: Emoji segmenter disabled: false
qt.text.emojisegmenter: Checking character 0 , ucs4 == 'L' , category: 16
qt.text.emojisegmenter: Checking character 1 , ucs4 == 'u' , category: 16
qt.text.emojisegmenter: Checking character 2 , ucs4 == 'm' , category: 16
qt.text.emojisegmenter: Checking character 3 , ucs4 == 'i' , category: 16
qt.text.emojisegmenter: Checking character 4 , ucs4 == 'n' , category: 16
qt.text.emojisegmenter: Checking character 5 , ucs4 == 'a' , category: 16
qt.text.emojisegmenter: Checking character 6 , ucs4 == 'l' , category: 16
qt.text.emojisegmenter: Checking character 7 , ucs4 == 'i' , category: 16
qt.text.emojisegmenter: Checking character 8 , ucs4 == 'u' , category: 16
qt.text.emojisegmenter: Checking character 9 , ucs4 == 'm' , category: 16
qt.text.emojisegmenter: Checking character 0 , sequence length: 1 , is emoji sequence: false
qt.text.emojisegmenter: Checking character 1 , sequence length: 1 , is emoji sequence: false
qt.text.emojisegmenter: Checking character 2 , sequence length: 1 , is emoji sequence: false
qt.text.emojisegmenter: Checking character 3 , sequence length: 1 , is emoji sequence: false
qt.text.emojisegmenter: Checking character 4 , sequence length: 1 , is emoji sequence: false
qt.text.emojisegmenter: Checking character 5 , sequence length: 1 , is emoji sequence: false
qt.text.emojisegmenter: Checking character 6 , sequence length: 1 , is emoji sequence: false
qt.text.emojisegmenter: Checking character 7 , sequence length: 1 , is emoji sequence: false
qt.text.emojisegmenter: Checking character 8 , sequence length: 1 , is emoji sequence: false
qt.text.emojisegmenter: Checking character 9 , sequence length: 1 , is emoji sequence: false
qt.text.font.match: Family name match pass: Looking for family name 'Google Sans Flex'
qt.text.font.match: QFontDatabasePrivate::match
  request:
    family: Google Sans Flex [-- any --], script: 2
    styleName: -- any --
    weight: 900, style: 0
    stretch: 0
    pixelSize: 32
    pitch: *
qt.text.font.match:   REMARK: looking for best foundry for family 'Google Sans Flex' [1]
qt.text.font.match:           looking for matching style in foundry 'GOOG' 1
qt.text.font.match:           best style has distance 0x32
qt.text.font.match:           found smoothly scalable font (32 pixels)
qt.text.font.match:           found a match: score 2000 best score so far ffffffff
qt.text.emojisegmenter: Emoji segmenter disabled: false
qt.text.emojisegmenter: Checking character 0 , ucs4 == 'L' , category: 16
qt.text.emojisegmenter: Checking character 1 , ucs4 == 'u' , category: 16
qt.text.emojisegmenter: Checking character 2 , ucs4 == 'm' , category: 16
qt.text.emojisegmenter: Checking character 3 , ucs4 == 'i' , category: 16
qt.text.emojisegmenter: Checking character 4 , ucs4 == 'n' , category: 16
qt.text.emojisegmenter: Checking character 5 , ucs4 == 'a' , category: 16
qt.text.emojisegmenter: Checking character 6 , ucs4 == 'l' , category: 16
qt.text.emojisegmenter: Checking character 7 , ucs4 == 'i' , category: 16
qt.text.emojisegmenter: Checking character 8 , ucs4 == 'u' , category: 16
qt.text.emojisegmenter: Checking character 9 , ucs4 == 'm' , category: 16
qt.text.emojisegmenter: Checking character 0 , sequence length: 1 , is emoji sequence: false
qt.text.emojisegmenter: Checking character 1 , sequence length: 1 , is emoji sequence: false
qt.text.emojisegmenter: Checking character 2 , sequence length: 1 , is emoji sequence: false
qt.text.emojisegmenter: Checking character 3 , sequence length: 1 , is emoji sequence: false
qt.text.emojisegmenter: Checking character 4 , sequence length: 1 , is emoji sequence: false
qt.text.emojisegmenter: Checking character 5 , sequence length: 1 , is emoji sequence: false
qt.text.emojisegmenter: Checking character 6 , sequence length: 1 , is emoji sequence: false
qt.text.emojisegmenter: Checking character 7 , sequence length: 1 , is emoji sequence: false
qt.text.emojisegmenter: Checking character 8 , sequence length: 1 , is emoji sequence: false
qt.text.emojisegmenter: Checking character 9 , sequence length: 1 , is emoji sequence: false
qt.text.emojisegmenter: Emoji segmenter disabled: false
qt.text.emojisegmenter: Checking character 0 , ucs4 == 'L' , category: 16
qt.text.emojisegmenter: Checking character 1 , ucs4 == 'u' , category: 16
qt.text.emojisegmenter: Checking character 2 , ucs4 == 'm' , category: 16
qt.text.emojisegmenter: Checking character 3 , ucs4 == 'i' , category: 16
qt.text.emojisegmenter: Checking character 4 , ucs4 == 'n' , category: 16
qt.text.emojisegmenter: Checking character 5 , ucs4 == 'a' , category: 16
qt.text.emojisegmenter: Checking character 6 , ucs4 == 'l' , category: 16
qt.text.emojisegmenter: Checking character 7 , ucs4 == 'i' , category: 16
qt.text.emojisegmenter: Checking character 8 , ucs4 == 'u' , category: 16
qt.text.emojisegmenter: Checking character 9 , ucs4 == 'm' , category: 16
qt.text.emojisegmenter: Checking character 0 , sequence length: 1 , is emoji sequence: false
qt.text.emojisegmenter: Checking character 1 , sequence length: 1 , is emoji sequence: false
qt.text.emojisegmenter: Checking character 2 , sequence length: 1 , is emoji sequence: false
qt.text.emojisegmenter: Checking character 3 , sequence length: 1 , is emoji sequence: false
qt.text.emojisegmenter: Checking character 4 , sequence length: 1 , is emoji sequence: false
qt.text.emojisegmenter: Checking character 5 , sequence length: 1 , is emoji sequence: false
qt.text.emojisegmenter: Checking character 6 , sequence length: 1 , is emoji sequence: false
qt.text.emojisegmenter: Checking character 7 , sequence length: 1 , is emoji sequence: false
qt.text.emojisegmenter: Checking character 8 , sequence length: 1 , is emoji sequence: false
qt.text.emojisegmenter: Checking character 9 , sequence length: 1 , is emoji sequence: false
qt.widgets.showhide: Showing children of QLabel(0x3eaaf0b0) spontaneously false
qt.widgets.showhide: Considering QLabel(0x3ef7a7c0) with attributes [WA_MouseTracking,WA_PendingMoveEvent,WA_PendingResizeEvent,WA_Resized,WA_Moved,WA_WState_Polished,WA_WState_OwnSizePolicy,WA_QuitOnClose,WA_StyleSheet]
qt.widgets.showhide: Setting visibility of QLabel(0x3ef7a7c0) with attributes [WA_MouseTracking,WA_PendingMoveEvent,WA_PendingResizeEvent,WA_Resized,WA_Moved,WA_WState_Polished,WA_WState_OwnSizePolicy,WA_QuitOnClose,WA_StyleSheet] to true via QWidget
qt.widgets.showhide: Setting visibility of QLabel(0x3ef7a7c0) with attributes [WA_MouseTracking,WA_PendingMoveEvent,WA_PendingResizeEvent,WA_Resized,WA_Moved,WA_WState_Polished,WA_WState_OwnSizePolicy,WA_QuitOnClose,WA_StyleSheet] to true via QWidgetPrivate
qt.widgets.showhide: Showing children of QLabel(0x3ef7a7c0) spontaneously false
qt.widgets.showhide: Considering IndeterminateSpinner(0x3efcf920) with attributes [WA_PendingMoveEvent,WA_PendingResizeEvent,WA_Resized,WA_Moved,WA_WState_Polished,WA_QuitOnClose,WA_StyleSheet]
qt.widgets.showhide: Setting visibility of IndeterminateSpinner(0x3efcf920) with attributes [WA_PendingMoveEvent,WA_PendingResizeEvent,WA_Resized,WA_Moved,WA_WState_Polished,WA_QuitOnClose,WA_StyleSheet] to true via QWidget
qt.widgets.showhide: Setting visibility of IndeterminateSpinner(0x3efcf920) with attributes [WA_PendingMoveEvent,WA_PendingResizeEvent,WA_Resized,WA_Moved,WA_WState_Polished,WA_QuitOnClose,WA_StyleSheet] to true via QWidgetPrivate
qt.widgets.showhide: Showing children of IndeterminateSpinner(0x3efcf920) spontaneously false
qt.widgets.showhide: Considering QLabel(0x3f070070) with attributes [WA_PendingMoveEvent,WA_PendingResizeEvent,WA_SetPalette,WA_SetFont,WA_Moved,WA_WState_Polished,WA_WState_OwnSizePolicy,WA_QuitOnClose,WA_StyleSheet,WA_StyleSheetTarget]
qt.widgets.showhide: Setting visibility of QLabel(0x3f070070) with attributes [WA_PendingMoveEvent,WA_PendingResizeEvent,WA_SetPalette,WA_SetFont,WA_Moved,WA_WState_Polished,WA_WState_OwnSizePolicy,WA_QuitOnClose,WA_StyleSheet,WA_StyleSheetTarget] to true via QWidget
qt.widgets.showhide: Setting visibility of QLabel(0x3f070070) with attributes [WA_PendingMoveEvent,WA_PendingResizeEvent,WA_SetPalette,WA_SetFont,WA_Moved,WA_WState_Polished,WA_WState_OwnSizePolicy,WA_QuitOnClose,WA_StyleSheet,WA_StyleSheetTarget] to true via QWidgetPrivate
qt.text.emojisegmenter: Emoji segmenter disabled: false
qt.text.emojisegmenter: Checking character 0 , ucs4 == '\u6b63' , category: 16
qt.text.emojisegmenter: Checking character 1 , ucs4 == '\u5728' , category: 16
qt.text.emojisegmenter: Checking character 2 , ucs4 == '\u542f' , category: 16
qt.text.emojisegmenter: Checking character 3 , ucs4 == '\u52a8' , category: 16
qt.text.emojisegmenter: Checking character 4 , ucs4 == ' ' , category: 16
qt.text.emojisegmenter: Checking character 5 , ucs4 == '0' , category: 7
qt.text.emojisegmenter: Checking character 6 , ucs4 == '%' , category: 16
qt.text.emojisegmenter: Checking character 0 , sequence length: 1 , is emoji sequence: false
qt.text.emojisegmenter: Checking character 1 , sequence length: 1 , is emoji sequence: false
qt.text.emojisegmenter: Checking character 2 , sequence length: 1 , is emoji sequence: false
qt.text.emojisegmenter: Checking character 3 , sequence length: 1 , is emoji sequence: false
qt.text.emojisegmenter: Checking character 4 , sequence length: 1 , is emoji sequence: false
qt.text.emojisegmenter: Checking character 5 , sequence length: 1 , is emoji sequence: false
qt.text.emojisegmenter: Checking character 6 , sequence length: 1 , is emoji sequence: false
qt.text.font.match: Family name match pass: Looking for family name 'Google Sans Flex'
qt.text.font.match: QFontDatabasePrivate::match
  request:
    family: Google Sans Flex [-- any --], script: 2
    styleName: -- any --
    weight: 700, style: 0
    stretch: 0
    pixelSize: 15
    pitch: *
qt.text.font.match:   REMARK: looking for best foundry for family 'Google Sans Flex' [1]
qt.text.font.match:           looking for matching style in foundry 'GOOG' 1
qt.text.font.match:           best style has distance 0x1e
qt.text.font.match:           found smoothly scalable font (15 pixels)
qt.text.font.match:           found a match: score 2000 best score so far ffffffff
qt.text.font.match: Family name match pass: Looking for family name 'Google Sans Flex'
qt.text.font.match: QFontDatabasePrivate::match
  request:
    family: Google Sans Flex [-- any --], script: 2
    styleName: -- any --
    weight: 700, style: 0
    stretch: 0
    pixelSize: 15
    pitch: *
qt.text.font.match:   REMARK: looking for best foundry for family 'Google Sans Flex' [1]
qt.text.font.match:           looking for matching style in foundry 'GOOG' 1
qt.text.font.match:           best style has distance 0x1e
qt.text.font.match:           found smoothly scalable font (15 pixels)
qt.text.font.match:           found a match: score 2000 best score so far ffffffff
qt.text.font.match: Family name match pass: Looking for family name 'MiSans VF'
qt.text.font.match: QFontDatabasePrivate::match
  request:
    family: MiSans VF [-- any --], script: 2
    styleName: Regular
    weight: 700, style: 0
    stretch: 100
    pixelSize: 15
    pitch: p
qt.text.font.match:   REMARK: looking for best foundry for family 'MiSans VF' [1]
qt.text.font.match:           looking for matching style in foundry 'HNYI' 1
qt.text.font.match:           best style has distance 0x0
qt.text.font.match:           found smoothly scalable font (15 pixels)
qt.text.font.match:           found a match: score 2000 best score so far ffffffff
qt.text.emojisegmenter: Emoji segmenter disabled: false
qt.text.emojisegmenter: Checking character 0 , ucs4 == '\u6b63' , category: 16
qt.text.emojisegmenter: Checking character 1 , ucs4 == '\u5728' , category: 16
qt.text.emojisegmenter: Checking character 2 , ucs4 == '\u542f' , category: 16
qt.text.emojisegmenter: Checking character 3 , ucs4 == '\u52a8' , category: 16
qt.text.emojisegmenter: Checking character 4 , ucs4 == ' ' , category: 16
qt.text.emojisegmenter: Checking character 5 , ucs4 == '0' , category: 7
qt.text.emojisegmenter: Checking character 6 , ucs4 == '%' , category: 16
qt.text.emojisegmenter: Checking character 0 , sequence length: 1 , is emoji sequence: false
qt.text.emojisegmenter: Checking character 1 , sequence length: 1 , is emoji sequence: false
qt.text.emojisegmenter: Checking character 2 , sequence length: 1 , is emoji sequence: false
qt.text.emojisegmenter: Checking character 3 , sequence length: 1 , is emoji sequence: false
qt.text.emojisegmenter: Checking character 4 , sequence length: 1 , is emoji sequence: false
qt.text.emojisegmenter: Checking character 5 , sequence length: 1 , is emoji sequence: false
qt.text.emojisegmenter: Checking character 6 , sequence length: 1 , is emoji sequence: false
qt.text.emojisegmenter: Emoji segmenter disabled: false
qt.text.emojisegmenter: Checking character 0 , ucs4 == '\u6b63' , category: 16
qt.text.emojisegmenter: Checking character 1 , ucs4 == '\u5728' , category: 16
qt.text.emojisegmenter: Checking character 2 , ucs4 == '\u542f' , category: 16
qt.text.emojisegmenter: Checking character 3 , ucs4 == '\u52a8' , category: 16
qt.text.emojisegmenter: Checking character 4 , ucs4 == ' ' , category: 16
qt.text.emojisegmenter: Checking character 5 , ucs4 == '0' , category: 7
qt.text.emojisegmenter: Checking character 6 , ucs4 == '%' , category: 16
qt.text.emojisegmenter: Checking character 0 , sequence length: 1 , is emoji sequence: false
qt.text.emojisegmenter: Checking character 1 , sequence length: 1 , is emoji sequence: false
qt.text.emojisegmenter: Checking character 2 , sequence length: 1 , is emoji sequence: false
qt.text.emojisegmenter: Checking character 3 , sequence length: 1 , is emoji sequence: false
qt.text.emojisegmenter: Checking character 4 , sequence length: 1 , is emoji sequence: false
qt.text.emojisegmenter: Checking character 5 , sequence length: 1 , is emoji sequence: false
qt.text.emojisegmenter: Checking character 6 , sequence length: 1 , is emoji sequence: false
qt.widgets.showhide: Showing children of QLabel(0x3f070070) spontaneously false
qt.widgets.showhide: Considering QProgressBar(0x3ea71390) with attributes [WA_PendingMoveEvent,WA_PendingResizeEvent,WA_SetPalette,WA_Moved,WA_WState_Polished,WA_Hover,WA_QuitOnClose,WA_StyleSheet,WA_StyleSheetTarget]
qt.widgets.showhide: Setting visibility of QProgressBar(0x3ea71390) with attributes [WA_PendingMoveEvent,WA_PendingResizeEvent,WA_SetPalette,WA_Moved,WA_WState_Polished,WA_Hover,WA_QuitOnClose,WA_StyleSheet,WA_StyleSheetTarget] to true via QWidget
qt.widgets.showhide: Setting visibility of QProgressBar(0x3ea71390) with attributes [WA_PendingMoveEvent,WA_PendingResizeEvent,WA_SetPalette,WA_Moved,WA_WState_Polished,WA_Hover,WA_QuitOnClose,WA_StyleSheet,WA_StyleSheetTarget] to true via QWidgetPrivate
qt.widgets.showhide: Showing children of QProgressBar(0x3ea71390) spontaneously false
qt.widgets.painting: Marking QRect(0,0 726x303) of StartupSplash(0x3eb5e710) dirty with QWidgetRepaintManager::UpdateLater
qt.widgets.painting: Sending update request to StartupSplash(0x3eb5e710) with QWidgetRepaintManager::UpdateLater
qt.widgets.showhide: Setting visibility of QWidgetWindow(0x3f051e00, name="StartupSplashClassWindow") to true via QWidgetWindow::setNativeWindowVisibility
qt.qpa.xcb.window: 0xe00007 added XCB_ATOM_WM_TRANSIENT_FOR 0xe00009
qt.widgets.painting: Marking QRegion(0,0 64x64) of QLabel(0x3ea80590) dirty with QWidgetRepaintManager::UpdateLater
qt.widgets.painting: Marking QRegion(0,0 328x32) of QLabel(0x3eaaf0b0) dirty with QWidgetRepaintManager::UpdateLater
qt.widgets.painting: Marking QRegion(0,0 88x20) of QLabel(0x3ef7a7c0) dirty with QWidgetRepaintManager::UpdateLater
qt.widgets.painting: Marking QRegion(0,0 27x27) of IndeterminateSpinner(0x3efcf920) dirty with QWidgetRepaintManager::UpdateLater
qt.widgets.painting: Marking QRegion(0,0 221x24) of QLabel(0x3f070070) dirty with QWidgetRepaintManager::UpdateLater
qt.widgets.painting: Marking QRegion(0,0 678x8) of QProgressBar(0x3ea71390) dirty with QWidgetRepaintManager::UpdateLater
qt.widgets.painting: Marking QRegion(0,0 678x255) of QFrame(0x3ead4ef0, name="splashContainer") dirty with QWidgetRepaintManager::UpdateLater
qt.widgets.painting: Marking QRegion(0,0 726x303) of StartupSplash(0x3eb5e710) dirty with QWidgetRepaintManager::UpdateLater
qt.widgets.painting: Syncing dirty widgets
qt.qpa.events: Event | XCB_PROPERTY_NOTIFY(28) | sequence: 330
qt.qpa.events: Event | XCB_PROPERTY_NOTIFY(28) | sequence: 331
qt.qpa.events: Event | XCB_PROPERTY_NOTIFY(28) | sequence: 332
qt.qpa.events: Event | XCB_PROPERTY_NOTIFY(28) | sequence: 333
qt.qpa.events: Event | XCB_PROPERTY_NOTIFY(28) | sequence: 334
qt.qpa.events: Event | XCB_PROPERTY_NOTIFY(28) | sequence: 336
qt.qpa.events: Event | XCB_PROPERTY_NOTIFY(28) | sequence: 337
qt.qpa.events: Event | XCB_PROPERTY_NOTIFY(28) | sequence: 338
qt.qpa.events: Event | XCB_PROPERTY_NOTIFY(28) | sequence: 344
qt.qpa.events: Event | XCB_PROPERTY_NOTIFY(28) | sequence: 345
qt.qpa.events: Event | XCB_PROPERTY_NOTIFY(28) | sequence: 346
qt.qpa.events: Event | XCB_PROPERTY_NOTIFY(28) | sequence: 350
qt.qpa.events: Event | XCB_CLIENT_MESSAGE(33) | sequence: 351
qt.qpa.events: Event | XCB_CLIENT_MESSAGE(33) | sequence: 352
qt.qpa.events: Event | XCB_PROPERTY_NOTIFY(28) | sequence: 353
qt.qpa.events: Event | XCB_PROPERTY_NOTIFY(28) | sequence: 355
qt.qpa.events: Event | XCB_PROPERTY_NOTIFY(28) | sequence: 356
qt.qpa.events: Event | XCB_PROPERTY_NOTIFY(28) | sequence: 357
qt.qpa.events: Event | XCB_PROPERTY_NOTIFY(28) | sequence: 359
qt.qpa.events: Event | XCB_PROPERTY_NOTIFY(28) | sequence: 361
qt.qpa.events: Event | XCB_PROPERTY_NOTIFY(28) | sequence: 362
qt.qpa.events: Event | XCB_PROPERTY_NOTIFY(28) | sequence: 363
qt.qpa.events: Event | XCB_PROPERTY_NOTIFY(28) | sequence: 364
qt.qpa.events: Event | XCB_PROPERTY_NOTIFY(28) | sequence: 365
qt.qpa.events: Event | XCB_PROPERTY_NOTIFY(28) | sequence: 377
qt.qpa.events: Event | XCB_PROPERTY_NOTIFY(28) | sequence: 378
qt.qpa.events: Event | XCB_PROPERTY_NOTIFY(28) | sequence: 380
qt.qpa.events: Event | XCB_PROPERTY_NOTIFY(28) | sequence: 382
qt.qpa.events: Event | XCB_PROPERTY_NOTIFY(28) | sequence: 382
qt.qpa.events: Event | XCB_PROPERTY_NOTIFY(28) | sequence: 382
qt.qpa.events: Event | XCB_PROPERTY_NOTIFY(28) | sequence: 382
qt.qpa.events: Event | XCB_PROPERTY_NOTIFY(28) | sequence: 382
qt.qpa.events: Event | XCB_PROPERTY_NOTIFY(28) | sequence: 382
qt.qpa.events: Event | XCB_CONFIGURE_NOTIFY(22) | sequence: 382
qt.qpa.events: Event | XCB_PROPERTY_NOTIFY(28) | sequence: 382
qt.qpa.events: Event | XCB_PROPERTY_NOTIFY(28) | sequence: 382
qt.qpa.events: Event | XCB_PROPERTY_NOTIFY(28) | sequence: 382
qt.qpa.events: Event | XCB_PROPERTY_NOTIFY(28) | sequence: 382
qt.qpa.events: Event | XCB_PROPERTY_NOTIFY(28) | sequence: 382
qt.qpa.events: Event | XCB_PROPERTY_NOTIFY(28) | sequence: 382
qt.qpa.events: Event | XCB_PROPERTY_NOTIFY(28) | sequence: 382
qt.qpa.events: Event | XCB_PROPERTY_NOTIFY(28) | sequence: 382
qt.qpa.events: Event | XCB_MAP_NOTIFY(19) | sequence: 382
qt.qpa.events: Event | XCB_EXPOSE(12) | sequence: 382
qt.qpa.events: Event | XCB_LEAVE_NOTIFY(8) | sequence: 382
qt.qpa.events: Event | XCB_ENTER_NOTIFY(7) | sequence: 382
qt.qpa.events: Event | XInput Event(XCB_INPUT_ENTER) | sequence: 382
qt.qpa.input.events: XI2 mouse enter 550,496, mode 0, detail 0, time 6015060
qt.qpa.input.events: scrolling device 2 moved from (0.000000, 0.000000) to (0.000000, 2.000000)
qt.qpa.events: Event | XCB_PROPERTY_NOTIFY(28) | sequence: 382
qt.qpa.events: Event | XCB_PROPERTY_NOTIFY(28) | sequence: 382
qt.qpa.events: Event | XCB_PROPERTY_NOTIFY(28) | sequence: 382
qt.qpa.events: Event | XCB_PROPERTY_NOTIFY(28) | sequence: 382
qt.qpa.events: Event | XCB_PROPERTY_NOTIFY(28) | sequence: 382
qt.qpa.events: Event | XCB_PROPERTY_NOTIFY(28) | sequence: 382
qt.qpa.events: Event | XCB_PROPERTY_NOTIFY(28) | sequence: 382
qt.qpa.gtk: Returning palette from cache: "SystemPalette"
qt.gui.icon.loader: Initialized icon loader with system theme "Yaru-olive-dark" and SVG support true
qt.qpa.gtk: Returning system palette for unknown type "ToolTipPalette"
qt.qpa.gtk: Returning palette from cache: "SystemPalette"
qt.widgets.painting: Marking QRect(0,0 726x303) of StartupSplash(0x3eb5e710) dirty with QWidgetRepaintManager::UpdateLater
qt.widgets.painting: Marking QRect(0,0 726x303) of StartupSplash(0x3eb5e710) dirty with QWidgetRepaintManager::UpdateLater
qt.qpa.gtk: Returning palette from cache: "SystemPalette"
qt.qpa.gtk: Returning system palette for unknown type "ToolTipPalette"
qt.qpa.gtk: Returning palette from cache: "SystemPalette"
qt.widgets.painting: Marking QRect(0,0 726x303) of StartupSplash(0x3eb5e710) dirty with QWidgetRepaintManager::UpdateLater
qt.widgets.painting: Marking QRect(0,0 726x303) of StartupSplash(0x3eb5e710) dirty with QWidgetRepaintManager::UpdateLater
qt.widgets.painting: Syncing QRegion(0,0 726x303) of StartupSplash(0x3eb5e710)
qt.widgets.painting: Marking QRegion(0,0 726x303) of top level StartupSplash(0x3eb5e710) as needing flush
qt.widgets.painting: Painting and flushing dirty top level QRegion(0,0 726x303) and dirty widgets QList()
qt.qpa.xcb: [ QWidgetWindow(0x3f051e00, name="StartupSplashClassWindow") ] creating shared memory 3519648 bytes for QSize(1452, 606) depth 32 bits 32
qt.widgets.painting: Drawing QRegion(0,0 726x303) of StartupSplash(0x3eb5e710) at QPoint(0,0) into paint device 0x7781f0004e20 with QFlags<QWidgetPrivate::DrawWidgetFlag>(DrawAsRoot|DrawRecursive|UseEffectRegionBounds)
qt.widgets.painting: Marking QRegion(0,0 726x303) of top level StartupSplash(0x3eb5e710) as needing flush
qt.widgets.painting: Drawing QRegion(-24,-16 726x303) of QFrame(0x3ead4ef0, name="splashContainer") at QPoint(24,16) into paint device 0x7781f0004e20 with QFlags<QWidgetPrivate::DrawWidgetFlag>(DrawRecursive)
qt.widgets.painting: Drawing QRegion(0,0 678x255) of QFrame(0x3ead4ef0, name="splashContainer") at QPoint(24,16) into paint device 0x3f0d3080 with QFlags<QWidgetPrivate::DrawWidgetFlag>(DrawPaintOnScreen|DrawRecursive|DrawInvisible|DontSetCompositionMode)
qt.widgets.painting: Drawing QRegion(0,0 64x64) of QLabel(0x3ea80590) at QPoint(62,53) into paint device 0x3f0d3080 with QFlags<QWidgetPrivate::DrawWidgetFlag>(DrawPaintOnScreen|DrawRecursive|DrawInvisible|DontSetCompositionMode)
qt.widgets.painting: Drawing QRegion(0,0 328x32) of QLabel(0x3eaaf0b0) at QPoint(62,127) into paint device 0x3f0d3080 with QFlags<QWidgetPrivate::DrawWidgetFlag>(DrawPaintOnScreen|DrawRecursive|DrawInvisible|DontSetCompositionMode)
qt.text.emojisegmenter: Emoji segmenter disabled: false
qt.text.emojisegmenter: Checking character 0 , ucs4 == 'L' , category: 16
qt.text.emojisegmenter: Checking character 1 , ucs4 == 'u' , category: 16
qt.text.emojisegmenter: Checking character 2 , ucs4 == 'm' , category: 16
qt.text.emojisegmenter: Checking character 3 , ucs4 == 'i' , category: 16
qt.text.emojisegmenter: Checking character 4 , ucs4 == 'n' , category: 16
qt.text.emojisegmenter: Checking character 5 , ucs4 == 'a' , category: 16
qt.text.emojisegmenter: Checking character 6 , ucs4 == 'l' , category: 16
qt.text.emojisegmenter: Checking character 7 , ucs4 == 'i' , category: 16
qt.text.emojisegmenter: Checking character 8 , ucs4 == 'u' , category: 16
qt.text.emojisegmenter: Checking character 9 , ucs4 == 'm' , category: 16
qt.text.emojisegmenter: Checking character 0 , sequence length: 1 , is emoji sequence: false
qt.text.emojisegmenter: Checking character 1 , sequence length: 1 , is emoji sequence: false
qt.text.emojisegmenter: Checking character 2 , sequence length: 1 , is emoji sequence: false
qt.text.emojisegmenter: Checking character 3 , sequence length: 1 , is emoji sequence: false
qt.text.emojisegmenter: Checking character 4 , sequence length: 1 , is emoji sequence: false
qt.text.emojisegmenter: Checking character 5 , sequence length: 1 , is emoji sequence: false
qt.text.emojisegmenter: Checking character 6 , sequence length: 1 , is emoji sequence: false
qt.text.emojisegmenter: Checking character 7 , sequence length: 1 , is emoji sequence: false
qt.text.emojisegmenter: Checking character 8 , sequence length: 1 , is emoji sequence: false
qt.text.emojisegmenter: Checking character 9 , sequence length: 1 , is emoji sequence: false
qt.widgets.painting: Drawing QRegion(0,0 88x20) of QLabel(0x3ef7a7c0) at QPoint(62,159) into paint device 0x3f0d3080 with QFlags<QWidgetPrivate::DrawWidgetFlag>(DrawPaintOnScreen|DrawRecursive|DrawInvisible|DontSetCompositionMode)
qt.text.layout: layoutFrame (0--18), parent=0x0
qt.text.layout: layoutFrame (0--18), parent=0x0
qt.text.layout: layoutStruct: x_left 0 x_right 100 fullLayout false
qt.text.layout: layoutFlow from= 0 to= 2147483647
qt.text.layout: layoutBlock from= 0 to= 2147483647 ; width 100 (maxWidth is btw 87.2969 )
qt.text.layout: do layout
qt.text.emojisegmenter: Emoji segmenter disabled: false
qt.text.emojisegmenter: Checking character 0 , ucs4 == '1' , category: 7
qt.text.emojisegmenter: Checking character 1 , ucs4 == '.' , category: 16
qt.text.emojisegmenter: Checking character 2 , ucs4 == '3' , category: 7
qt.text.emojisegmenter: Checking character 3 , ucs4 == '.' , category: 16
qt.text.emojisegmenter: Checking character 4 , ucs4 == '5' , category: 7
qt.text.emojisegmenter: Checking character 5 , ucs4 == '.' , category: 16
qt.text.emojisegmenter: Checking character 6 , ucs4 == '0' , category: 7
qt.text.emojisegmenter: Checking character 7 , ucs4 == ' ' , category: 16
qt.text.emojisegmenter: Checking character 8 , ucs4 == 'T' , category: 16
qt.text.emojisegmenter: Checking character 9 , ucs4 == 'o' , category: 16
qt.text.emojisegmenter: Checking character 10 , ucs4 == 'g' , category: 16
qt.text.emojisegmenter: Checking character 11 , ucs4 == 'e' , category: 16
qt.text.emojisegmenter: Checking character 12 , ucs4 == 'n' , category: 16
qt.text.emojisegmenter: Checking character 13 , ucs4 == 'a' , category: 16
qt.text.emojisegmenter: Checking character 14 , ucs4 == 's' , category: 16
qt.text.emojisegmenter: Checking character 15 , ucs4 == 'h' , category: 16
qt.text.emojisegmenter: Checking character 16 , ucs4 == 'i' , category: 16
qt.text.emojisegmenter: Checking character 17 , ucs4 == ' ' , category: 16
qt.text.emojisegmenter: Checking character 0 , sequence length: 1 , is emoji sequence: false
qt.text.emojisegmenter: Checking character 1 , sequence length: 1 , is emoji sequence: false
qt.text.emojisegmenter: Checking character 2 , sequence length: 1 , is emoji sequence: false
qt.text.emojisegmenter: Checking character 3 , sequence length: 1 , is emoji sequence: false
qt.text.emojisegmenter: Checking character 4 , sequence length: 1 , is emoji sequence: false
qt.text.emojisegmenter: Checking character 5 , sequence length: 1 , is emoji sequence: false
qt.text.emojisegmenter: Checking character 6 , sequence length: 1 , is emoji sequence: false
qt.text.emojisegmenter: Checking character 7 , sequence length: 1 , is emoji sequence: false
qt.text.emojisegmenter: Checking character 8 , sequence length: 1 , is emoji sequence: false
qt.text.emojisegmenter: Checking character 9 , sequence length: 1 , is emoji sequence: false
qt.text.emojisegmenter: Checking character 10 , sequence length: 1 , is emoji sequence: false
qt.text.emojisegmenter: Checking character 11 , sequence length: 1 , is emoji sequence: false
qt.text.emojisegmenter: Checking character 12 , sequence length: 1 , is emoji sequence: false
qt.text.emojisegmenter: Checking character 13 , sequence length: 1 , is emoji sequence: false
qt.text.emojisegmenter: Checking character 14 , sequence length: 1 , is emoji sequence: false
qt.text.emojisegmenter: Checking character 15 , sequence length: 1 , is emoji sequence: false
qt.text.emojisegmenter: Checking character 16 , sequence length: 1 , is emoji sequence: false
qt.text.emojisegmenter: Checking character 17 , sequence length: 1 , is emoji sequence: false
qt.accessibility.cache: insert - id: 2147483648  iface: QAccessibleInterface(0x3efc5760 name="1.3.5.0 Togenashi " role=StaticText obj=QLabel(0x3ef7a7c0)rect=QRect(723,647 88x20))
qt.text.layout: layoutFrame (0--18), parent=0x0
qt.text.layout: layoutFrame (0--18), parent=0x0
qt.text.layout: layoutStruct: x_left 0 x_right 100 fullLayout false
qt.text.layout: layoutFlow from= 0 to= 18
qt.text.layout: layoutBlock from= 0 to= 18 ; width 100 (maxWidth is btw 87.2969 )
qt.text.layout: do layout
qt.text.emojisegmenter: Emoji segmenter disabled: false
qt.text.emojisegmenter: Checking character 0 , ucs4 == '1' , category: 7
qt.text.emojisegmenter: Checking character 1 , ucs4 == '.' , category: 16
qt.text.emojisegmenter: Checking character 2 , ucs4 == '3' , category: 7
qt.text.emojisegmenter: Checking character 3 , ucs4 == '.' , category: 16
qt.text.emojisegmenter: Checking character 4 , ucs4 == '5' , category: 7
qt.text.emojisegmenter: Checking character 5 , ucs4 == '.' , category: 16
qt.text.emojisegmenter: Checking character 6 , ucs4 == '0' , category: 7
qt.text.emojisegmenter: Checking character 7 , ucs4 == ' ' , category: 16
qt.text.emojisegmenter: Checking character 8 , ucs4 == 'T' , category: 16
qt.text.emojisegmenter: Checking character 9 , ucs4 == 'o' , category: 16
qt.text.emojisegmenter: Checking character 10 , ucs4 == 'g' , category: 16
qt.text.emojisegmenter: Checking character 11 , ucs4 == 'e' , category: 16
qt.text.emojisegmenter: Checking character 12 , ucs4 == 'n' , category: 16
qt.text.emojisegmenter: Checking character 13 , ucs4 == 'a' , category: 16
qt.text.emojisegmenter: Checking character 14 , ucs4 == 's' , category: 16
qt.text.emojisegmenter: Checking character 15 , ucs4 == 'h' , category: 16
qt.text.emojisegmenter: Checking character 16 , ucs4 == 'i' , category: 16
qt.text.emojisegmenter: Checking character 17 , ucs4 == ' ' , category: 16
qt.text.emojisegmenter: Checking character 0 , sequence length: 1 , is emoji sequence: false
qt.text.emojisegmenter: Checking character 1 , sequence length: 1 , is emoji sequence: false
qt.text.emojisegmenter: Checking character 2 , sequence length: 1 , is emoji sequence: false
qt.text.emojisegmenter: Checking character 3 , sequence length: 1 , is emoji sequence: false
qt.text.emojisegmenter: Checking character 4 , sequence length: 1 , is emoji sequence: false
qt.text.emojisegmenter: Checking character 5 , sequence length: 1 , is emoji sequence: false
qt.text.emojisegmenter: Checking character 6 , sequence length: 1 , is emoji sequence: false
qt.text.emojisegmenter: Checking character 7 , sequence length: 1 , is emoji sequence: false
qt.text.emojisegmenter: Checking character 8 , sequence length: 1 , is emoji sequence: false
qt.text.emojisegmenter: Checking character 9 , sequence length: 1 , is emoji sequence: false
qt.text.emojisegmenter: Checking character 10 , sequence length: 1 , is emoji sequence: false
qt.text.emojisegmenter: Checking character 11 , sequence length: 1 , is emoji sequence: false
qt.text.emojisegmenter: Checking character 12 , sequence length: 1 , is emoji sequence: false
qt.text.emojisegmenter: Checking character 13 , sequence length: 1 , is emoji sequence: false
qt.text.emojisegmenter: Checking character 14 , sequence length: 1 , is emoji sequence: false
qt.text.emojisegmenter: Checking character 15 , sequence length: 1 , is emoji sequence: false
qt.text.emojisegmenter: Checking character 16 , sequence length: 1 , is emoji sequence: false
qt.text.emojisegmenter: Checking character 17 , sequence length: 1 , is emoji sequence: false
qt.text.layout: page size QSizeF(100, -1) -> width 88
qt.text.layout: layoutFrame (0--18), parent=0x0
qt.text.layout: layoutFrame (0--18), parent=0x0
qt.text.layout: layoutStruct: x_left 0 x_right 88 fullLayout true
qt.text.layout: layoutFlow from= 0 to= 2147483647
qt.text.layout: layoutBlock from= 0 to= 2147483647 ; width 88 (maxWidth is btw 87.2969 )
qt.text.layout: do layout
qt.text.emojisegmenter: Emoji segmenter disabled: false
qt.text.emojisegmenter: Checking character 0 , ucs4 == '1' , category: 7
qt.text.emojisegmenter: Checking character 1 , ucs4 == '.' , category: 16
qt.text.emojisegmenter: Checking character 2 , ucs4 == '3' , category: 7
qt.text.emojisegmenter: Checking character 3 , ucs4 == '.' , category: 16
qt.text.emojisegmenter: Checking character 4 , ucs4 == '5' , category: 7
qt.text.emojisegmenter: Checking character 5 , ucs4 == '.' , category: 16
qt.text.emojisegmenter: Checking character 6 , ucs4 == '0' , category: 7
qt.text.emojisegmenter: Checking character 7 , ucs4 == ' ' , category: 16
qt.text.emojisegmenter: Checking character 8 , ucs4 == 'T' , category: 16
qt.text.emojisegmenter: Checking character 9 , ucs4 == 'o' , category: 16
qt.text.emojisegmenter: Checking character 10 , ucs4 == 'g' , category: 16
qt.text.emojisegmenter: Checking character 11 , ucs4 == 'e' , category: 16
qt.text.emojisegmenter: Checking character 12 , ucs4 == 'n' , category: 16
qt.text.emojisegmenter: Checking character 13 , ucs4 == 'a' , category: 16
qt.text.emojisegmenter: Checking character 14 , ucs4 == 's' , category: 16
qt.text.emojisegmenter: Checking character 15 , ucs4 == 'h' , category: 16
qt.text.emojisegmenter: Checking character 16 , ucs4 == 'i' , category: 16
qt.text.emojisegmenter: Checking character 17 , ucs4 == ' ' , category: 16
qt.text.emojisegmenter: Checking character 0 , sequence length: 1 , is emoji sequence: false
qt.text.emojisegmenter: Checking character 1 , sequence length: 1 , is emoji sequence: false
qt.text.emojisegmenter: Checking character 2 , sequence length: 1 , is emoji sequence: false
qt.text.emojisegmenter: Checking character 3 , sequence length: 1 , is emoji sequence: false
qt.text.emojisegmenter: Checking character 4 , sequence length: 1 , is emoji sequence: false
qt.text.emojisegmenter: Checking character 5 , sequence length: 1 , is emoji sequence: false
qt.text.emojisegmenter: Checking character 6 , sequence length: 1 , is emoji sequence: false
qt.text.emojisegmenter: Checking character 7 , sequence length: 1 , is emoji sequence: false
qt.text.emojisegmenter: Checking character 8 , sequence length: 1 , is emoji sequence: false
qt.text.emojisegmenter: Checking character 9 , sequence length: 1 , is emoji sequence: false
qt.text.emojisegmenter: Checking character 10 , sequence length: 1 , is emoji sequence: false
qt.text.emojisegmenter: Checking character 11 , sequence length: 1 , is emoji sequence: false
qt.text.emojisegmenter: Checking character 12 , sequence length: 1 , is emoji sequence: false
qt.text.emojisegmenter: Checking character 13 , sequence length: 1 , is emoji sequence: false
qt.text.emojisegmenter: Checking character 14 , sequence length: 1 , is emoji sequence: false
qt.text.emojisegmenter: Checking character 15 , sequence length: 1 , is emoji sequence: false
qt.text.emojisegmenter: Checking character 16 , sequence length: 1 , is emoji sequence: false
qt.text.emojisegmenter: Checking character 17 , sequence length: 1 , is emoji sequence: false
qt.text.drawing: drawFrame 0 -- 18 at QPointF(0,0)
qt.text.drawing: drawBlock 0 at QPointF(0,0) br QRectF(0,1 88x19)
qt.text.emojisegmenter: Emoji segmenter disabled: false
qt.text.emojisegmenter: Checking character 0 , ucs4 == '1' , category: 7
qt.text.emojisegmenter: Checking character 1 , ucs4 == '.' , category: 16
qt.text.emojisegmenter: Checking character 2 , ucs4 == '3' , category: 7
qt.text.emojisegmenter: Checking character 3 , ucs4 == '.' , category: 16
qt.text.emojisegmenter: Checking character 4 , ucs4 == '5' , category: 7
qt.text.emojisegmenter: Checking character 5 , ucs4 == '.' , category: 16
qt.text.emojisegmenter: Checking character 6 , ucs4 == '0' , category: 7
qt.text.emojisegmenter: Checking character 7 , ucs4 == ' ' , category: 16
qt.text.emojisegmenter: Checking character 8 , ucs4 == 'T' , category: 16
qt.text.emojisegmenter: Checking character 9 , ucs4 == 'o' , category: 16
qt.text.emojisegmenter: Checking character 10 , ucs4 == 'g' , category: 16
qt.text.emojisegmenter: Checking character 11 , ucs4 == 'e' , category: 16
qt.text.emojisegmenter: Checking character 12 , ucs4 == 'n' , category: 16
qt.text.emojisegmenter: Checking character 13 , ucs4 == 'a' , category: 16
qt.text.emojisegmenter: Checking character 14 , ucs4 == 's' , category: 16
qt.text.emojisegmenter: Checking character 15 , ucs4 == 'h' , category: 16
qt.text.emojisegmenter: Checking character 16 , ucs4 == 'i' , category: 16
qt.text.emojisegmenter: Checking character 17 , ucs4 == ' ' , category: 16
qt.text.emojisegmenter: Checking character 0 , sequence length: 1 , is emoji sequence: false
qt.text.emojisegmenter: Checking character 1 , sequence length: 1 , is emoji sequence: false
qt.text.emojisegmenter: Checking character 2 , sequence length: 1 , is emoji sequence: false
qt.text.emojisegmenter: Checking character 3 , sequence length: 1 , is emoji sequence: false
qt.text.emojisegmenter: Checking character 4 , sequence length: 1 , is emoji sequence: false
qt.text.emojisegmenter: Checking character 5 , sequence length: 1 , is emoji sequence: false
qt.text.emojisegmenter: Checking character 6 , sequence length: 1 , is emoji sequence: false
qt.text.emojisegmenter: Checking character 7 , sequence length: 1 , is emoji sequence: false
qt.text.emojisegmenter: Checking character 8 , sequence length: 1 , is emoji sequence: false
qt.text.emojisegmenter: Checking character 9 , sequence length: 1 , is emoji sequence: false
qt.text.emojisegmenter: Checking character 10 , sequence length: 1 , is emoji sequence: false
qt.text.emojisegmenter: Checking character 11 , sequence length: 1 , is emoji sequence: false
qt.text.emojisegmenter: Checking character 12 , sequence length: 1 , is emoji sequence: false
qt.text.emojisegmenter: Checking character 13 , sequence length: 1 , is emoji sequence: false
qt.text.emojisegmenter: Checking character 14 , sequence length: 1 , is emoji sequence: false
qt.text.emojisegmenter: Checking character 15 , sequence length: 1 , is emoji sequence: false
qt.text.emojisegmenter: Checking character 16 , sequence length: 1 , is emoji sequence: false
qt.text.emojisegmenter: Checking character 17 , sequence length: 1 , is emoji sequence: false
qt.widgets.painting: Drawing QRegion(0,0 27x27) of IndeterminateSpinner(0x3efcf920) at QPoint(62,215) into paint device 0x3f0d3080 with QFlags<QWidgetPrivate::DrawWidgetFlag>(DrawPaintOnScreen|DrawRecursive|DrawInvisible|DontSetCompositionMode)
qt.widgets.painting: Drawing QRegion(0,0 221x24) of QLabel(0x3f070070) at QPoint(100,216) into paint device 0x3f0d3080 with QFlags<QWidgetPrivate::DrawWidgetFlag>(DrawPaintOnScreen|DrawRecursive|DrawInvisible|DontSetCompositionMode)
qt.text.emojisegmenter: Emoji segmenter disabled: false
qt.text.emojisegmenter: Checking character 0 , ucs4 == '\u6b63' , category: 16
qt.text.emojisegmenter: Checking character 1 , ucs4 == '\u5728' , category: 16
qt.text.emojisegmenter: Checking character 2 , ucs4 == '\u542f' , category: 16
qt.text.emojisegmenter: Checking character 3 , ucs4 == '\u52a8' , category: 16
qt.text.emojisegmenter: Checking character 4 , ucs4 == ' ' , category: 16
qt.text.emojisegmenter: Checking character 5 , ucs4 == '0' , category: 7
qt.text.emojisegmenter: Checking character 6 , ucs4 == '%' , category: 16
qt.text.emojisegmenter: Checking character 0 , sequence length: 1 , is emoji sequence: false
qt.text.emojisegmenter: Checking character 1 , sequence length: 1 , is emoji sequence: false
qt.text.emojisegmenter: Checking character 2 , sequence length: 1 , is emoji sequence: false
qt.text.emojisegmenter: Checking character 3 , sequence length: 1 , is emoji sequence: false
qt.text.emojisegmenter: Checking character 4 , sequence length: 1 , is emoji sequence: false
qt.text.emojisegmenter: Checking character 5 , sequence length: 1 , is emoji sequence: false
qt.text.emojisegmenter: Checking character 6 , sequence length: 1 , is emoji sequence: false
qt.widgets.painting: Drawing QRegion(0,0 678x8) of QProgressBar(0x3ea71390) at QPoint(24,263) into paint device 0x3f0d3080 with QFlags<QWidgetPrivate::DrawWidgetFlag>(DrawPaintOnScreen|DrawRecursive|DrawInvisible|DontSetCompositionMode)
qt.widgets.painting: Marking QRegion(-24,-16 726x303) of QFrame(0x3ead4ef0, name="splashContainer") as needing flush in StartupSplash(0x3eb5e710) at offset QPoint(24,16)
qt.widgets.painting: Flushing top level QRegion(0,0 726x303) and children QList()
qt.widgets.painting: Flushing QRegion(0,0 726x303) of StartupSplash(0x3eb5e710) to QWidgetWindow(0x3f051e00, name="StartupSplashClassWindow") 
qt.widgets.painting: Syncing QRegion(0,0 726x303) of StartupSplash(0x3eb5e710)
qt.widgets.painting: Flushing QRegion(0,0 726x303) of StartupSplash(0x3eb5e710) to QWidgetWindow(0x3f051e00, name="StartupSplashClassWindow") 
qt.core.plugin.factoryloader: checking directory path "/home/chenjintang/Luminalium/.venv/lib/python3.14/site-packages/PySide6/Qt/plugins/accessiblebridge" ...
qt.core.plugin.factoryloader: checking directory path "/home/chenjintang/.local/share/uv/python/cpython-3.14.2-linux-x86_64-gnu/bin/accessiblebridge" ...
qt.core.plugin.factoryloader: checking directory path "/home/chenjintang/Luminalium/.venv/lib/python3.14/site-packages/PySide6/Qt/plugins/accessible" ...
qt.core.plugin.factoryloader: checking directory path "/home/chenjintang/.local/share/uv/python/cpython-3.14.2-linux-x86_64-gnu/bin/accessible" ...
qt.accessibility.cache: insert - id: 2147483650  iface: QAccessibleInterface(0x3e9bc4c0 name="main.py" role=Client childc=1 obj=StartupSplash(0x3eb5e710)rect=QRect(661,488 726x303))
qt.accessibility.cache: insert - id: 2147483649  iface: QAccessibleInterface(0x3f06efa0 name="main.py" role=Application childc=1 obj=QApplication(0x3e950960)rect=QRect(0,0 0x0))
qt.widgets.painting: Marking QRegion(0,0 88x20) of QLabel(0x3ef7a7c0) dirty with QWidgetRepaintManager::UpdateLater
qt.widgets.painting: Sending update request to StartupSplash(0x3eb5e710) with QWidgetRepaintManager::UpdateLater
qt.accessibility.cache: insert - id: 2147483651  iface: QAccessibleInterface(0x3f068010 name="" role=ProgressBar obj=QProgressBar(0x3ea71390)rect=QRect(685,751 678x8))
qt.widgets.painting: Marking QRect(0,0 678x8) of QProgressBar(0x3ea71390) dirty with QWidgetRepaintManager::UpdateNow
qt.widgets.painting: Sending update request to StartupSplash(0x3eb5e710) with QWidgetRepaintManager::UpdateNow
qt.widgets.painting: Syncing dirty widgets
qt.widgets.painting: Painting and flushing dirty top level QRegion(null) and dirty widgets QList(QLabel(0x3ef7a7c0), QProgressBar(0x3ea71390))
qt.widgets.painting: Drawing QRegion(size=2, bounds=(24,159 678x112) - [(62,159 88x20), (24,263 678x8)]) of StartupSplash(0x3eb5e710) at QPoint(0,0) into paint device 0x7781f0004e20 with QFlags<QWidgetPrivate::DrawWidgetFlag>(DrawAsRoot|DrawRecursive|UseEffectRegionBounds)
qt.widgets.painting: Marking QRegion(size=2, bounds=(24,159 678x112) - [(62,159 88x20), (24,263 678x8)]) of top level StartupSplash(0x3eb5e710) as needing flush
qt.widgets.painting: Drawing QRegion(size=2, bounds=(0,143 678x112) - [(38,143 88x20), (0,247 678x8)]) of QFrame(0x3ead4ef0, name="splashContainer") at QPoint(24,16) into paint device 0x7781f0004e20 with QFlags<QWidgetPrivate::DrawWidgetFlag>(DrawRecursive)
qt.widgets.painting: Drawing QRegion(0,0 678x255) of QFrame(0x3ead4ef0, name="splashContainer") at QPoint(24,16) into paint device 0x3f0607f0 with QFlags<QWidgetPrivate::DrawWidgetFlag>(DrawPaintOnScreen|DrawRecursive|DrawInvisible|DontSetCompositionMode)
qt.widgets.painting: Drawing QRegion(0,0 64x64) of QLabel(0x3ea80590) at QPoint(62,53) into paint device 0x3f0607f0 with QFlags<QWidgetPrivate::DrawWidgetFlag>(DrawPaintOnScreen|DrawRecursive|DrawInvisible|DontSetCompositionMode)
qt.widgets.painting: Drawing QRegion(0,0 328x32) of QLabel(0x3eaaf0b0) at QPoint(62,127) into paint device 0x3f0607f0 with QFlags<QWidgetPrivate::DrawWidgetFlag>(DrawPaintOnScreen|DrawRecursive|DrawInvisible|DontSetCompositionMode)
qt.text.emojisegmenter: Emoji segmenter disabled: false
qt.text.emojisegmenter: Checking character 0 , ucs4 == 'L' , category: 16
qt.text.emojisegmenter: Checking character 1 , ucs4 == 'u' , category: 16
qt.text.emojisegmenter: Checking character 2 , ucs4 == 'm' , category: 16
qt.text.emojisegmenter: Checking character 3 , ucs4 == 'i' , category: 16
qt.text.emojisegmenter: Checking character 4 , ucs4 == 'n' , category: 16
qt.text.emojisegmenter: Checking character 5 , ucs4 == 'a' , category: 16
qt.text.emojisegmenter: Checking character 6 , ucs4 == 'l' , category: 16
qt.text.emojisegmenter: Checking character 7 , ucs4 == 'i' , category: 16
qt.text.emojisegmenter: Checking character 8 , ucs4 == 'u' , category: 16
qt.text.emojisegmenter: Checking character 9 , ucs4 == 'm' , category: 16
qt.text.emojisegmenter: Checking character 0 , sequence length: 1 , is emoji sequence: false
qt.text.emojisegmenter: Checking character 1 , sequence length: 1 , is emoji sequence: false
qt.text.emojisegmenter: Checking character 2 , sequence length: 1 , is emoji sequence: false
qt.text.emojisegmenter: Checking character 3 , sequence length: 1 , is emoji sequence: false
qt.text.emojisegmenter: Checking character 4 , sequence length: 1 , is emoji sequence: false
qt.text.emojisegmenter: Checking character 5 , sequence length: 1 , is emoji sequence: false
qt.text.emojisegmenter: Checking character 6 , sequence length: 1 , is emoji sequence: false
qt.text.emojisegmenter: Checking character 7 , sequence length: 1 , is emoji sequence: false
qt.text.emojisegmenter: Checking character 8 , sequence length: 1 , is emoji sequence: false
qt.text.emojisegmenter: Checking character 9 , sequence length: 1 , is emoji sequence: false
qt.widgets.painting: Drawing QRegion(0,0 88x20) of QLabel(0x3ef7a7c0) at QPoint(62,159) into paint device 0x3f0607f0 with QFlags<QWidgetPrivate::DrawWidgetFlag>(DrawPaintOnScreen|DrawRecursive|DrawInvisible|DontSetCompositionMode)
qt.text.drawing: drawFrame 0 -- 18 at QPointF(0,0)
qt.text.drawing: drawBlock 0 at QPointF(0,0) br QRectF(0,1 88x19)
qt.text.emojisegmenter: Emoji segmenter disabled: false
qt.text.emojisegmenter: Checking character 0 , ucs4 == '1' , category: 7
qt.text.emojisegmenter: Checking character 1 , ucs4 == '.' , category: 16
qt.text.emojisegmenter: Checking character 2 , ucs4 == '3' , category: 7
qt.text.emojisegmenter: Checking character 3 , ucs4 == '.' , category: 16
qt.text.emojisegmenter: Checking character 4 , ucs4 == '5' , category: 7
qt.text.emojisegmenter: Checking character 5 , ucs4 == '.' , category: 16
qt.text.emojisegmenter: Checking character 6 , ucs4 == '0' , category: 7
qt.text.emojisegmenter: Checking character 7 , ucs4 == ' ' , category: 16
qt.text.emojisegmenter: Checking character 8 , ucs4 == 'T' , category: 16
qt.text.emojisegmenter: Checking character 9 , ucs4 == 'o' , category: 16
qt.text.emojisegmenter: Checking character 10 , ucs4 == 'g' , category: 16
qt.text.emojisegmenter: Checking character 11 , ucs4 == 'e' , category: 16
qt.text.emojisegmenter: Checking character 12 , ucs4 == 'n' , category: 16
qt.text.emojisegmenter: Checking character 13 , ucs4 == 'a' , category: 16
qt.text.emojisegmenter: Checking character 14 , ucs4 == 's' , category: 16
qt.text.emojisegmenter: Checking character 15 , ucs4 == 'h' , category: 16
qt.text.emojisegmenter: Checking character 16 , ucs4 == 'i' , category: 16
qt.text.emojisegmenter: Checking character 17 , ucs4 == ' ' , category: 16
qt.text.emojisegmenter: Checking character 0 , sequence length: 1 , is emoji sequence: false
qt.text.emojisegmenter: Checking character 1 , sequence length: 1 , is emoji sequence: false
qt.text.emojisegmenter: Checking character 2 , sequence length: 1 , is emoji sequence: false
qt.text.emojisegmenter: Checking character 3 , sequence length: 1 , is emoji sequence: false
qt.text.emojisegmenter: Checking character 4 , sequence length: 1 , is emoji sequence: false
qt.text.emojisegmenter: Checking character 5 , sequence length: 1 , is emoji sequence: false
qt.text.emojisegmenter: Checking character 6 , sequence length: 1 , is emoji sequence: false
qt.text.emojisegmenter: Checking character 7 , sequence length: 1 , is emoji sequence: false
qt.text.emojisegmenter: Checking character 8 , sequence length: 1 , is emoji sequence: false
qt.text.emojisegmenter: Checking character 9 , sequence length: 1 , is emoji sequence: false
qt.text.emojisegmenter: Checking character 10 , sequence length: 1 , is emoji sequence: false
qt.text.emojisegmenter: Checking character 11 , sequence length: 1 , is emoji sequence: false
qt.text.emojisegmenter: Checking character 12 , sequence length: 1 , is emoji sequence: false
qt.text.emojisegmenter: Checking character 13 , sequence length: 1 , is emoji sequence: false
qt.text.emojisegmenter: Checking character 14 , sequence length: 1 , is emoji sequence: false
qt.text.emojisegmenter: Checking character 15 , sequence length: 1 , is emoji sequence: false
qt.text.emojisegmenter: Checking character 16 , sequence length: 1 , is emoji sequence: false
qt.text.emojisegmenter: Checking character 17 , sequence length: 1 , is emoji sequence: false
qt.widgets.painting: Drawing QRegion(0,0 27x27) of IndeterminateSpinner(0x3efcf920) at QPoint(62,215) into paint device 0x3f0607f0 with QFlags<QWidgetPrivate::DrawWidgetFlag>(DrawPaintOnScreen|DrawRecursive|DrawInvisible|DontSetCompositionMode)
qt.widgets.painting: Drawing QRegion(0,0 221x24) of QLabel(0x3f070070) at QPoint(100,216) into paint device 0x3f0607f0 with QFlags<QWidgetPrivate::DrawWidgetFlag>(DrawPaintOnScreen|DrawRecursive|DrawInvisible|DontSetCompositionMode)
qt.text.emojisegmenter: Emoji segmenter disabled: false
qt.text.emojisegmenter: Checking character 0 , ucs4 == '\u6b63' , category: 16
qt.text.emojisegmenter: Checking character 1 , ucs4 == '\u5728' , category: 16
qt.text.emojisegmenter: Checking character 2 , ucs4 == '\u542f' , category: 16
qt.text.emojisegmenter: Checking character 3 , ucs4 == '\u52a8' , category: 16
qt.text.emojisegmenter: Checking character 4 , ucs4 == ' ' , category: 16
qt.text.emojisegmenter: Checking character 5 , ucs4 == '0' , category: 7
qt.text.emojisegmenter: Checking character 6 , ucs4 == '%' , category: 16
qt.text.emojisegmenter: Checking character 0 , sequence length: 1 , is emoji sequence: false
qt.text.emojisegmenter: Checking character 1 , sequence length: 1 , is emoji sequence: false
qt.text.emojisegmenter: Checking character 2 , sequence length: 1 , is emoji sequence: false
qt.text.emojisegmenter: Checking character 3 , sequence length: 1 , is emoji sequence: false
qt.text.emojisegmenter: Checking character 4 , sequence length: 1 , is emoji sequence: false
qt.text.emojisegmenter: Checking character 5 , sequence length: 1 , is emoji sequence: false
qt.text.emojisegmenter: Checking character 6 , sequence length: 1 , is emoji sequence: false
qt.widgets.painting: Drawing QRegion(0,0 678x8) of QProgressBar(0x3ea71390) at QPoint(24,263) into paint device 0x3f0607f0 with QFlags<QWidgetPrivate::DrawWidgetFlag>(DrawPaintOnScreen|DrawRecursive|DrawInvisible|DontSetCompositionMode)
qt.widgets.painting: Marking QRegion(size=2, bounds=(0,143 678x112) - [(38,143 88x20), (0,247 678x8)]) of QFrame(0x3ead4ef0, name="splashContainer") as needing flush in StartupSplash(0x3eb5e710) at offset QPoint(24,16)
qt.widgets.painting: Flushing top level QRegion(size=2, bounds=(24,159 678x112) - [(62,159 88x20), (24,263 678x8)]) and children QList()
qt.widgets.painting: Flushing QRegion(size=2, bounds=(24,159 678x112) - [(62,159 88x20), (24,263 678x8)]) of StartupSplash(0x3eb5e710) to QWidgetWindow(0x3f051e00, name="StartupSplashClassWindow") 
qt.widgets.painting: Marking QRect(0,0 221x24) of QLabel(0x3f070070) dirty with QWidgetRepaintManager::UpdateLater
qt.widgets.painting: Sending update request to StartupSplash(0x3eb5e710) with QWidgetRepaintManager::UpdateLater
qt.accessibility.cache: insert - id: 2147483652  iface: QAccessibleInterface(0x3f084260 name="正在启动 10%" role=StaticText obj=QLabel(0x3f070070)rect=QRect(761,704 221x24))
qt.widgets.painting: Syncing dirty widgets
qt.widgets.painting: Painting and flushing dirty top level QRegion(null) and dirty widgets QList(QLabel(0x3f070070))
qt.widgets.painting: Drawing QRegion(100,216 221x24) of StartupSplash(0x3eb5e710) at QPoint(0,0) into paint device 0x7781f0004e20 with QFlags<QWidgetPrivate::DrawWidgetFlag>(DrawAsRoot|DrawRecursive|UseEffectRegionBounds)
qt.widgets.painting: Marking QRegion(100,216 221x24) of top level StartupSplash(0x3eb5e710) as needing flush
qt.widgets.painting: Drawing QRegion(76,200 221x24) of QFrame(0x3ead4ef0, name="splashContainer") at QPoint(24,16) into paint device 0x7781f0004e20 with QFlags<QWidgetPrivate::DrawWidgetFlag>(DrawRecursive)
qt.widgets.painting: Drawing QRegion(0,0 678x255) of QFrame(0x3ead4ef0, name="splashContainer") at QPoint(24,16) into paint device 0x3f07b370 with QFlags<QWidgetPrivate::DrawWidgetFlag>(DrawPaintOnScreen|DrawRecursive|DrawInvisible|DontSetCompositionMode)
qt.widgets.painting: Drawing QRegion(0,0 64x64) of QLabel(0x3ea80590) at QPoint(62,53) into paint device 0x3f07b370 with QFlags<QWidgetPrivate::DrawWidgetFlag>(DrawPaintOnScreen|DrawRecursive|DrawInvisible|DontSetCompositionMode)
qt.widgets.painting: Drawing QRegion(0,0 328x32) of QLabel(0x3eaaf0b0) at QPoint(62,127) into paint device 0x3f07b370 with QFlags<QWidgetPrivate::DrawWidgetFlag>(DrawPaintOnScreen|DrawRecursive|DrawInvisible|DontSetCompositionMode)
qt.text.emojisegmenter: Emoji segmenter disabled: false
qt.text.emojisegmenter: Checking character 0 , ucs4 == 'L' , category: 16
qt.text.emojisegmenter: Checking character 1 , ucs4 == 'u' , category: 16
qt.text.emojisegmenter: Checking character 2 , ucs4 == 'm' , category: 16
qt.text.emojisegmenter: Checking character 3 , ucs4 == 'i' , category: 16
qt.text.emojisegmenter: Checking character 4 , ucs4 == 'n' , category: 16
qt.text.emojisegmenter: Checking character 5 , ucs4 == 'a' , category: 16
qt.text.emojisegmenter: Checking character 6 , ucs4 == 'l' , category: 16
qt.text.emojisegmenter: Checking character 7 , ucs4 == 'i' , category: 16
qt.text.emojisegmenter: Checking character 8 , ucs4 == 'u' , category: 16
qt.text.emojisegmenter: Checking character 9 , ucs4 == 'm' , category: 16
qt.text.emojisegmenter: Checking character 0 , sequence length: 1 , is emoji sequence: false
qt.text.emojisegmenter: Checking character 1 , sequence length: 1 , is emoji sequence: false
qt.text.emojisegmenter: Checking character 2 , sequence length: 1 , is emoji sequence: false
qt.text.emojisegmenter: Checking character 3 , sequence length: 1 , is emoji sequence: false
qt.text.emojisegmenter: Checking character 4 , sequence length: 1 , is emoji sequence: false
qt.text.emojisegmenter: Checking character 5 , sequence length: 1 , is emoji sequence: false
qt.text.emojisegmenter: Checking character 6 , sequence length: 1 , is emoji sequence: false
qt.text.emojisegmenter: Checking character 7 , sequence length: 1 , is emoji sequence: false
qt.text.emojisegmenter: Checking character 8 , sequence length: 1 , is emoji sequence: false
qt.text.emojisegmenter: Checking character 9 , sequence length: 1 , is emoji sequence: false
qt.widgets.painting: Drawing QRegion(0,0 88x20) of QLabel(0x3ef7a7c0) at QPoint(62,159) into paint device 0x3f07b370 with QFlags<QWidgetPrivate::DrawWidgetFlag>(DrawPaintOnScreen|DrawRecursive|DrawInvisible|DontSetCompositionMode)
qt.text.drawing: drawFrame 0 -- 18 at QPointF(0,0)
qt.text.drawing: drawBlock 0 at QPointF(0,0) br QRectF(0,1 88x19)
qt.text.emojisegmenter: Emoji segmenter disabled: false
qt.text.emojisegmenter: Checking character 0 , ucs4 == '1' , category: 7
qt.text.emojisegmenter: Checking character 1 , ucs4 == '.' , category: 16
qt.text.emojisegmenter: Checking character 2 , ucs4 == '3' , category: 7
qt.text.emojisegmenter: Checking character 3 , ucs4 == '.' , category: 16
qt.text.emojisegmenter: Checking character 4 , ucs4 == '5' , category: 7
qt.text.emojisegmenter: Checking character 5 , ucs4 == '.' , category: 16
qt.text.emojisegmenter: Checking character 6 , ucs4 == '0' , category: 7
qt.text.emojisegmenter: Checking character 7 , ucs4 == ' ' , category: 16
qt.text.emojisegmenter: Checking character 8 , ucs4 == 'T' , category: 16
qt.text.emojisegmenter: Checking character 9 , ucs4 == 'o' , category: 16
qt.text.emojisegmenter: Checking character 10 , ucs4 == 'g' , category: 16
qt.text.emojisegmenter: Checking character 11 , ucs4 == 'e' , category: 16
qt.text.emojisegmenter: Checking character 12 , ucs4 == 'n' , category: 16
qt.text.emojisegmenter: Checking character 13 , ucs4 == 'a' , category: 16
qt.text.emojisegmenter: Checking character 14 , ucs4 == 's' , category: 16
qt.text.emojisegmenter: Checking character 15 , ucs4 == 'h' , category: 16
qt.text.emojisegmenter: Checking character 16 , ucs4 == 'i' , category: 16
qt.text.emojisegmenter: Checking character 17 , ucs4 == ' ' , category: 16
qt.text.emojisegmenter: Checking character 0 , sequence length: 1 , is emoji sequence: false
qt.text.emojisegmenter: Checking character 1 , sequence length: 1 , is emoji sequence: false
qt.text.emojisegmenter: Checking character 2 , sequence length: 1 , is emoji sequence: false
qt.text.emojisegmenter: Checking character 3 , sequence length: 1 , is emoji sequence: false
qt.text.emojisegmenter: Checking character 4 , sequence length: 1 , is emoji sequence: false
qt.text.emojisegmenter: Checking character 5 , sequence length: 1 , is emoji sequence: false
qt.text.emojisegmenter: Checking character 6 , sequence length: 1 , is emoji sequence: false
qt.text.emojisegmenter: Checking character 7 , sequence length: 1 , is emoji sequence: false
qt.text.emojisegmenter: Checking character 8 , sequence length: 1 , is emoji sequence: false
qt.text.emojisegmenter: Checking character 9 , sequence length: 1 , is emoji sequence: false
qt.text.emojisegmenter: Checking character 10 , sequence length: 1 , is emoji sequence: false
qt.text.emojisegmenter: Checking character 11 , sequence length: 1 , is emoji sequence: false
qt.text.emojisegmenter: Checking character 12 , sequence length: 1 , is emoji sequence: false
qt.text.emojisegmenter: Checking character 13 , sequence length: 1 , is emoji sequence: false
qt.text.emojisegmenter: Checking character 14 , sequence length: 1 , is emoji sequence: false
qt.text.emojisegmenter: Checking character 15 , sequence length: 1 , is emoji sequence: false
qt.text.emojisegmenter: Checking character 16 , sequence length: 1 , is emoji sequence: false
qt.text.emojisegmenter: Checking character 17 , sequence length: 1 , is emoji sequence: false
qt.widgets.painting: Drawing QRegion(0,0 27x27) of IndeterminateSpinner(0x3efcf920) at QPoint(62,215) into paint device 0x3f07b370 with QFlags<QWidgetPrivate::DrawWidgetFlag>(DrawPaintOnScreen|DrawRecursive|DrawInvisible|DontSetCompositionMode)
qt.widgets.painting: Drawing QRegion(0,0 221x24) of QLabel(0x3f070070) at QPoint(100,216) into paint device 0x3f07b370 with QFlags<QWidgetPrivate::DrawWidgetFlag>(DrawPaintOnScreen|DrawRecursive|DrawInvisible|DontSetCompositionMode)
qt.text.emojisegmenter: Emoji segmenter disabled: false
qt.text.emojisegmenter: Checking character 0 , ucs4 == '\u6b63' , category: 16
qt.text.emojisegmenter: Checking character 1 , ucs4 == '\u5728' , category: 16
qt.text.emojisegmenter: Checking character 2 , ucs4 == '\u542f' , category: 16
qt.text.emojisegmenter: Checking character 3 , ucs4 == '\u52a8' , category: 16
qt.text.emojisegmenter: Checking character 4 , ucs4 == ' ' , category: 16
qt.text.emojisegmenter: Checking character 5 , ucs4 == '1' , category: 7
qt.text.emojisegmenter: Checking character 6 , ucs4 == '0' , category: 7
qt.text.emojisegmenter: Checking character 7 , ucs4 == '%' , category: 16
qt.text.emojisegmenter: Checking character 0 , sequence length: 1 , is emoji sequence: false
qt.text.emojisegmenter: Checking character 1 , sequence length: 1 , is emoji sequence: false
qt.text.emojisegmenter: Checking character 2 , sequence length: 1 , is emoji sequence: false
qt.text.emojisegmenter: Checking character 3 , sequence length: 1 , is emoji sequence: false
qt.text.emojisegmenter: Checking character 4 , sequence length: 1 , is emoji sequence: false
qt.text.emojisegmenter: Checking character 5 , sequence length: 1 , is emoji sequence: false
qt.text.emojisegmenter: Checking character 6 , sequence length: 1 , is emoji sequence: false
qt.text.emojisegmenter: Checking character 7 , sequence length: 1 , is emoji sequence: false
qt.widgets.painting: Drawing QRegion(0,0 678x8) of QProgressBar(0x3ea71390) at QPoint(24,263) into paint device 0x3f07b370 with QFlags<QWidgetPrivate::DrawWidgetFlag>(DrawPaintOnScreen|DrawRecursive|DrawInvisible|DontSetCompositionMode)
qt.widgets.painting: Marking QRegion(76,200 221x24) of QFrame(0x3ead4ef0, name="splashContainer") as needing flush in StartupSplash(0x3eb5e710) at offset QPoint(24,16)
qt.widgets.painting: Flushing top level QRegion(100,216 221x24) and children QList()
qt.widgets.painting: Flushing QRegion(100,216 221x24) of StartupSplash(0x3eb5e710) to QWidgetWindow(0x3f051e00, name="StartupSplashClassWindow") 
qt.pyside.libpyside: qtPythonMetacall #33 "_rotate()"
qt.widgets.painting: Marking QRect(0,0 27x27) of IndeterminateSpinner(0x3efcf920) dirty with QWidgetRepaintManager::UpdateLater
qt.widgets.painting: Sending update request to StartupSplash(0x3eb5e710) with QWidgetRepaintManager::UpdateLater
qt.qpa.events: Event | XCB_PROPERTY_NOTIFY(28) | sequence: 408
qt.qpa.events: Event | XCB_PROPERTY_NOTIFY(28) | sequence: 408
qt.qpa.events: Event | XCB_PROPERTY_NOTIFY(28) | sequence: 408
qt.qpa.events: Event | XCB_PROPERTY_NOTIFY(28) | sequence: 408
qt.widgets.painting: Marking QRect(0,0 678x8) of QProgressBar(0x3ea71390) dirty with QWidgetRepaintManager::UpdateNow
qt.widgets.painting: Sending update request to StartupSplash(0x3eb5e710) with QWidgetRepaintManager::UpdateNow
qt.widgets.painting: Syncing dirty widgets
qt.widgets.painting: Painting and flushing dirty top level QRegion(null) and dirty widgets QList(IndeterminateSpinner(0x3efcf920), QProgressBar(0x3ea71390))
qt.widgets.painting: Drawing QRegion(size=2, bounds=(24,215 678x56) - [(62,215 27x27), (24,263 678x8)]) of StartupSplash(0x3eb5e710) at QPoint(0,0) into paint device 0x7781f0004e20 with QFlags<QWidgetPrivate::DrawWidgetFlag>(DrawAsRoot|DrawRecursive|UseEffectRegionBounds)
qt.widgets.painting: Marking QRegion(size=2, bounds=(24,215 678x56) - [(62,215 27x27), (24,263 678x8)]) of top level StartupSplash(0x3eb5e710) as needing flush
qt.widgets.painting: Drawing QRegion(size=2, bounds=(0,199 678x56) - [(38,199 27x27), (0,247 678x8)]) of QFrame(0x3ead4ef0, name="splashContainer") at QPoint(24,16) into paint device 0x7781f0004e20 with QFlags<QWidgetPrivate::DrawWidgetFlag>(DrawRecursive)
qt.widgets.painting: Drawing QRegion(0,0 678x255) of QFrame(0x3ead4ef0, name="splashContainer") at QPoint(24,16) into paint device 0x3ead6200 with QFlags<QWidgetPrivate::DrawWidgetFlag>(DrawPaintOnScreen|DrawRecursive|DrawInvisible|DontSetCompositionMode)
qt.widgets.painting: Drawing QRegion(0,0 64x64) of QLabel(0x3ea80590) at QPoint(62,53) into paint device 0x3ead6200 with QFlags<QWidgetPrivate::DrawWidgetFlag>(DrawPaintOnScreen|DrawRecursive|DrawInvisible|DontSetCompositionMode)
qt.widgets.painting: Drawing QRegion(0,0 328x32) of QLabel(0x3eaaf0b0) at QPoint(62,127) into paint device 0x3ead6200 with QFlags<QWidgetPrivate::DrawWidgetFlag>(DrawPaintOnScreen|DrawRecursive|DrawInvisible|DontSetCompositionMode)
qt.text.emojisegmenter: Emoji segmenter disabled: false
qt.text.emojisegmenter: Checking character 0 , ucs4 == 'L' , category: 16
qt.text.emojisegmenter: Checking character 1 , ucs4 == 'u' , category: 16
qt.text.emojisegmenter: Checking character 2 , ucs4 == 'm' , category: 16
qt.text.emojisegmenter: Checking character 3 , ucs4 == 'i' , category: 16
qt.text.emojisegmenter: Checking character 4 , ucs4 == 'n' , category: 16
qt.text.emojisegmenter: Checking character 5 , ucs4 == 'a' , category: 16
qt.text.emojisegmenter: Checking character 6 , ucs4 == 'l' , category: 16
qt.text.emojisegmenter: Checking character 7 , ucs4 == 'i' , category: 16
qt.text.emojisegmenter: Checking character 8 , ucs4 == 'u' , category: 16
qt.text.emojisegmenter: Checking character 9 , ucs4 == 'm' , category: 16
qt.text.emojisegmenter: Checking character 0 , sequence length: 1 , is emoji sequence: false
qt.text.emojisegmenter: Checking character 1 , sequence length: 1 , is emoji sequence: false
qt.text.emojisegmenter: Checking character 2 , sequence length: 1 , is emoji sequence: false
qt.text.emojisegmenter: Checking character 3 , sequence length: 1 , is emoji sequence: false
qt.text.emojisegmenter: Checking character 4 , sequence length: 1 , is emoji sequence: false
qt.text.emojisegmenter: Checking character 5 , sequence length: 1 , is emoji sequence: false
qt.text.emojisegmenter: Checking character 6 , sequence length: 1 , is emoji sequence: false
qt.text.emojisegmenter: Checking character 7 , sequence length: 1 , is emoji sequence: false
qt.text.emojisegmenter: Checking character 8 , sequence length: 1 , is emoji sequence: false
qt.text.emojisegmenter: Checking character 9 , sequence length: 1 , is emoji sequence: false
qt.widgets.painting: Drawing QRegion(0,0 88x20) of QLabel(0x3ef7a7c0) at QPoint(62,159) into paint device 0x3ead6200 with QFlags<QWidgetPrivate::DrawWidgetFlag>(DrawPaintOnScreen|DrawRecursive|DrawInvisible|DontSetCompositionMode)
qt.text.drawing: drawFrame 0 -- 18 at QPointF(0,0)
qt.text.drawing: drawBlock 0 at QPointF(0,0) br QRectF(0,1 88x19)
qt.text.emojisegmenter: Emoji segmenter disabled: false
qt.text.emojisegmenter: Checking character 0 , ucs4 == '1' , category: 7
qt.text.emojisegmenter: Checking character 1 , ucs4 == '.' , category: 16
qt.text.emojisegmenter: Checking character 2 , ucs4 == '3' , category: 7
qt.text.emojisegmenter: Checking character 3 , ucs4 == '.' , category: 16
qt.text.emojisegmenter: Checking character 4 , ucs4 == '5' , category: 7
qt.text.emojisegmenter: Checking character 5 , ucs4 == '.' , category: 16
qt.text.emojisegmenter: Checking character 6 , ucs4 == '0' , category: 7
qt.text.emojisegmenter: Checking character 7 , ucs4 == ' ' , category: 16
qt.text.emojisegmenter: Checking character 8 , ucs4 == 'T' , category: 16
qt.text.emojisegmenter: Checking character 9 , ucs4 == 'o' , category: 16
qt.text.emojisegmenter: Checking character 10 , ucs4 == 'g' , category: 16
qt.text.emojisegmenter: Checking character 11 , ucs4 == 'e' , category: 16
qt.text.emojisegmenter: Checking character 12 , ucs4 == 'n' , category: 16
qt.text.emojisegmenter: Checking character 13 , ucs4 == 'a' , category: 16
qt.text.emojisegmenter: Checking character 14 , ucs4 == 's' , category: 16
qt.text.emojisegmenter: Checking character 15 , ucs4 == 'h' , category: 16
qt.text.emojisegmenter: Checking character 16 , ucs4 == 'i' , category: 16
qt.text.emojisegmenter: Checking character 17 , ucs4 == ' ' , category: 16
qt.text.emojisegmenter: Checking character 0 , sequence length: 1 , is emoji sequence: false
qt.text.emojisegmenter: Checking character 1 , sequence length: 1 , is emoji sequence: false
qt.text.emojisegmenter: Checking character 2 , sequence length: 1 , is emoji sequence: false
qt.text.emojisegmenter: Checking character 3 , sequence length: 1 , is emoji sequence: false
qt.text.emojisegmenter: Checking character 4 , sequence length: 1 , is emoji sequence: false
qt.text.emojisegmenter: Checking character 5 , sequence length: 1 , is emoji sequence: false
qt.text.emojisegmenter: Checking character 6 , sequence length: 1 , is emoji sequence: false
qt.text.emojisegmenter: Checking character 7 , sequence length: 1 , is emoji sequence: false
qt.text.emojisegmenter: Checking character 8 , sequence length: 1 , is emoji sequence: false
qt.text.emojisegmenter: Checking character 9 , sequence length: 1 , is emoji sequence: false
qt.text.emojisegmenter: Checking character 10 , sequence length: 1 , is emoji sequence: false
qt.text.emojisegmenter: Checking character 11 , sequence length: 1 , is emoji sequence: false
qt.text.emojisegmenter: Checking character 12 , sequence length: 1 , is emoji sequence: false
qt.text.emojisegmenter: Checking character 13 , sequence length: 1 , is emoji sequence: false
qt.text.emojisegmenter: Checking character 14 , sequence length: 1 , is emoji sequence: false
qt.text.emojisegmenter: Checking character 15 , sequence length: 1 , is emoji sequence: false
qt.text.emojisegmenter: Checking character 16 , sequence length: 1 , is emoji sequence: false
qt.text.emojisegmenter: Checking character 17 , sequence length: 1 , is emoji sequence: false
qt.widgets.painting: Drawing QRegion(0,0 27x27) of IndeterminateSpinner(0x3efcf920) at QPoint(62,215) into paint device 0x3ead6200 with QFlags<QWidgetPrivate::DrawWidgetFlag>(DrawPaintOnScreen|DrawRecursive|DrawInvisible|DontSetCompositionMode)
qt.widgets.painting: Drawing QRegion(0,0 221x24) of QLabel(0x3f070070) at QPoint(100,216) into paint device 0x3ead6200 with QFlags<QWidgetPrivate::DrawWidgetFlag>(DrawPaintOnScreen|DrawRecursive|DrawInvisible|DontSetCompositionMode)
qt.text.emojisegmenter: Emoji segmenter disabled: false
qt.text.emojisegmenter: Checking character 0 , ucs4 == '\u6b63' , category: 16
qt.text.emojisegmenter: Checking character 1 , ucs4 == '\u5728' , category: 16
qt.text.emojisegmenter: Checking character 2 , ucs4 == '\u542f' , category: 16
qt.text.emojisegmenter: Checking character 3 , ucs4 == '\u52a8' , category: 16
qt.text.emojisegmenter: Checking character 4 , ucs4 == ' ' , category: 16
qt.text.emojisegmenter: Checking character 5 , ucs4 == '1' , category: 7
qt.text.emojisegmenter: Checking character 6 , ucs4 == '0' , category: 7
qt.text.emojisegmenter: Checking character 7 , ucs4 == '%' , category: 16
qt.text.emojisegmenter: Checking character 0 , sequence length: 1 , is emoji sequence: false
qt.text.emojisegmenter: Checking character 1 , sequence length: 1 , is emoji sequence: false
qt.text.emojisegmenter: Checking character 2 , sequence length: 1 , is emoji sequence: false
qt.text.emojisegmenter: Checking character 3 , sequence length: 1 , is emoji sequence: false
qt.text.emojisegmenter: Checking character 4 , sequence length: 1 , is emoji sequence: false
qt.text.emojisegmenter: Checking character 5 , sequence length: 1 , is emoji sequence: false
qt.text.emojisegmenter: Checking character 6 , sequence length: 1 , is emoji sequence: false
qt.text.emojisegmenter: Checking character 7 , sequence length: 1 , is emoji sequence: false
qt.widgets.painting: Drawing QRegion(0,0 678x8) of QProgressBar(0x3ea71390) at QPoint(24,263) into paint device 0x3ead6200 with QFlags<QWidgetPrivate::DrawWidgetFlag>(DrawPaintOnScreen|DrawRecursive|DrawInvisible|DontSetCompositionMode)
qt.widgets.painting: Marking QRegion(size=2, bounds=(0,199 678x56) - [(38,199 27x27), (0,247 678x8)]) of QFrame(0x3ead4ef0, name="splashContainer") as needing flush in StartupSplash(0x3eb5e710) at offset QPoint(24,16)
qt.widgets.painting: Flushing top level QRegion(size=2, bounds=(24,215 678x56) - [(62,215 27x27), (24,263 678x8)]) and children QList()
qt.widgets.painting: Flushing QRegion(size=2, bounds=(24,215 678x56) - [(62,215 27x27), (24,263 678x8)]) of StartupSplash(0x3eb5e710) to QWidgetWindow(0x3f051e00, name="StartupSplashClassWindow") 
qt.widgets.painting: Marking QRect(0,0 221x24) of QLabel(0x3f070070) dirty with QWidgetRepaintManager::UpdateLater
qt.widgets.painting: Sending update request to StartupSplash(0x3eb5e710) with QWidgetRepaintManager::UpdateLater
qt.widgets.painting: Syncing dirty widgets
qt.widgets.painting: Painting and flushing dirty top level QRegion(null) and dirty widgets QList(QLabel(0x3f070070))
qt.widgets.painting: Drawing QRegion(100,216 221x24) of StartupSplash(0x3eb5e710) at QPoint(0,0) into paint device 0x7781f0004e20 with QFlags<QWidgetPrivate::DrawWidgetFlag>(DrawAsRoot|DrawRecursive|UseEffectRegionBounds)
qt.widgets.painting: Marking QRegion(100,216 221x24) of top level StartupSplash(0x3eb5e710) as needing flush
qt.widgets.painting: Drawing QRegion(76,200 221x24) of QFrame(0x3ead4ef0, name="splashContainer") at QPoint(24,16) into paint device 0x7781f0004e20 with QFlags<QWidgetPrivate::DrawWidgetFlag>(DrawRecursive)
qt.widgets.painting: Drawing QRegion(0,0 678x255) of QFrame(0x3ead4ef0, name="splashContainer") at QPoint(24,16) into paint device 0x3f061c50 with QFlags<QWidgetPrivate::DrawWidgetFlag>(DrawPaintOnScreen|DrawRecursive|DrawInvisible|DontSetCompositionMode)
qt.widgets.painting: Drawing QRegion(0,0 64x64) of QLabel(0x3ea80590) at QPoint(62,53) into paint device 0x3f061c50 with QFlags<QWidgetPrivate::DrawWidgetFlag>(DrawPaintOnScreen|DrawRecursive|DrawInvisible|DontSetCompositionMode)
qt.widgets.painting: Drawing QRegion(0,0 328x32) of QLabel(0x3eaaf0b0) at QPoint(62,127) into paint device 0x3f061c50 with QFlags<QWidgetPrivate::DrawWidgetFlag>(DrawPaintOnScreen|DrawRecursive|DrawInvisible|DontSetCompositionMode)
qt.text.emojisegmenter: Emoji segmenter disabled: false
qt.text.emojisegmenter: Checking character 0 , ucs4 == 'L' , category: 16
qt.text.emojisegmenter: Checking character 1 , ucs4 == 'u' , category: 16
qt.text.emojisegmenter: Checking character 2 , ucs4 == 'm' , category: 16
qt.text.emojisegmenter: Checking character 3 , ucs4 == 'i' , category: 16
qt.text.emojisegmenter: Checking character 4 , ucs4 == 'n' , category: 16
qt.text.emojisegmenter: Checking character 5 , ucs4 == 'a' , category: 16
qt.text.emojisegmenter: Checking character 6 , ucs4 == 'l' , category: 16
qt.text.emojisegmenter: Checking character 7 , ucs4 == 'i' , category: 16
qt.text.emojisegmenter: Checking character 8 , ucs4 == 'u' , category: 16
qt.text.emojisegmenter: Checking character 9 , ucs4 == 'm' , category: 16
qt.text.emojisegmenter: Checking character 0 , sequence length: 1 , is emoji sequence: false
qt.text.emojisegmenter: Checking character 1 , sequence length: 1 , is emoji sequence: false
qt.text.emojisegmenter: Checking character 2 , sequence length: 1 , is emoji sequence: false
qt.text.emojisegmenter: Checking character 3 , sequence length: 1 , is emoji sequence: false
qt.text.emojisegmenter: Checking character 4 , sequence length: 1 , is emoji sequence: false
qt.text.emojisegmenter: Checking character 5 , sequence length: 1 , is emoji sequence: false
qt.text.emojisegmenter: Checking character 6 , sequence length: 1 , is emoji sequence: false
qt.text.emojisegmenter: Checking character 7 , sequence length: 1 , is emoji sequence: false
qt.text.emojisegmenter: Checking character 8 , sequence length: 1 , is emoji sequence: false
qt.text.emojisegmenter: Checking character 9 , sequence length: 1 , is emoji sequence: false
qt.widgets.painting: Drawing QRegion(0,0 88x20) of QLabel(0x3ef7a7c0) at QPoint(62,159) into paint device 0x3f061c50 with QFlags<QWidgetPrivate::DrawWidgetFlag>(DrawPaintOnScreen|DrawRecursive|DrawInvisible|DontSetCompositionMode)
qt.text.drawing: drawFrame 0 -- 18 at QPointF(0,0)
qt.text.drawing: drawBlock 0 at QPointF(0,0) br QRectF(0,1 88x19)
qt.text.emojisegmenter: Emoji segmenter disabled: false
qt.text.emojisegmenter: Checking character 0 , ucs4 == '1' , category: 7
qt.text.emojisegmenter: Checking character 1 , ucs4 == '.' , category: 16
qt.text.emojisegmenter: Checking character 2 , ucs4 == '3' , category: 7
qt.text.emojisegmenter: Checking character 3 , ucs4 == '.' , category: 16
qt.text.emojisegmenter: Checking character 4 , ucs4 == '5' , category: 7
qt.text.emojisegmenter: Checking character 5 , ucs4 == '.' , category: 16
qt.text.emojisegmenter: Checking character 6 , ucs4 == '0' , category: 7
qt.text.emojisegmenter: Checking character 7 , ucs4 == ' ' , category: 16
qt.text.emojisegmenter: Checking character 8 , ucs4 == 'T' , category: 16
qt.text.emojisegmenter: Checking character 9 , ucs4 == 'o' , category: 16
qt.text.emojisegmenter: Checking character 10 , ucs4 == 'g' , category: 16
qt.text.emojisegmenter: Checking character 11 , ucs4 == 'e' , category: 16
qt.text.emojisegmenter: Checking character 12 , ucs4 == 'n' , category: 16
qt.text.emojisegmenter: Checking character 13 , ucs4 == 'a' , category: 16
qt.text.emojisegmenter: Checking character 14 , ucs4 == 's' , category: 16
qt.text.emojisegmenter: Checking character 15 , ucs4 == 'h' , category: 16
qt.text.emojisegmenter: Checking character 16 , ucs4 == 'i' , category: 16
qt.text.emojisegmenter: Checking character 17 , ucs4 == ' ' , category: 16
qt.text.emojisegmenter: Checking character 0 , sequence length: 1 , is emoji sequence: false
qt.text.emojisegmenter: Checking character 1 , sequence length: 1 , is emoji sequence: false
qt.text.emojisegmenter: Checking character 2 , sequence length: 1 , is emoji sequence: false
qt.text.emojisegmenter: Checking character 3 , sequence length: 1 , is emoji sequence: false
qt.text.emojisegmenter: Checking character 4 , sequence length: 1 , is emoji sequence: false
qt.text.emojisegmenter: Checking character 5 , sequence length: 1 , is emoji sequence: false
qt.text.emojisegmenter: Checking character 6 , sequence length: 1 , is emoji sequence: false
qt.text.emojisegmenter: Checking character 7 , sequence length: 1 , is emoji sequence: false
qt.text.emojisegmenter: Checking character 8 , sequence length: 1 , is emoji sequence: false
qt.text.emojisegmenter: Checking character 9 , sequence length: 1 , is emoji sequence: false
qt.text.emojisegmenter: Checking character 10 , sequence length: 1 , is emoji sequence: false
qt.text.emojisegmenter: Checking character 11 , sequence length: 1 , is emoji sequence: false
qt.text.emojisegmenter: Checking character 12 , sequence length: 1 , is emoji sequence: false
qt.text.emojisegmenter: Checking character 13 , sequence length: 1 , is emoji sequence: false
qt.text.emojisegmenter: Checking character 14 , sequence length: 1 , is emoji sequence: false
qt.text.emojisegmenter: Checking character 15 , sequence length: 1 , is emoji sequence: false
qt.text.emojisegmenter: Checking character 16 , sequence length: 1 , is emoji sequence: false
qt.text.emojisegmenter: Checking character 17 , sequence length: 1 , is emoji sequence: false
qt.widgets.painting: Drawing QRegion(0,0 27x27) of IndeterminateSpinner(0x3efcf920) at QPoint(62,215) into paint device 0x3f061c50 with QFlags<QWidgetPrivate::DrawWidgetFlag>(DrawPaintOnScreen|DrawRecursive|DrawInvisible|DontSetCompositionMode)
qt.widgets.painting: Drawing QRegion(0,0 221x24) of QLabel(0x3f070070) at QPoint(100,216) into paint device 0x3f061c50 with QFlags<QWidgetPrivate::DrawWidgetFlag>(DrawPaintOnScreen|DrawRecursive|DrawInvisible|DontSetCompositionMode)
qt.text.emojisegmenter: Emoji segmenter disabled: false
qt.text.emojisegmenter: Checking character 0 , ucs4 == '\u6b63' , category: 16
qt.text.emojisegmenter: Checking character 1 , ucs4 == '\u5728' , category: 16
qt.text.emojisegmenter: Checking character 2 , ucs4 == '\u542f' , category: 16
qt.text.emojisegmenter: Checking character 3 , ucs4 == '\u52a8' , category: 16
qt.text.emojisegmenter: Checking character 4 , ucs4 == ' ' , category: 16
qt.text.emojisegmenter: Checking character 5 , ucs4 == '2' , category: 7
qt.text.emojisegmenter: Checking character 6 , ucs4 == '0' , category: 7
qt.text.emojisegmenter: Checking character 7 , ucs4 == '%' , category: 16
qt.text.emojisegmenter: Checking character 0 , sequence length: 1 , is emoji sequence: false
qt.text.emojisegmenter: Checking character 1 , sequence length: 1 , is emoji sequence: false
qt.text.emojisegmenter: Checking character 2 , sequence length: 1 , is emoji sequence: false
qt.text.emojisegmenter: Checking character 3 , sequence length: 1 , is emoji sequence: false
qt.text.emojisegmenter: Checking character 4 , sequence length: 1 , is emoji sequence: false
qt.text.emojisegmenter: Checking character 5 , sequence length: 1 , is emoji sequence: false
qt.text.emojisegmenter: Checking character 6 , sequence length: 1 , is emoji sequence: false
qt.text.emojisegmenter: Checking character 7 , sequence length: 1 , is emoji sequence: false
qt.widgets.painting: Drawing QRegion(0,0 678x8) of QProgressBar(0x3ea71390) at QPoint(24,263) into paint device 0x3f061c50 with QFlags<QWidgetPrivate::DrawWidgetFlag>(DrawPaintOnScreen|DrawRecursive|DrawInvisible|DontSetCompositionMode)
qt.widgets.painting: Marking QRegion(76,200 221x24) of QFrame(0x3ead4ef0, name="splashContainer") as needing flush in StartupSplash(0x3eb5e710) at offset QPoint(24,16)
qt.widgets.painting: Flushing top level QRegion(100,216 221x24) and children QList()
qt.widgets.painting: Flushing QRegion(100,216 221x24) of StartupSplash(0x3eb5e710) to QWidgetWindow(0x3f051e00, name="StartupSplashClassWindow") 
qt.text.font.db: Adding font: familyName "Google Sans Flex" stylename "Regular" weight 400 style QFont::StyleNormal pixelSize 0 antialiased true fixed false colorFont false
qt.text.font.db: Adding font: familyName "MiSans VF" stylename "Regular" weight 400 style QFont::StyleNormal pixelSize 0 antialiased true fixed false colorFont false
qt.text.font.db: Adding font: familyName "MiSans Japanese VF" stylename "Regular" weight 310 style QFont::StyleNormal pixelSize 0 antialiased true fixed false colorFont false
qt.text.font.db: Adding font: familyName "Misans TC VF" stylename "Regular" weight 400 style QFont::StyleNormal pixelSize 0 antialiased true fixed false colorFont false
qt.widgets.painting: Marking QRect(0,0 678x8) of QProgressBar(0x3ea71390) dirty with QWidgetRepaintManager::UpdateNow
qt.widgets.painting: Sending update request to StartupSplash(0x3eb5e710) with QWidgetRepaintManager::UpdateNow
qt.widgets.painting: Syncing dirty widgets
qt.widgets.painting: Painting and flushing dirty top level QRegion(null) and dirty widgets QList(QProgressBar(0x3ea71390))
qt.widgets.painting: Drawing QRegion(24,263 678x8) of StartupSplash(0x3eb5e710) at QPoint(0,0) into paint device 0x7781f0004e20 with QFlags<QWidgetPrivate::DrawWidgetFlag>(DrawAsRoot|DrawRecursive|UseEffectRegionBounds)
qt.widgets.painting: Marking QRegion(24,263 678x8) of top level StartupSplash(0x3eb5e710) as needing flush
qt.widgets.painting: Drawing QRegion(0,247 678x8) of QFrame(0x3ead4ef0, name="splashContainer") at QPoint(24,16) into paint device 0x7781f0004e20 with QFlags<QWidgetPrivate::DrawWidgetFlag>(DrawRecursive)
qt.widgets.painting: Drawing QRegion(0,0 678x255) of QFrame(0x3ead4ef0, name="splashContainer") at QPoint(24,16) into paint device 0x3f070990 with QFlags<QWidgetPrivate::DrawWidgetFlag>(DrawPaintOnScreen|DrawRecursive|DrawInvisible|DontSetCompositionMode)
qt.widgets.painting: Drawing QRegion(0,0 64x64) of QLabel(0x3ea80590) at QPoint(62,53) into paint device 0x3f070990 with QFlags<QWidgetPrivate::DrawWidgetFlag>(DrawPaintOnScreen|DrawRecursive|DrawInvisible|DontSetCompositionMode)
qt.widgets.painting: Drawing QRegion(0,0 328x32) of QLabel(0x3eaaf0b0) at QPoint(62,127) into paint device 0x3f070990 with QFlags<QWidgetPrivate::DrawWidgetFlag>(DrawPaintOnScreen|DrawRecursive|DrawInvisible|DontSetCompositionMode)
qt.text.emojisegmenter: Emoji segmenter disabled: false
qt.text.emojisegmenter: Checking character 0 , ucs4 == 'L' , category: 16
qt.text.emojisegmenter: Checking character 1 , ucs4 == 'u' , category: 16
qt.text.emojisegmenter: Checking character 2 , ucs4 == 'm' , category: 16
qt.text.emojisegmenter: Checking character 3 , ucs4 == 'i' , category: 16
qt.text.emojisegmenter: Checking character 4 , ucs4 == 'n' , category: 16
qt.text.emojisegmenter: Checking character 5 , ucs4 == 'a' , category: 16
qt.text.emojisegmenter: Checking character 6 , ucs4 == 'l' , category: 16
qt.text.emojisegmenter: Checking character 7 , ucs4 == 'i' , category: 16
qt.text.emojisegmenter: Checking character 8 , ucs4 == 'u' , category: 16
qt.text.emojisegmenter: Checking character 9 , ucs4 == 'm' , category: 16
qt.text.emojisegmenter: Checking character 0 , sequence length: 1 , is emoji sequence: false
qt.text.emojisegmenter: Checking character 1 , sequence length: 1 , is emoji sequence: false
qt.text.emojisegmenter: Checking character 2 , sequence length: 1 , is emoji sequence: false
qt.text.emojisegmenter: Checking character 3 , sequence length: 1 , is emoji sequence: false
qt.text.emojisegmenter: Checking character 4 , sequence length: 1 , is emoji sequence: false
qt.text.emojisegmenter: Checking character 5 , sequence length: 1 , is emoji sequence: false
qt.text.emojisegmenter: Checking character 6 , sequence length: 1 , is emoji sequence: false
qt.text.emojisegmenter: Checking character 7 , sequence length: 1 , is emoji sequence: false
qt.text.emojisegmenter: Checking character 8 , sequence length: 1 , is emoji sequence: false
qt.text.emojisegmenter: Checking character 9 , sequence length: 1 , is emoji sequence: false
qt.text.font.match: Family name match pass: Looking for family name 'Google Sans Flex'
qt.text.font.match: QFontDatabasePrivate::match
  request:
    family: Google Sans Flex [-- any --], script: 2
    styleName: -- any --
    weight: 900, style: 0
    stretch: 0
    pixelSize: 32
    pitch: *
qt.text.font.match:   REMARK: looking for best foundry for family 'Google Sans Flex' [1]
qt.text.font.match:           looking for matching style in foundry 'GOOG' 1
qt.text.font.match:           best style has distance 0x32
qt.text.font.match:           found smoothly scalable font (32 pixels)
qt.text.font.match:           found a match: score 2000 best score so far ffffffff
qt.widgets.painting: Drawing QRegion(0,0 88x20) of QLabel(0x3ef7a7c0) at QPoint(62,159) into paint device 0x3f070990 with QFlags<QWidgetPrivate::DrawWidgetFlag>(DrawPaintOnScreen|DrawRecursive|DrawInvisible|DontSetCompositionMode)
qt.text.drawing: drawFrame 0 -- 18 at QPointF(0,0)
qt.text.drawing: drawBlock 0 at QPointF(0,0) br QRectF(0,1 88x19)
qt.text.emojisegmenter: Emoji segmenter disabled: false
qt.text.emojisegmenter: Checking character 0 , ucs4 == '1' , category: 7
qt.text.emojisegmenter: Checking character 1 , ucs4 == '.' , category: 16
qt.text.emojisegmenter: Checking character 2 , ucs4 == '3' , category: 7
qt.text.emojisegmenter: Checking character 3 , ucs4 == '.' , category: 16
qt.text.emojisegmenter: Checking character 4 , ucs4 == '5' , category: 7
qt.text.emojisegmenter: Checking character 5 , ucs4 == '.' , category: 16
qt.text.emojisegmenter: Checking character 6 , ucs4 == '0' , category: 7
qt.text.emojisegmenter: Checking character 7 , ucs4 == ' ' , category: 16
qt.text.emojisegmenter: Checking character 8 , ucs4 == 'T' , category: 16
qt.text.emojisegmenter: Checking character 9 , ucs4 == 'o' , category: 16
qt.text.emojisegmenter: Checking character 10 , ucs4 == 'g' , category: 16
qt.text.emojisegmenter: Checking character 11 , ucs4 == 'e' , category: 16
qt.text.emojisegmenter: Checking character 12 , ucs4 == 'n' , category: 16
qt.text.emojisegmenter: Checking character 13 , ucs4 == 'a' , category: 16
qt.text.emojisegmenter: Checking character 14 , ucs4 == 's' , category: 16
qt.text.emojisegmenter: Checking character 15 , ucs4 == 'h' , category: 16
qt.text.emojisegmenter: Checking character 16 , ucs4 == 'i' , category: 16
qt.text.emojisegmenter: Checking character 17 , ucs4 == ' ' , category: 16
qt.text.emojisegmenter: Checking character 0 , sequence length: 1 , is emoji sequence: false
qt.text.emojisegmenter: Checking character 1 , sequence length: 1 , is emoji sequence: false
qt.text.emojisegmenter: Checking character 2 , sequence length: 1 , is emoji sequence: false
qt.text.emojisegmenter: Checking character 3 , sequence length: 1 , is emoji sequence: false
qt.text.emojisegmenter: Checking character 4 , sequence length: 1 , is emoji sequence: false
qt.text.emojisegmenter: Checking character 5 , sequence length: 1 , is emoji sequence: false
qt.text.emojisegmenter: Checking character 6 , sequence length: 1 , is emoji sequence: false
qt.text.emojisegmenter: Checking character 7 , sequence length: 1 , is emoji sequence: false
qt.text.emojisegmenter: Checking character 8 , sequence length: 1 , is emoji sequence: false
qt.text.emojisegmenter: Checking character 9 , sequence length: 1 , is emoji sequence: false
qt.text.emojisegmenter: Checking character 10 , sequence length: 1 , is emoji sequence: false
qt.text.emojisegmenter: Checking character 11 , sequence length: 1 , is emoji sequence: false
qt.text.emojisegmenter: Checking character 12 , sequence length: 1 , is emoji sequence: false
qt.text.emojisegmenter: Checking character 13 , sequence length: 1 , is emoji sequence: false
qt.text.emojisegmenter: Checking character 14 , sequence length: 1 , is emoji sequence: false
qt.text.emojisegmenter: Checking character 15 , sequence length: 1 , is emoji sequence: false
qt.text.emojisegmenter: Checking character 16 , sequence length: 1 , is emoji sequence: false
qt.text.emojisegmenter: Checking character 17 , sequence length: 1 , is emoji sequence: false
qt.text.font.match: Family name match pass: Looking for family name 'Google Sans Flex'
qt.text.font.match: QFontDatabasePrivate::match
  request:
    family: Google Sans Flex [-- any --], script: 2
    styleName: -- any --
    weight: 500, style: 0
    stretch: 0
    pixelSize: 11
    pitch: *
qt.text.font.match:   REMARK: looking for best foundry for family 'Google Sans Flex' [1]
qt.text.font.match:           looking for matching style in foundry 'GOOG' 1
qt.text.font.match:           best style has distance 0xa
qt.text.font.match:           found smoothly scalable font (11 pixels)
qt.text.font.match:           found a match: score 2000 best score so far ffffffff
qt.text.font.match: Family name match pass: Looking for family name 'Google Sans Flex'
qt.text.font.match: QFontDatabasePrivate::match
  request:
    family: Google Sans Flex [-- any --], script: 2
    styleName: -- any --
    weight: 400, style: 0
    stretch: 0
    pixelSize: 15
    pitch: *
qt.text.font.match:   REMARK: looking for best foundry for family 'Google Sans Flex' [1]
qt.text.font.match:           looking for matching style in foundry 'GOOG' 1
qt.text.font.match:           best style has distance 0x0
qt.text.font.match:           found smoothly scalable font (15 pixels)
qt.text.font.match:           found a match: score 0 best score so far ffffffff
qt.text.font.match: Family name match pass: Looking for family name 'Google Sans Flex'
qt.text.font.match: QFontDatabasePrivate::match
  request:
    family: Google Sans Flex [-- any --], script: 2
    styleName: -- any --
    weight: 300, style: 0
    stretch: 0
    pixelSize: 11
    pitch: *
qt.text.font.match:   REMARK: looking for best foundry for family 'Google Sans Flex' [1]
qt.text.font.match:           looking for matching style in foundry 'GOOG' 1
qt.text.font.match:           best style has distance 0xa
qt.text.font.match:           found smoothly scalable font (11 pixels)
qt.text.font.match:           found a match: score 2000 best score so far ffffffff
qt.widgets.painting: Drawing QRegion(0,0 27x27) of IndeterminateSpinner(0x3efcf920) at QPoint(62,215) into paint device 0x3f070990 with QFlags<QWidgetPrivate::DrawWidgetFlag>(DrawPaintOnScreen|DrawRecursive|DrawInvisible|DontSetCompositionMode)
qt.widgets.painting: Drawing QRegion(0,0 221x24) of QLabel(0x3f070070) at QPoint(100,216) into paint device 0x3f070990 with QFlags<QWidgetPrivate::DrawWidgetFlag>(DrawPaintOnScreen|DrawRecursive|DrawInvisible|DontSetCompositionMode)
qt.text.emojisegmenter: Emoji segmenter disabled: false
qt.text.emojisegmenter: Checking character 0 , ucs4 == '\u6b63' , category: 16
qt.text.emojisegmenter: Checking character 1 , ucs4 == '\u5728' , category: 16
qt.text.emojisegmenter: Checking character 2 , ucs4 == '\u542f' , category: 16
qt.text.emojisegmenter: Checking character 3 , ucs4 == '\u52a8' , category: 16
qt.text.emojisegmenter: Checking character 4 , ucs4 == ' ' , category: 16
qt.text.emojisegmenter: Checking character 5 , ucs4 == '2' , category: 7
qt.text.emojisegmenter: Checking character 6 , ucs4 == '0' , category: 7
qt.text.emojisegmenter: Checking character 7 , ucs4 == '%' , category: 16
qt.text.emojisegmenter: Checking character 0 , sequence length: 1 , is emoji sequence: false
qt.text.emojisegmenter: Checking character 1 , sequence length: 1 , is emoji sequence: false
qt.text.emojisegmenter: Checking character 2 , sequence length: 1 , is emoji sequence: false
qt.text.emojisegmenter: Checking character 3 , sequence length: 1 , is emoji sequence: false
qt.text.emojisegmenter: Checking character 4 , sequence length: 1 , is emoji sequence: false
qt.text.emojisegmenter: Checking character 5 , sequence length: 1 , is emoji sequence: false
qt.text.emojisegmenter: Checking character 6 , sequence length: 1 , is emoji sequence: false
qt.text.emojisegmenter: Checking character 7 , sequence length: 1 , is emoji sequence: false
qt.text.font.match: Family name match pass: Looking for family name 'Google Sans Flex'
qt.text.font.match: QFontDatabasePrivate::match
  request:
    family: Google Sans Flex [-- any --], script: 2
    styleName: -- any --
    weight: 700, style: 0
    stretch: 0
    pixelSize: 15
    pitch: *
qt.text.font.match:   REMARK: looking for best foundry for family 'Google Sans Flex' [1]
qt.text.font.match:           looking for matching style in foundry 'GOOG' 1
qt.text.font.match:           best style has distance 0x1e
qt.text.font.match:           found smoothly scalable font (15 pixels)
qt.text.font.match:           found a match: score 2000 best score so far ffffffff
qt.text.font.match: Family name match pass: Looking for family name 'Google Sans Flex'
qt.text.font.match: QFontDatabasePrivate::match
  request:
    family: Google Sans Flex [-- any --], script: 2
    styleName: -- any --
    weight: 700, style: 0
    stretch: 0
    pixelSize: 15
    pitch: *
qt.text.font.match:   REMARK: looking for best foundry for family 'Google Sans Flex' [1]
qt.text.font.match:           looking for matching style in foundry 'GOOG' 1
qt.text.font.match:           best style has distance 0x1e
qt.text.font.match:           found smoothly scalable font (15 pixels)
qt.text.font.match:           found a match: score 2000 best score so far ffffffff
qt.text.font.match: Family name match pass: Looking for family name 'MiSans VF'
qt.text.font.match: QFontDatabasePrivate::match
  request:
    family: MiSans VF [-- any --], script: 2
    styleName: Regular
    weight: 700, style: 0
    stretch: 100
    pixelSize: 15
    pitch: p
qt.text.font.match:   REMARK: looking for best foundry for family 'MiSans VF' [1]
qt.text.font.match:           looking for matching style in foundry 'HNYI' 1
qt.text.font.match:           best style has distance 0x0
qt.text.font.match:           found smoothly scalable font (15 pixels)
qt.text.font.match:           found a match: score 2000 best score so far ffffffff
qt.widgets.painting: Drawing QRegion(0,0 678x8) of QProgressBar(0x3ea71390) at QPoint(24,263) into paint device 0x3f070990 with QFlags<QWidgetPrivate::DrawWidgetFlag>(DrawPaintOnScreen|DrawRecursive|DrawInvisible|DontSetCompositionMode)
qt.widgets.painting: Marking QRegion(0,247 678x8) of QFrame(0x3ead4ef0, name="splashContainer") as needing flush in StartupSplash(0x3eb5e710) at offset QPoint(24,16)
qt.widgets.painting: Flushing top level QRegion(24,263 678x8) and children QList()
qt.widgets.painting: Flushing QRegion(24,263 678x8) of StartupSplash(0x3eb5e710) to QWidgetWindow(0x3f051e00, name="StartupSplashClassWindow") 
qt.widgets.painting: Marking QRect(0,0 221x24) of QLabel(0x3f070070) dirty with QWidgetRepaintManager::UpdateLater
qt.widgets.painting: Sending update request to StartupSplash(0x3eb5e710) with QWidgetRepaintManager::UpdateLater
qt.widgets.painting: Syncing dirty widgets
qt.widgets.painting: Painting and flushing dirty top level QRegion(null) and dirty widgets QList(QLabel(0x3f070070))
qt.widgets.painting: Drawing QRegion(100,216 221x24) of StartupSplash(0x3eb5e710) at QPoint(0,0) into paint device 0x7781f0004e20 with QFlags<QWidgetPrivate::DrawWidgetFlag>(DrawAsRoot|DrawRecursive|UseEffectRegionBounds)
qt.widgets.painting: Marking QRegion(100,216 221x24) of top level StartupSplash(0x3eb5e710) as needing flush
qt.widgets.painting: Drawing QRegion(76,200 221x24) of QFrame(0x3ead4ef0, name="splashContainer") at QPoint(24,16) into paint device 0x7781f0004e20 with QFlags<QWidgetPrivate::DrawWidgetFlag>(DrawRecursive)
qt.widgets.painting: Drawing QRegion(0,0 678x255) of QFrame(0x3ead4ef0, name="splashContainer") at QPoint(24,16) into paint device 0x3f074560 with QFlags<QWidgetPrivate::DrawWidgetFlag>(DrawPaintOnScreen|DrawRecursive|DrawInvisible|DontSetCompositionMode)
qt.widgets.painting: Drawing QRegion(0,0 64x64) of QLabel(0x3ea80590) at QPoint(62,53) into paint device 0x3f074560 with QFlags<QWidgetPrivate::DrawWidgetFlag>(DrawPaintOnScreen|DrawRecursive|DrawInvisible|DontSetCompositionMode)
qt.widgets.painting: Drawing QRegion(0,0 328x32) of QLabel(0x3eaaf0b0) at QPoint(62,127) into paint device 0x3f074560 with QFlags<QWidgetPrivate::DrawWidgetFlag>(DrawPaintOnScreen|DrawRecursive|DrawInvisible|DontSetCompositionMode)
qt.text.emojisegmenter: Emoji segmenter disabled: false
qt.text.emojisegmenter: Checking character 0 , ucs4 == 'L' , category: 16
qt.text.emojisegmenter: Checking character 1 , ucs4 == 'u' , category: 16
qt.text.emojisegmenter: Checking character 2 , ucs4 == 'm' , category: 16
qt.text.emojisegmenter: Checking character 3 , ucs4 == 'i' , category: 16
qt.text.emojisegmenter: Checking character 4 , ucs4 == 'n' , category: 16
qt.text.emojisegmenter: Checking character 5 , ucs4 == 'a' , category: 16
qt.text.emojisegmenter: Checking character 6 , ucs4 == 'l' , category: 16
qt.text.emojisegmenter: Checking character 7 , ucs4 == 'i' , category: 16
qt.text.emojisegmenter: Checking character 8 , ucs4 == 'u' , category: 16
qt.text.emojisegmenter: Checking character 9 , ucs4 == 'm' , category: 16
qt.text.emojisegmenter: Checking character 0 , sequence length: 1 , is emoji sequence: false
qt.text.emojisegmenter: Checking character 1 , sequence length: 1 , is emoji sequence: false
qt.text.emojisegmenter: Checking character 2 , sequence length: 1 , is emoji sequence: false
qt.text.emojisegmenter: Checking character 3 , sequence length: 1 , is emoji sequence: false
qt.text.emojisegmenter: Checking character 4 , sequence length: 1 , is emoji sequence: false
qt.text.emojisegmenter: Checking character 5 , sequence length: 1 , is emoji sequence: false
qt.text.emojisegmenter: Checking character 6 , sequence length: 1 , is emoji sequence: false
qt.text.emojisegmenter: Checking character 7 , sequence length: 1 , is emoji sequence: false
qt.text.emojisegmenter: Checking character 8 , sequence length: 1 , is emoji sequence: false
qt.text.emojisegmenter: Checking character 9 , sequence length: 1 , is emoji sequence: false
qt.widgets.painting: Drawing QRegion(0,0 88x20) of QLabel(0x3ef7a7c0) at QPoint(62,159) into paint device 0x3f074560 with QFlags<QWidgetPrivate::DrawWidgetFlag>(DrawPaintOnScreen|DrawRecursive|DrawInvisible|DontSetCompositionMode)
qt.text.drawing: drawFrame 0 -- 18 at QPointF(0,0)
qt.text.drawing: drawBlock 0 at QPointF(0,0) br QRectF(0,1 88x19)
qt.text.emojisegmenter: Emoji segmenter disabled: false
qt.text.emojisegmenter: Checking character 0 , ucs4 == '1' , category: 7
qt.text.emojisegmenter: Checking character 1 , ucs4 == '.' , category: 16
qt.text.emojisegmenter: Checking character 2 , ucs4 == '3' , category: 7
qt.text.emojisegmenter: Checking character 3 , ucs4 == '.' , category: 16
qt.text.emojisegmenter: Checking character 4 , ucs4 == '5' , category: 7
qt.text.emojisegmenter: Checking character 5 , ucs4 == '.' , category: 16
qt.text.emojisegmenter: Checking character 6 , ucs4 == '0' , category: 7
qt.text.emojisegmenter: Checking character 7 , ucs4 == ' ' , category: 16
qt.text.emojisegmenter: Checking character 8 , ucs4 == 'T' , category: 16
qt.text.emojisegmenter: Checking character 9 , ucs4 == 'o' , category: 16
qt.text.emojisegmenter: Checking character 10 , ucs4 == 'g' , category: 16
qt.text.emojisegmenter: Checking character 11 , ucs4 == 'e' , category: 16
qt.text.emojisegmenter: Checking character 12 , ucs4 == 'n' , category: 16
qt.text.emojisegmenter: Checking character 13 , ucs4 == 'a' , category: 16
qt.text.emojisegmenter: Checking character 14 , ucs4 == 's' , category: 16
qt.text.emojisegmenter: Checking character 15 , ucs4 == 'h' , category: 16
qt.text.emojisegmenter: Checking character 16 , ucs4 == 'i' , category: 16
qt.text.emojisegmenter: Checking character 17 , ucs4 == ' ' , category: 16
qt.text.emojisegmenter: Checking character 0 , sequence length: 1 , is emoji sequence: false
qt.text.emojisegmenter: Checking character 1 , sequence length: 1 , is emoji sequence: false
qt.text.emojisegmenter: Checking character 2 , sequence length: 1 , is emoji sequence: false
qt.text.emojisegmenter: Checking character 3 , sequence length: 1 , is emoji sequence: false
qt.text.emojisegmenter: Checking character 4 , sequence length: 1 , is emoji sequence: false
qt.text.emojisegmenter: Checking character 5 , sequence length: 1 , is emoji sequence: false
qt.text.emojisegmenter: Checking character 6 , sequence length: 1 , is emoji sequence: false
qt.text.emojisegmenter: Checking character 7 , sequence length: 1 , is emoji sequence: false
qt.text.emojisegmenter: Checking character 8 , sequence length: 1 , is emoji sequence: false
qt.text.emojisegmenter: Checking character 9 , sequence length: 1 , is emoji sequence: false
qt.text.emojisegmenter: Checking character 10 , sequence length: 1 , is emoji sequence: false
qt.text.emojisegmenter: Checking character 11 , sequence length: 1 , is emoji sequence: false
qt.text.emojisegmenter: Checking character 12 , sequence length: 1 , is emoji sequence: false
qt.text.emojisegmenter: Checking character 13 , sequence length: 1 , is emoji sequence: false
qt.text.emojisegmenter: Checking character 14 , sequence length: 1 , is emoji sequence: false
qt.text.emojisegmenter: Checking character 15 , sequence length: 1 , is emoji sequence: false
qt.text.emojisegmenter: Checking character 16 , sequence length: 1 , is emoji sequence: false
qt.text.emojisegmenter: Checking character 17 , sequence length: 1 , is emoji sequence: false
qt.widgets.painting: Drawing QRegion(0,0 27x27) of IndeterminateSpinner(0x3efcf920) at QPoint(62,215) into paint device 0x3f074560 with QFlags<QWidgetPrivate::DrawWidgetFlag>(DrawPaintOnScreen|DrawRecursive|DrawInvisible|DontSetCompositionMode)
qt.widgets.painting: Drawing QRegion(0,0 221x24) of QLabel(0x3f070070) at QPoint(100,216) into paint device 0x3f074560 with QFlags<QWidgetPrivate::DrawWidgetFlag>(DrawPaintOnScreen|DrawRecursive|DrawInvisible|DontSetCompositionMode)
qt.text.emojisegmenter: Emoji segmenter disabled: false
qt.text.emojisegmenter: Checking character 0 , ucs4 == '\u6b63' , category: 16
qt.text.emojisegmenter: Checking character 1 , ucs4 == '\u5728' , category: 16
qt.text.emojisegmenter: Checking character 2 , ucs4 == '\u542f' , category: 16
qt.text.emojisegmenter: Checking character 3 , ucs4 == '\u52a8' , category: 16
qt.text.emojisegmenter: Checking character 4 , ucs4 == ' ' , category: 16
qt.text.emojisegmenter: Checking character 5 , ucs4 == '3' , category: 7
qt.text.emojisegmenter: Checking character 6 , ucs4 == '0' , category: 7
qt.text.emojisegmenter: Checking character 7 , ucs4 == '%' , category: 16
qt.text.emojisegmenter: Checking character 0 , sequence length: 1 , is emoji sequence: false
qt.text.emojisegmenter: Checking character 1 , sequence length: 1 , is emoji sequence: false
qt.text.emojisegmenter: Checking character 2 , sequence length: 1 , is emoji sequence: false
qt.text.emojisegmenter: Checking character 3 , sequence length: 1 , is emoji sequence: false
qt.text.emojisegmenter: Checking character 4 , sequence length: 1 , is emoji sequence: false
qt.text.emojisegmenter: Checking character 5 , sequence length: 1 , is emoji sequence: false
qt.text.emojisegmenter: Checking character 6 , sequence length: 1 , is emoji sequence: false
qt.text.emojisegmenter: Checking character 7 , sequence length: 1 , is emoji sequence: false
qt.widgets.painting: Drawing QRegion(0,0 678x8) of QProgressBar(0x3ea71390) at QPoint(24,263) into paint device 0x3f074560 with QFlags<QWidgetPrivate::DrawWidgetFlag>(DrawPaintOnScreen|DrawRecursive|DrawInvisible|DontSetCompositionMode)
qt.widgets.painting: Marking QRegion(76,200 221x24) of QFrame(0x3ead4ef0, name="splashContainer") as needing flush in StartupSplash(0x3eb5e710) at offset QPoint(24,16)
qt.widgets.painting: Flushing top level QRegion(100,216 221x24) and children QList()
qt.widgets.painting: Flushing QRegion(100,216 221x24) of StartupSplash(0x3eb5e710) to QWidgetWindow(0x3f051e00, name="StartupSplashClassWindow") 
qt.pyside.libpyside: qtPythonMetacall #33 "_rotate()"
qt.widgets.painting: Marking QRect(0,0 27x27) of IndeterminateSpinner(0x3efcf920) dirty with QWidgetRepaintManager::UpdateLater
qt.widgets.painting: Sending update request to StartupSplash(0x3eb5e710) with QWidgetRepaintManager::UpdateLater
qt.widgets.painting: Marking QRect(0,0 678x8) of QProgressBar(0x3ea71390) dirty with QWidgetRepaintManager::UpdateNow
qt.widgets.painting: Sending update request to StartupSplash(0x3eb5e710) with QWidgetRepaintManager::UpdateNow
qt.widgets.painting: Syncing dirty widgets
qt.widgets.painting: Painting and flushing dirty top level QRegion(null) and dirty widgets QList(IndeterminateSpinner(0x3efcf920), QProgressBar(0x3ea71390))
qt.widgets.painting: Drawing QRegion(size=2, bounds=(24,215 678x56) - [(62,215 27x27), (24,263 678x8)]) of StartupSplash(0x3eb5e710) at QPoint(0,0) into paint device 0x7781f0004e20 with QFlags<QWidgetPrivate::DrawWidgetFlag>(DrawAsRoot|DrawRecursive|UseEffectRegionBounds)
qt.widgets.painting: Marking QRegion(size=2, bounds=(24,215 678x56) - [(62,215 27x27), (24,263 678x8)]) of top level StartupSplash(0x3eb5e710) as needing flush
qt.widgets.painting: Drawing QRegion(size=2, bounds=(0,199 678x56) - [(38,199 27x27), (0,247 678x8)]) of QFrame(0x3ead4ef0, name="splashContainer") at QPoint(24,16) into paint device 0x7781f0004e20 with QFlags<QWidgetPrivate::DrawWidgetFlag>(DrawRecursive)
qt.widgets.painting: Drawing QRegion(0,0 678x255) of QFrame(0x3ead4ef0, name="splashContainer") at QPoint(24,16) into paint device 0x3f061080 with QFlags<QWidgetPrivate::DrawWidgetFlag>(DrawPaintOnScreen|DrawRecursive|DrawInvisible|DontSetCompositionMode)
qt.widgets.painting: Drawing QRegion(0,0 64x64) of QLabel(0x3ea80590) at QPoint(62,53) into paint device 0x3f061080 with QFlags<QWidgetPrivate::DrawWidgetFlag>(DrawPaintOnScreen|DrawRecursive|DrawInvisible|DontSetCompositionMode)
qt.widgets.painting: Drawing QRegion(0,0 328x32) of QLabel(0x3eaaf0b0) at QPoint(62,127) into paint device 0x3f061080 with QFlags<QWidgetPrivate::DrawWidgetFlag>(DrawPaintOnScreen|DrawRecursive|DrawInvisible|DontSetCompositionMode)
qt.text.emojisegmenter: Emoji segmenter disabled: false
qt.text.emojisegmenter: Checking character 0 , ucs4 == 'L' , category: 16
qt.text.emojisegmenter: Checking character 1 , ucs4 == 'u' , category: 16
qt.text.emojisegmenter: Checking character 2 , ucs4 == 'm' , category: 16
qt.text.emojisegmenter: Checking character 3 , ucs4 == 'i' , category: 16
qt.text.emojisegmenter: Checking character 4 , ucs4 == 'n' , category: 16
qt.text.emojisegmenter: Checking character 5 , ucs4 == 'a' , category: 16
qt.text.emojisegmenter: Checking character 6 , ucs4 == 'l' , category: 16
qt.text.emojisegmenter: Checking character 7 , ucs4 == 'i' , category: 16
qt.text.emojisegmenter: Checking character 8 , ucs4 == 'u' , category: 16
qt.text.emojisegmenter: Checking character 9 , ucs4 == 'm' , category: 16
qt.text.emojisegmenter: Checking character 0 , sequence length: 1 , is emoji sequence: false
qt.text.emojisegmenter: Checking character 1 , sequence length: 1 , is emoji sequence: false
qt.text.emojisegmenter: Checking character 2 , sequence length: 1 , is emoji sequence: false
qt.text.emojisegmenter: Checking character 3 , sequence length: 1 , is emoji sequence: false
qt.text.emojisegmenter: Checking character 4 , sequence length: 1 , is emoji sequence: false
qt.text.emojisegmenter: Checking character 5 , sequence length: 1 , is emoji sequence: false
qt.text.emojisegmenter: Checking character 6 , sequence length: 1 , is emoji sequence: false
qt.text.emojisegmenter: Checking character 7 , sequence length: 1 , is emoji sequence: false
qt.text.emojisegmenter: Checking character 8 , sequence length: 1 , is emoji sequence: false
qt.text.emojisegmenter: Checking character 9 , sequence length: 1 , is emoji sequence: false
qt.widgets.painting: Drawing QRegion(0,0 88x20) of QLabel(0x3ef7a7c0) at QPoint(62,159) into paint device 0x3f061080 with QFlags<QWidgetPrivate::DrawWidgetFlag>(DrawPaintOnScreen|DrawRecursive|DrawInvisible|DontSetCompositionMode)
qt.text.drawing: drawFrame 0 -- 18 at QPointF(0,0)
qt.text.drawing: drawBlock 0 at QPointF(0,0) br QRectF(0,1 88x19)
qt.text.emojisegmenter: Emoji segmenter disabled: false
qt.text.emojisegmenter: Checking character 0 , ucs4 == '1' , category: 7
qt.text.emojisegmenter: Checking character 1 , ucs4 == '.' , category: 16
qt.text.emojisegmenter: Checking character 2 , ucs4 == '3' , category: 7
qt.text.emojisegmenter: Checking character 3 , ucs4 == '.' , category: 16
qt.text.emojisegmenter: Checking character 4 , ucs4 == '5' , category: 7
qt.text.emojisegmenter: Checking character 5 , ucs4 == '.' , category: 16
qt.text.emojisegmenter: Checking character 6 , ucs4 == '0' , category: 7
qt.text.emojisegmenter: Checking character 7 , ucs4 == ' ' , category: 16
qt.text.emojisegmenter: Checking character 8 , ucs4 == 'T' , category: 16
qt.text.emojisegmenter: Checking character 9 , ucs4 == 'o' , category: 16
qt.text.emojisegmenter: Checking character 10 , ucs4 == 'g' , category: 16
qt.text.emojisegmenter: Checking character 11 , ucs4 == 'e' , category: 16
qt.text.emojisegmenter: Checking character 12 , ucs4 == 'n' , category: 16
qt.text.emojisegmenter: Checking character 13 , ucs4 == 'a' , category: 16
qt.text.emojisegmenter: Checking character 14 , ucs4 == 's' , category: 16
qt.text.emojisegmenter: Checking character 15 , ucs4 == 'h' , category: 16
qt.text.emojisegmenter: Checking character 16 , ucs4 == 'i' , category: 16
qt.text.emojisegmenter: Checking character 17 , ucs4 == ' ' , category: 16
qt.text.emojisegmenter: Checking character 0 , sequence length: 1 , is emoji sequence: false
qt.text.emojisegmenter: Checking character 1 , sequence length: 1 , is emoji sequence: false
qt.text.emojisegmenter: Checking character 2 , sequence length: 1 , is emoji sequence: false
qt.text.emojisegmenter: Checking character 3 , sequence length: 1 , is emoji sequence: false
qt.text.emojisegmenter: Checking character 4 , sequence length: 1 , is emoji sequence: false
qt.text.emojisegmenter: Checking character 5 , sequence length: 1 , is emoji sequence: false
qt.text.emojisegmenter: Checking character 6 , sequence length: 1 , is emoji sequence: false
qt.text.emojisegmenter: Checking character 7 , sequence length: 1 , is emoji sequence: false
qt.text.emojisegmenter: Checking character 8 , sequence length: 1 , is emoji sequence: false
qt.text.emojisegmenter: Checking character 9 , sequence length: 1 , is emoji sequence: false
qt.text.emojisegmenter: Checking character 10 , sequence length: 1 , is emoji sequence: false
qt.text.emojisegmenter: Checking character 11 , sequence length: 1 , is emoji sequence: false
qt.text.emojisegmenter: Checking character 12 , sequence length: 1 , is emoji sequence: false
qt.text.emojisegmenter: Checking character 13 , sequence length: 1 , is emoji sequence: false
qt.text.emojisegmenter: Checking character 14 , sequence length: 1 , is emoji sequence: false
qt.text.emojisegmenter: Checking character 15 , sequence length: 1 , is emoji sequence: false
qt.text.emojisegmenter: Checking character 16 , sequence length: 1 , is emoji sequence: false
qt.text.emojisegmenter: Checking character 17 , sequence length: 1 , is emoji sequence: false
qt.widgets.painting: Drawing QRegion(0,0 27x27) of IndeterminateSpinner(0x3efcf920) at QPoint(62,215) into paint device 0x3f061080 with QFlags<QWidgetPrivate::DrawWidgetFlag>(DrawPaintOnScreen|DrawRecursive|DrawInvisible|DontSetCompositionMode)
qt.widgets.painting: Drawing QRegion(0,0 221x24) of QLabel(0x3f070070) at QPoint(100,216) into paint device 0x3f061080 with QFlags<QWidgetPrivate::DrawWidgetFlag>(DrawPaintOnScreen|DrawRecursive|DrawInvisible|DontSetCompositionMode)
qt.text.emojisegmenter: Emoji segmenter disabled: false
qt.text.emojisegmenter: Checking character 0 , ucs4 == '\u6b63' , category: 16
qt.text.emojisegmenter: Checking character 1 , ucs4 == '\u5728' , category: 16
qt.text.emojisegmenter: Checking character 2 , ucs4 == '\u542f' , category: 16
qt.text.emojisegmenter: Checking character 3 , ucs4 == '\u52a8' , category: 16
qt.text.emojisegmenter: Checking character 4 , ucs4 == ' ' , category: 16
qt.text.emojisegmenter: Checking character 5 , ucs4 == '3' , category: 7
qt.text.emojisegmenter: Checking character 6 , ucs4 == '0' , category: 7
qt.text.emojisegmenter: Checking character 7 , ucs4 == '%' , category: 16
qt.text.emojisegmenter: Checking character 0 , sequence length: 1 , is emoji sequence: false
qt.text.emojisegmenter: Checking character 1 , sequence length: 1 , is emoji sequence: false
qt.text.emojisegmenter: Checking character 2 , sequence length: 1 , is emoji sequence: false
qt.text.emojisegmenter: Checking character 3 , sequence length: 1 , is emoji sequence: false
qt.text.emojisegmenter: Checking character 4 , sequence length: 1 , is emoji sequence: false
qt.text.emojisegmenter: Checking character 5 , sequence length: 1 , is emoji sequence: false
qt.text.emojisegmenter: Checking character 6 , sequence length: 1 , is emoji sequence: false
qt.text.emojisegmenter: Checking character 7 , sequence length: 1 , is emoji sequence: false
qt.widgets.painting: Drawing QRegion(0,0 678x8) of QProgressBar(0x3ea71390) at QPoint(24,263) into paint device 0x3f061080 with QFlags<QWidgetPrivate::DrawWidgetFlag>(DrawPaintOnScreen|DrawRecursive|DrawInvisible|DontSetCompositionMode)
qt.widgets.painting: Marking QRegion(size=2, bounds=(0,199 678x56) - [(38,199 27x27), (0,247 678x8)]) of QFrame(0x3ead4ef0, name="splashContainer") as needing flush in StartupSplash(0x3eb5e710) at offset QPoint(24,16)
qt.widgets.painting: Flushing top level QRegion(size=2, bounds=(24,215 678x56) - [(62,215 27x27), (24,263 678x8)]) and children QList()
qt.widgets.painting: Flushing QRegion(size=2, bounds=(24,215 678x56) - [(62,215 27x27), (24,263 678x8)]) of StartupSplash(0x3eb5e710) to QWidgetWindow(0x3f051e00, name="StartupSplashClassWindow") 
qt.widgets.painting: Marking QRect(0,0 221x24) of QLabel(0x3f070070) dirty with QWidgetRepaintManager::UpdateLater
qt.widgets.painting: Sending update request to StartupSplash(0x3eb5e710) with QWidgetRepaintManager::UpdateLater
qt.widgets.painting: Syncing dirty widgets
qt.widgets.painting: Painting and flushing dirty top level QRegion(null) and dirty widgets QList(QLabel(0x3f070070))
qt.widgets.painting: Drawing QRegion(100,216 221x24) of StartupSplash(0x3eb5e710) at QPoint(0,0) into paint device 0x7781f0004e20 with QFlags<QWidgetPrivate::DrawWidgetFlag>(DrawAsRoot|DrawRecursive|UseEffectRegionBounds)
qt.widgets.painting: Marking QRegion(100,216 221x24) of top level StartupSplash(0x3eb5e710) as needing flush
qt.widgets.painting: Drawing QRegion(76,200 221x24) of QFrame(0x3ead4ef0, name="splashContainer") at QPoint(24,16) into paint device 0x7781f0004e20 with QFlags<QWidgetPrivate::DrawWidgetFlag>(DrawRecursive)
qt.widgets.painting: Drawing QRegion(0,0 678x255) of QFrame(0x3ead4ef0, name="splashContainer") at QPoint(24,16) into paint device 0x3efb7cc0 with QFlags<QWidgetPrivate::DrawWidgetFlag>(DrawPaintOnScreen|DrawRecursive|DrawInvisible|DontSetCompositionMode)
qt.widgets.painting: Drawing QRegion(0,0 64x64) of QLabel(0x3ea80590) at QPoint(62,53) into paint device 0x3efb7cc0 with QFlags<QWidgetPrivate::DrawWidgetFlag>(DrawPaintOnScreen|DrawRecursive|DrawInvisible|DontSetCompositionMode)
qt.widgets.painting: Drawing QRegion(0,0 328x32) of QLabel(0x3eaaf0b0) at QPoint(62,127) into paint device 0x3efb7cc0 with QFlags<QWidgetPrivate::DrawWidgetFlag>(DrawPaintOnScreen|DrawRecursive|DrawInvisible|DontSetCompositionMode)
qt.text.emojisegmenter: Emoji segmenter disabled: false
qt.text.emojisegmenter: Checking character 0 , ucs4 == 'L' , category: 16
qt.text.emojisegmenter: Checking character 1 , ucs4 == 'u' , category: 16
qt.text.emojisegmenter: Checking character 2 , ucs4 == 'm' , category: 16
qt.text.emojisegmenter: Checking character 3 , ucs4 == 'i' , category: 16
qt.text.emojisegmenter: Checking character 4 , ucs4 == 'n' , category: 16
qt.text.emojisegmenter: Checking character 5 , ucs4 == 'a' , category: 16
qt.text.emojisegmenter: Checking character 6 , ucs4 == 'l' , category: 16
qt.text.emojisegmenter: Checking character 7 , ucs4 == 'i' , category: 16
qt.text.emojisegmenter: Checking character 8 , ucs4 == 'u' , category: 16
qt.text.emojisegmenter: Checking character 9 , ucs4 == 'm' , category: 16
qt.text.emojisegmenter: Checking character 0 , sequence length: 1 , is emoji sequence: false
qt.text.emojisegmenter: Checking character 1 , sequence length: 1 , is emoji sequence: false
qt.text.emojisegmenter: Checking character 2 , sequence length: 1 , is emoji sequence: false
qt.text.emojisegmenter: Checking character 3 , sequence length: 1 , is emoji sequence: false
qt.text.emojisegmenter: Checking character 4 , sequence length: 1 , is emoji sequence: false
qt.text.emojisegmenter: Checking character 5 , sequence length: 1 , is emoji sequence: false
qt.text.emojisegmenter: Checking character 6 , sequence length: 1 , is emoji sequence: false
qt.text.emojisegmenter: Checking character 7 , sequence length: 1 , is emoji sequence: false
qt.text.emojisegmenter: Checking character 8 , sequence length: 1 , is emoji sequence: false
qt.text.emojisegmenter: Checking character 9 , sequence length: 1 , is emoji sequence: false
qt.widgets.painting: Drawing QRegion(0,0 88x20) of QLabel(0x3ef7a7c0) at QPoint(62,159) into paint device 0x3efb7cc0 with QFlags<QWidgetPrivate::DrawWidgetFlag>(DrawPaintOnScreen|DrawRecursive|DrawInvisible|DontSetCompositionMode)
qt.text.drawing: drawFrame 0 -- 18 at QPointF(0,0)
qt.text.drawing: drawBlock 0 at QPointF(0,0) br QRectF(0,1 88x19)
qt.text.emojisegmenter: Emoji segmenter disabled: false
qt.text.emojisegmenter: Checking character 0 , ucs4 == '1' , category: 7
qt.text.emojisegmenter: Checking character 1 , ucs4 == '.' , category: 16
qt.text.emojisegmenter: Checking character 2 , ucs4 == '3' , category: 7
qt.text.emojisegmenter: Checking character 3 , ucs4 == '.' , category: 16
qt.text.emojisegmenter: Checking character 4 , ucs4 == '5' , category: 7
qt.text.emojisegmenter: Checking character 5 , ucs4 == '.' , category: 16
qt.text.emojisegmenter: Checking character 6 , ucs4 == '0' , category: 7
qt.text.emojisegmenter: Checking character 7 , ucs4 == ' ' , category: 16
qt.text.emojisegmenter: Checking character 8 , ucs4 == 'T' , category: 16
qt.text.emojisegmenter: Checking character 9 , ucs4 == 'o' , category: 16
qt.text.emojisegmenter: Checking character 10 , ucs4 == 'g' , category: 16
qt.text.emojisegmenter: Checking character 11 , ucs4 == 'e' , category: 16
qt.text.emojisegmenter: Checking character 12 , ucs4 == 'n' , category: 16
qt.text.emojisegmenter: Checking character 13 , ucs4 == 'a' , category: 16
qt.text.emojisegmenter: Checking character 14 , ucs4 == 's' , category: 16
qt.text.emojisegmenter: Checking character 15 , ucs4 == 'h' , category: 16
qt.text.emojisegmenter: Checking character 16 , ucs4 == 'i' , category: 16
qt.text.emojisegmenter: Checking character 17 , ucs4 == ' ' , category: 16
qt.text.emojisegmenter: Checking character 0 , sequence length: 1 , is emoji sequence: false
qt.text.emojisegmenter: Checking character 1 , sequence length: 1 , is emoji sequence: false
qt.text.emojisegmenter: Checking character 2 , sequence length: 1 , is emoji sequence: false
qt.text.emojisegmenter: Checking character 3 , sequence length: 1 , is emoji sequence: false
qt.text.emojisegmenter: Checking character 4 , sequence length: 1 , is emoji sequence: false
qt.text.emojisegmenter: Checking character 5 , sequence length: 1 , is emoji sequence: false
qt.text.emojisegmenter: Checking character 6 , sequence length: 1 , is emoji sequence: false
qt.text.emojisegmenter: Checking character 7 , sequence length: 1 , is emoji sequence: false
qt.text.emojisegmenter: Checking character 8 , sequence length: 1 , is emoji sequence: false
qt.text.emojisegmenter: Checking character 9 , sequence length: 1 , is emoji sequence: false
qt.text.emojisegmenter: Checking character 10 , sequence length: 1 , is emoji sequence: false
qt.text.emojisegmenter: Checking character 11 , sequence length: 1 , is emoji sequence: false
qt.text.emojisegmenter: Checking character 12 , sequence length: 1 , is emoji sequence: false
qt.text.emojisegmenter: Checking character 13 , sequence length: 1 , is emoji sequence: false
qt.text.emojisegmenter: Checking character 14 , sequence length: 1 , is emoji sequence: false
qt.text.emojisegmenter: Checking character 15 , sequence length: 1 , is emoji sequence: false
qt.text.emojisegmenter: Checking character 16 , sequence length: 1 , is emoji sequence: false
qt.text.emojisegmenter: Checking character 17 , sequence length: 1 , is emoji sequence: false
qt.widgets.painting: Drawing QRegion(0,0 27x27) of IndeterminateSpinner(0x3efcf920) at QPoint(62,215) into paint device 0x3efb7cc0 with QFlags<QWidgetPrivate::DrawWidgetFlag>(DrawPaintOnScreen|DrawRecursive|DrawInvisible|DontSetCompositionMode)
qt.widgets.painting: Drawing QRegion(0,0 221x24) of QLabel(0x3f070070) at QPoint(100,216) into paint device 0x3efb7cc0 with QFlags<QWidgetPrivate::DrawWidgetFlag>(DrawPaintOnScreen|DrawRecursive|DrawInvisible|DontSetCompositionMode)
qt.text.emojisegmenter: Emoji segmenter disabled: false
qt.text.emojisegmenter: Checking character 0 , ucs4 == '\u6b63' , category: 16
qt.text.emojisegmenter: Checking character 1 , ucs4 == '\u5728' , category: 16
qt.text.emojisegmenter: Checking character 2 , ucs4 == '\u542f' , category: 16
qt.text.emojisegmenter: Checking character 3 , ucs4 == '\u52a8' , category: 16
qt.text.emojisegmenter: Checking character 4 , ucs4 == ' ' , category: 16
qt.text.emojisegmenter: Checking character 5 , ucs4 == '4' , category: 7
qt.text.emojisegmenter: Checking character 6 , ucs4 == '0' , category: 7
qt.text.emojisegmenter: Checking character 7 , ucs4 == '%' , category: 16
qt.text.emojisegmenter: Checking character 0 , sequence length: 1 , is emoji sequence: false
qt.text.emojisegmenter: Checking character 1 , sequence length: 1 , is emoji sequence: false
qt.text.emojisegmenter: Checking character 2 , sequence length: 1 , is emoji sequence: false
qt.text.emojisegmenter: Checking character 3 , sequence length: 1 , is emoji sequence: false
qt.text.emojisegmenter: Checking character 4 , sequence length: 1 , is emoji sequence: false
qt.text.emojisegmenter: Checking character 5 , sequence length: 1 , is emoji sequence: false
qt.text.emojisegmenter: Checking character 6 , sequence length: 1 , is emoji sequence: false
qt.text.emojisegmenter: Checking character 7 , sequence length: 1 , is emoji sequence: false
qt.widgets.painting: Drawing QRegion(0,0 678x8) of QProgressBar(0x3ea71390) at QPoint(24,263) into paint device 0x3efb7cc0 with QFlags<QWidgetPrivate::DrawWidgetFlag>(DrawPaintOnScreen|DrawRecursive|DrawInvisible|DontSetCompositionMode)
qt.widgets.painting: Marking QRegion(76,200 221x24) of QFrame(0x3ead4ef0, name="splashContainer") as needing flush in StartupSplash(0x3eb5e710) at offset QPoint(24,16)
qt.widgets.painting: Flushing top level QRegion(100,216 221x24) and children QList()
qt.widgets.painting: Flushing QRegion(100,216 221x24) of StartupSplash(0x3eb5e710) to QWidgetWindow(0x3f051e00, name="StartupSplashClassWindow") 
qt.widgets.focus: Initializing focus chain of QWidget(0x3ea940a0)
qt.webengine.libraryinfo: Qt WebEngine process path: /home/chenjintang/Luminalium/.venv/lib/python3.14/site-packages/PySide6/Qt/libexec/QtWebEngineProcess
Sandboxing disabled by user.
qt.qpa.gl: Choosing xcb gl-integration based on following priority
 QList("xcb_glx", "xcb_egl")
qt.core.plugin.factoryloader: checking directory path "/home/chenjintang/Luminalium/.venv/lib/python3.14/site-packages/PySide6/Qt/plugins/xcbglintegrations" ...
qt.core.plugin.factoryloader: looking at "libqxcb-egl-integration.so"
qt.core.plugin.loader: Found metadata in lib /home/chenjintang/Luminalium/.venv/lib/python3.14/site-packages/PySide6/Qt/plugins/xcbglintegrations/libqxcb-egl-integration.so, metadata=
{
    "IID": "org.qt-project.Qt.QPA.Xcb.QXcbGlIntegrationFactoryInterface.5.5",
    "MetaData": {
        "Keys": [
            "xcb_egl"
        ]
    },
    "archlevel": 2,
    "className": "QXcbEglIntegrationPlugin",
    "debug": false,
    "version": 396032
}


qt.core.plugin.factoryloader: Got keys from plugin meta data QList("xcb_egl")
qt.core.plugin.factoryloader: looking at "libqxcb-glx-integration.so"
qt.core.plugin.loader: Found metadata in lib /home/chenjintang/Luminalium/.venv/lib/python3.14/site-packages/PySide6/Qt/plugins/xcbglintegrations/libqxcb-glx-integration.so, metadata=
{
    "IID": "org.qt-project.Qt.QPA.Xcb.QXcbGlIntegrationFactoryInterface.5.5",
    "MetaData": {
        "Keys": [
            "xcb_glx"
        ]
    },
    "archlevel": 2,
    "className": "QXcbGlxIntegrationPlugin",
    "debug": false,
    "version": 396032
}


qt.core.plugin.factoryloader: Got keys from plugin meta data QList("xcb_glx")
qt.core.plugin.factoryloader: checking directory path "/home/chenjintang/.local/share/uv/python/cpython-3.14.2-linux-x86_64-gnu/bin/xcbglintegrations" ...
qt.core.library: "/home/chenjintang/Luminalium/.venv/lib/python3.14/site-packages/PySide6/Qt/plugins/xcbglintegrations/libqxcb-glx-integration.so" loaded library
qt.qpa.gl: Xcb GLX gl-integration created
qt.qpa.gl: Xcb GLX gl-integration successfully initialized
qt.rhi.general: Created OpenGL context QSurfaceFormat(version 4.5, options QFlags<QSurfaceFormat::FormatOption>(DeprecatedFunctions), depthBufferSize 0, redBufferSize 8, greenBufferSize 8, blueBufferSize 8, alphaBufferSize 0, stencilBufferSize 0, samples -1, swapBehavior QSurfaceFormat::DefaultSwapBehavior, swapInterval 1, colorSpace QColorSpace(), profile  QSurfaceFormat::CompatibilityProfile)
qt.rhi.general: OpenGL VENDOR: Mesa RENDERER: llvmpipe (LLVM 20.1.8, 256 bits) VERSION: 4.5 (Compatibility Profile) Mesa 25.2.3-1ubuntu1
qt.core.library: "vulkan" loaded library
qt.vulkan: Vulkan init (libvulkan.so.1)
qt.vulkan: Supported Vulkan instance layers: QList(QVulkanLayer("VK_LAYER_VALVE_steam_fossilize_64" 1 QVersionNumber(1.3.207) "Steam Pipeline Caching Layer"), QVulkanLayer("VK_LAYER_VALVE_steam_overlay_64" 1 QVersionNumber(1.3.207) "Steam Overlay Layer"), QVulkanLayer("VK_LAYER_VALVE_steam_fossilize_32" 1 QVersionNumber(1.3.207) "Steam Pipeline Caching Layer"), QVulkanLayer("VK_LAYER_VALVE_steam_overlay_32" 1 QVersionNumber(1.3.207) "Steam Overlay Layer"), QVulkanLayer("VK_LAYER_MESA_device_select" 1 QVersionNumber(1.4.303) "Linux device selection layer"), QVulkanLayer("VK_LAYER_INTEL_nullhw" 1 QVersionNumber(1.1.73) "INTEL NULL HW"), QVulkanLayer("VK_LAYER_MESA_overlay" 1 QVersionNumber(1.4.303) "Mesa Overlay layer"))
qt.vulkan: Supported Vulkan instance extensions: QList(QVulkanExtension("VK_KHR_device_group_creation" 1), QVulkanExtension("VK_KHR_display" 23), QVulkanExtension("VK_KHR_external_fence_capabilities" 1), QVulkanExtension("VK_KHR_external_memory_capabilities" 1), QVulkanExtension("VK_KHR_external_semaphore_capabilities" 1), QVulkanExtension("VK_KHR_get_display_properties2" 1), QVulkanExtension("VK_KHR_get_physical_device_properties2" 2), QVulkanExtension("VK_KHR_get_surface_capabilities2" 1), QVulkanExtension("VK_KHR_surface" 25), QVulkanExtension("VK_KHR_surface_protected_capabilities" 1), QVulkanExtension("VK_KHR_wayland_surface" 6), QVulkanExtension("VK_KHR_xcb_surface" 6), QVulkanExtension("VK_KHR_xlib_surface" 6), QVulkanExtension("VK_EXT_acquire_drm_display" 1), QVulkanExtension("VK_EXT_acquire_xlib_display" 1), QVulkanExtension("VK_EXT_debug_report" 10), QVulkanExtension("VK_EXT_debug_utils" 2), QVulkanExtension("VK_EXT_direct_mode_display" 1), QVulkanExtension("VK_EXT_display_surface_counter" 1), QVulkanExtension("VK_EXT_headless_surface" 1), QVulkanExtension("VK_EXT_surface_maintenance1" 1), QVulkanExtension("VK_EXT_swapchain_colorspace" 5), QVulkanExtension("VK_KHR_portability_enumeration" 1), QVulkanExtension("VK_LUNARG_direct_driver_loading" 1))
qt.vulkan: Enabling Vulkan instance layers: QList()
qt.vulkan: Enabling Vulkan instance extensions: QList("VK_KHR_surface", "VK_KHR_portability_enumeration", "VK_EXT_debug_utils", "VK_KHR_xcb_surface")
qt.rhi.general: Initializing QRhi Vulkan backend 0x43031bd0 with flags 0
qt.rhi.general: Enabled instance extensions:
qt.rhi.general:   VK_KHR_surface
qt.rhi.general:   VK_KHR_portability_enumeration
qt.rhi.general:   VK_EXT_debug_utils
qt.rhi.general:   VK_KHR_xcb_surface
qt.rhi.general: Physical device 0: 'AMD Radeon Graphics (RADV RENOIR)' 25.2.3 (api 1.4.318 vendor 0x1002 device 0x1636 type 1)
qt.rhi.general:     using this physical device
qt.rhi.general: Physical device 1: 'llvmpipe (LLVM 20.1.8, 256 bits)' 25.2.3 (api 1.4.318 vendor 0x10005 device 0x0 type 4)
qt.rhi.general: 207 device extensions available
qt.rhi.general: queue family 0: flags=0xf count=1
qt.rhi.general: queue family 1: flags=0xe count=4
qt.rhi.general: queue family 2: flags=0x20 count=1
qt.rhi.general: queue family 3: flags=0x40 count=1
qt.rhi.general: queue family 4: flags=0x8 count=1
qt.rhi.general: Enabling device extensions:
qt.rhi.general:   VK_KHR_swapchain
qt.rhi.general:   VK_KHR_create_renderpass2
qt.rhi.general:   VK_KHR_depth_stencil_resolve
qt.rhi.general: Using queue family index 0 and queue index 0
qt.nativeinterface: Comparing requested interface name QGLXContext with available QGLXContext
qt.nativeinterface: Match for interface QGLXContext. Comparing revisions (requested 1 / available 1)
qt.nativeinterface: Full match. Returning dynamic cast of 0x3efd1820
qt.nativeinterface: Comparing requested interface name QEGLContext with available QGLXContext
qt.nativeinterface: No match for requested interface name QEGLContext
qt.nativeinterface: Comparing requested interface name QEGLContext with available QEGLContext
qt.nativeinterface: Match for interface QEGLContext. Comparing revisions (requested 1 / available 1)
qt.nativeinterface: Full match. Returning dynamic cast of 0x3efd1820
qt.webenginecontext: 
Chromium GL Backend: disabled
Chromium ANGLE Backend: disabled
Chromium Vulkan Backend: disabled

QSG RHI Backend: OpenGL
QSG RHI Backend Supported: no
QSG RHI Device: Mesa llvmpipe (LLVM 20.1.8, 256 bits) 4.5 (Compatibility Profile) Mesa 25.2.3-1ubuntu1
QSG RHI GPU Vendor: AMD

Using GLX: yes
Using EGL: no
Using GBM: yes
Using Shared GL: yes

Init Parameters:
 *  application-name main.py
 *  browser-subprocess-path /home/chenjintang/Luminalium/.venv/lib/python3.14/site-packages/PySide6/Qt/libexec/QtWebEngineProcess
 *  disable-blink-features WebOTP
 *  disable-features EyeDropper,BackgroundFetch,InstalledApp,WebOTP,WebPayments,WebUSB
 *  disable-gpu 
 *  disable-gpu-compositing 
 *  disable-speech-api 
 *  disable-vulkan 
 *  enable-features NetworkServiceInProcess2,TracingServiceInProcess
 *  enable-logging 
 *  enable-software-rasterizer 
 *  in-process-gpu 
 *  log-level 0
 *  no-sandbox 
 *  touch-events auto
 *  use-gl disabled
 *  v 1

qt.webengine.libraryinfo: Qt WebEngine resources path: /home/chenjintang/Luminalium/.venv/lib/python3.14/site-packages/PySide6/Qt/resources
qt.webengine.libraryinfo: Qt WebEngine locales path: /home/chenjintang/Luminalium/.venv/lib/python3.14/site-packages/PySide6/Qt/translations/qtwebengine_locales
qt.webengine.libraryinfo: Qt WebEngine process path: /home/chenjintang/Luminalium/.venv/lib/python3.14/site-packages/PySide6/Qt/libexec/QtWebEngineProcess
qt.webengine.libraryinfo: Qt WebEngine resources path: /home/chenjintang/Luminalium/.venv/lib/python3.14/site-packages/PySide6/Qt/resources
qt.webengine.libraryinfo: Qt WebEngine locales path: /home/chenjintang/Luminalium/.venv/lib/python3.14/site-packages/PySide6/Qt/translations/qtwebengine_locales
[36578:36578:0405/231951.271375:INFO:../../../qtwebengine/src/3rdparty/chromium/third_party/webrtc/rtc_base/cpu_info.cc:75] Available number of cores: 16
[36578:36578:0405/231951.271817:VERBOSE1:../../../qtwebengine/src/3rdparty/chromium/content/zygote/zygote_main_linux.cc:204] ZygoteMain: initializing 0 fork delegates
qt.webengine.libraryinfo: Qt WebEngine process path: /home/chenjintang/Luminalium/.venv/lib/python3.14/site-packages/PySide6/Qt/libexec/QtWebEngineProcess
qt.webengine.libraryinfo: Qt WebEngine resources path: /home/chenjintang/Luminalium/.venv/lib/python3.14/site-packages/PySide6/Qt/resources
qt.webengine.libraryinfo: Qt WebEngine locales path: /home/chenjintang/Luminalium/.venv/lib/python3.14/site-packages/PySide6/Qt/translations/qtwebengine_locales
[36579:36579:0405/231951.284909:INFO:../../../qtwebengine/src/3rdparty/chromium/third_party/webrtc/rtc_base/cpu_info.cc:75] Available number of cores: 16
[36579:36579:0405/231951.285363:VERBOSE1:../../../qtwebengine/src/3rdparty/chromium/content/zygote/zygote_main_linux.cc:204] ZygoteMain: initializing 0 fork delegates
qt.nativeinterface: Comparing requested interface name QX11Application with available QX11Application
qt.nativeinterface: Match for interface QX11Application. Comparing revisions (requested 1 / available 1)
qt.nativeinterface: Full match. Returning dynamic cast of 0x3e967960
qt.nativeinterface: Comparing requested interface name QX11Application with available QX11Application
qt.nativeinterface: Match for interface QX11Application. Comparing revisions (requested 1 / available 1)
qt.nativeinterface: Full match. Returning dynamic cast of 0x3e967960
[36490:36583:0405/231951.289340:VERBOSE1:../../../qtwebengine/src/3rdparty/chromium/dbus/bus.cc:918] Method call: message_type: MESSAGE_METHOD_CALL
interface: org.freedesktop.DBus
member: GetNameOwner
signature: s

string "org.freedesktop.login1"

[36490:36584:0405/231951.317440:VERBOSE1:../../../qtwebengine/src/3rdparty/chromium/content/browser/renderer_host/media/media_stream_manager.cc:1553] MSM::InitializeMaybeAsync([this=0x7781f00058d0])
[36490:36584:0405/231951.317496:VERBOSE1:../../../qtwebengine/src/3rdparty/chromium/content/browser/renderer_host/media/media_stream_manager.cc:1553] MDM::MediaDevicesManager()
[36490:36584:0405/231951.317507:VERBOSE1:../../../qtwebengine/src/3rdparty/chromium/content/browser/renderer_host/media/media_stream_manager.cc:1553] MSM::MediaStreamManager([this=0x7781f00058d0]))
[36490:36604:0405/231951.317814:VERBOSE1:../../../qtwebengine/src/3rdparty/chromium/gpu/ipc/service/gpu_init.cc:1165] Vulkan disabled or failed to initialize
[36490:36490:0405/231951.327953:VERBOSE1:../../../qtwebengine/src/3rdparty/chromium/chrome/browser/media/webrtc/webrtc_event_log_manager.cc:124] WebRTC remote-bound event logging disabled.
[36490:36490:0405/231951.328063:VERBOSE1:../../../qtwebengine/src/3rdparty/chromium/content/browser/first_party_sets/first_party_sets_handler_impl_instance.cc:277] Empty path. Failed initializing First-Party Sets database.
[36490:36604:0405/231951.333465:VERBOSE1:../../../qtwebengine/src/3rdparty/chromium/components/viz/service/main/viz_main_impl.cc:86] VizNullHypothesis is disabled (not a warning)
qt.accessibility.cache: insert - id: 2147483653  iface: QAccessibleInterface(0x42ae6c90 name="" role=Client obj=OverlayWindow(0x3ea940a0)"invisible")
qt.quick.hover.trace: QtWebEngineCore::RenderWidgetHostViewQtDelegateItem(0x42a3aeb0, parent=0x0, geometry=0,0 0x0) 0 -> true
qt.widgets.focus: Initializing focus chain of QWidget(0x42a3c050)
qt.scenegraph.general: Loading backend software
qt.quick.viewport: turned off subtree transformChanged notification after checking all children of QQuickItem(0x42a3f610, parent=0x42a3c780, geometry=0,0 0x0)
QQuickItem(0x42a3f610, parent=0x42a3c780, geometry=0,0 0x0) (0x42a44560) now has the following listeners:
- ChangeListener listener=0x43024f68 types= Geometry (QObject: QQuickWidget(0x42a3c050))
qt.quick.hover.trace: QQuickItem(0x42a3f610, parent=0x42a3c780, geometry=0,0 0x0) 0 -> true
qt.quick.hover.trace: QQuickRootItem(0x42a3c780, parent=0x0, geometry=0,0 0x0 🖼) 0 -> true
qt.quick.viewport: turned off subtree transformChanged notification after checking all children of QtWebEngineCore::RenderWidgetHostViewQtDelegateItem(0x42a3aeb0, parent=0x42a3f610, geometry=0,0 0x0)
qt.quick.pointer: detached root of QtWebEngineCore::RenderWidgetHostViewQtDelegateItem(0x42a3aeb0, parent=0x42a3f610, geometry=0,0 0x0) is not a QQuickRootItem and also does not have its own DeliveryAgent
qt.quick.focus: QQuickDeliveryAgent(root=QQuickRootItem) focus QtWebEngineCore::RenderWidgetHostViewQtDelegateItem(0x42a3aeb0, parent=0x42a3f610, geometry=0,0 0x0) in scope QQuickRootItem(0x42a3c780, parent=0x0, geometry=0,0 0x0 🖼)
qt.quick.focus:     scopeSubFocusItem: QQuickItem(nullptr)
qt.quick.focus:     activeFocusItem remains QQuickItem(nullptr) in QQuickDeliveryAgent(root=QQuickRootItem)
qt.accessibility.cache: insert - id: 2147483654  iface: QAccessibleInterface(0x42b18440 name="" role=Client obj=QQuickWidget(0x42a3c050)"focusable|invisible")
qt.accessibility.cache: delete - id: 2147483654  iface: QAccessibleInterface(0x42b18440 name="" role=Client obj=QQuickWidget(0x42a3c050)"focusable|invisible")
qt.accessibility.cache: insert - id: 2147483656  iface: QAccessibleInterface(0x42a44a90 name="" role=Client obj=OverlayWindow(0x3ea940a0)"invisible")
qt.accessibility.cache: insert - id: 2147483655  iface: QAccessibleInterface(0x42b18440 name="" role=Client obj=QQuickWidget(0x42a3c050)"focusable|invisible")
qt.widgets.focus: No-op insertion. OverlayWindow(0x3ea940a0) is already after QQuickWidget(0x42a3c050)
qt.widgets.showhide: Setting visibility of QQuickWidget(0x42a3c050) with attributes [WA_MouseTracking,WA_LaidOut,WA_PendingMoveEvent,WA_PendingResizeEvent,WA_Resized,WA_QuitOnClose,WA_AcceptDrops,WA_DropSiteRegistered,WA_AlwaysShowToolTips,WA_AcceptTouchEvents,WA_AlwaysStackOnTop] to true via QWidget
qt.widgets.showhide: Setting visibility of QQuickWidget(0x42a3c050) with attributes [WA_MouseTracking,WA_LaidOut,WA_PendingMoveEvent,WA_PendingResizeEvent,WA_Resized,WA_WState_ExplicitShowHide,WA_QuitOnClose,WA_AcceptDrops,WA_DropSiteRegistered,WA_AlwaysShowToolTips,WA_AcceptTouchEvents,WA_AlwaysStackOnTop] to true via QWidgetPrivate
qt.webengine.webchanneltransport: sending setWorldId(0) message to frame 1 in process 3
Loaded plugin: Status Bar
Loaded plugin: 引导
Loaded plugin: 板中板
Loaded plugin: 工具栏固定项
Loaded plugin: 聚光灯
Loaded plugin: 计时器
qt.gui.imageio.reader: Finding read handler for QFile("/home/chenjintang/Luminalium/icons/logo.ico") and format ""
qt.gui.imageio.reader: 10 plugins available: QList("svgz", "svg", "webp", "icns", "gif", "pdf", "tif", "tiff", "jfif", "jpeg", "jpg", "cur", "ico", "tga", "wbmp")
qt.gui.imageio.reader: Resolved format "ico" from file name suffix
qt.gui.imageio.reader: Checking if any plugins have explicitly declared support for the format "ico"
qt.gui.imageio.reader: QICOPlugin(0x3eac8a90) can read the format "ico"
qt.gui.imageio.reader: Finding read handler for QBuffer(0x7ffe63fb0040) and format "png"
qt.gui.imageio.reader: 10 plugins available: QList("svgz", "svg", "webp", "icns", "gif", "pdf", "tif", "tiff", "jfif", "jpeg", "jpg", "cur", "ico", "tga", "wbmp")
qt.gui.imageio.reader: Checking if any plugins have explicitly declared support for the format "png"
qt.gui.imageio.reader: Checking if any built in handlers recognize the format "png"
qt.gui.imageio.reader: Using the built-in handler for format "png"
qt.widgets.painting: Marking QRect(0,0 678x8) of QProgressBar(0x3ea71390) dirty with QWidgetRepaintManager::UpdateNow
qt.widgets.painting: Sending update request to StartupSplash(0x3eb5e710) with QWidgetRepaintManager::UpdateNow
qt.widgets.painting: Syncing dirty widgets
qt.widgets.painting: Painting and flushing dirty top level QRegion(null) and dirty widgets QList(QProgressBar(0x3ea71390))
qt.widgets.painting: Drawing QRegion(24,263 678x8) of StartupSplash(0x3eb5e710) at QPoint(0,0) into paint device 0x7781f0004e20 with QFlags<QWidgetPrivate::DrawWidgetFlag>(DrawAsRoot|DrawRecursive|UseEffectRegionBounds)
qt.widgets.painting: Marking QRegion(24,263 678x8) of top level StartupSplash(0x3eb5e710) as needing flush
qt.widgets.painting: Drawing QRegion(0,247 678x8) of QFrame(0x3ead4ef0, name="splashContainer") at QPoint(24,16) into paint device 0x7781f0004e20 with QFlags<QWidgetPrivate::DrawWidgetFlag>(DrawRecursive)
qt.widgets.painting: Drawing QRegion(0,0 678x255) of QFrame(0x3ead4ef0, name="splashContainer") at QPoint(24,16) into paint device 0x42b4b7d0 with QFlags<QWidgetPrivate::DrawWidgetFlag>(DrawPaintOnScreen|DrawRecursive|DrawInvisible|DontSetCompositionMode)
qt.widgets.painting: Drawing QRegion(0,0 64x64) of QLabel(0x3ea80590) at QPoint(62,53) into paint device 0x42b4b7d0 with QFlags<QWidgetPrivate::DrawWidgetFlag>(DrawPaintOnScreen|DrawRecursive|DrawInvisible|DontSetCompositionMode)
qt.widgets.painting: Drawing QRegion(0,0 328x32) of QLabel(0x3eaaf0b0) at QPoint(62,127) into paint device 0x42b4b7d0 with QFlags<QWidgetPrivate::DrawWidgetFlag>(DrawPaintOnScreen|DrawRecursive|DrawInvisible|DontSetCompositionMode)
qt.text.emojisegmenter: Emoji segmenter disabled: false
qt.text.emojisegmenter: Checking character 0 , ucs4 == 'L' , category: 16
qt.text.emojisegmenter: Checking character 1 , ucs4 == 'u' , category: 16
qt.text.emojisegmenter: Checking character 2 , ucs4 == 'm' , category: 16
qt.text.emojisegmenter: Checking character 3 , ucs4 == 'i' , category: 16
qt.text.emojisegmenter: Checking character 4 , ucs4 == 'n' , category: 16
qt.text.emojisegmenter: Checking character 5 , ucs4 == 'a' , category: 16
qt.text.emojisegmenter: Checking character 6 , ucs4 == 'l' , category: 16
qt.text.emojisegmenter: Checking character 7 , ucs4 == 'i' , category: 16
qt.text.emojisegmenter: Checking character 8 , ucs4 == 'u' , category: 16
qt.text.emojisegmenter: Checking character 9 , ucs4 == 'm' , category: 16
qt.text.emojisegmenter: Checking character 0 , sequence length: 1 , is emoji sequence: false
qt.text.emojisegmenter: Checking character 1 , sequence length: 1 , is emoji sequence: false
qt.text.emojisegmenter: Checking character 2 , sequence length: 1 , is emoji sequence: false
qt.text.emojisegmenter: Checking character 3 , sequence length: 1 , is emoji sequence: false
qt.text.emojisegmenter: Checking character 4 , sequence length: 1 , is emoji sequence: false
qt.text.emojisegmenter: Checking character 5 , sequence length: 1 , is emoji sequence: false
qt.text.emojisegmenter: Checking character 6 , sequence length: 1 , is emoji sequence: false
qt.text.emojisegmenter: Checking character 7 , sequence length: 1 , is emoji sequence: false
qt.text.emojisegmenter: Checking character 8 , sequence length: 1 , is emoji sequence: false
qt.text.emojisegmenter: Checking character 9 , sequence length: 1 , is emoji sequence: false
qt.widgets.painting: Drawing QRegion(0,0 88x20) of QLabel(0x3ef7a7c0) at QPoint(62,159) into paint device 0x42b4b7d0 with QFlags<QWidgetPrivate::DrawWidgetFlag>(DrawPaintOnScreen|DrawRecursive|DrawInvisible|DontSetCompositionMode)
qt.text.drawing: drawFrame 0 -- 18 at QPointF(0,0)
qt.text.drawing: drawBlock 0 at QPointF(0,0) br QRectF(0,1 88x19)
qt.text.emojisegmenter: Emoji segmenter disabled: false
qt.text.emojisegmenter: Checking character 0 , ucs4 == '1' , category: 7
qt.text.emojisegmenter: Checking character 1 , ucs4 == '.' , category: 16
qt.text.emojisegmenter: Checking character 2 , ucs4 == '3' , category: 7
qt.text.emojisegmenter: Checking character 3 , ucs4 == '.' , category: 16
qt.text.emojisegmenter: Checking character 4 , ucs4 == '5' , category: 7
qt.text.emojisegmenter: Checking character 5 , ucs4 == '.' , category: 16
qt.text.emojisegmenter: Checking character 6 , ucs4 == '0' , category: 7
qt.text.emojisegmenter: Checking character 7 , ucs4 == ' ' , category: 16
qt.text.emojisegmenter: Checking character 8 , ucs4 == 'T' , category: 16
qt.text.emojisegmenter: Checking character 9 , ucs4 == 'o' , category: 16
qt.text.emojisegmenter: Checking character 10 , ucs4 == 'g' , category: 16
qt.text.emojisegmenter: Checking character 11 , ucs4 == 'e' , category: 16
qt.text.emojisegmenter: Checking character 12 , ucs4 == 'n' , category: 16
qt.text.emojisegmenter: Checking character 13 , ucs4 == 'a' , category: 16
qt.text.emojisegmenter: Checking character 14 , ucs4 == 's' , category: 16
qt.text.emojisegmenter: Checking character 15 , ucs4 == 'h' , category: 16
qt.text.emojisegmenter: Checking character 16 , ucs4 == 'i' , category: 16
qt.text.emojisegmenter: Checking character 17 , ucs4 == ' ' , category: 16
qt.text.emojisegmenter: Checking character 0 , sequence length: 1 , is emoji sequence: false
qt.text.emojisegmenter: Checking character 1 , sequence length: 1 , is emoji sequence: false
qt.text.emojisegmenter: Checking character 2 , sequence length: 1 , is emoji sequence: false
qt.text.emojisegmenter: Checking character 3 , sequence length: 1 , is emoji sequence: false
qt.text.emojisegmenter: Checking character 4 , sequence length: 1 , is emoji sequence: false
qt.text.emojisegmenter: Checking character 5 , sequence length: 1 , is emoji sequence: false
qt.text.emojisegmenter: Checking character 6 , sequence length: 1 , is emoji sequence: false
qt.text.emojisegmenter: Checking character 7 , sequence length: 1 , is emoji sequence: false
qt.text.emojisegmenter: Checking character 8 , sequence length: 1 , is emoji sequence: false
qt.text.emojisegmenter: Checking character 9 , sequence length: 1 , is emoji sequence: false
qt.text.emojisegmenter: Checking character 10 , sequence length: 1 , is emoji sequence: false
qt.text.emojisegmenter: Checking character 11 , sequence length: 1 , is emoji sequence: false
qt.text.emojisegmenter: Checking character 12 , sequence length: 1 , is emoji sequence: false
qt.text.emojisegmenter: Checking character 13 , sequence length: 1 , is emoji sequence: false
qt.text.emojisegmenter: Checking character 14 , sequence length: 1 , is emoji sequence: false
qt.text.emojisegmenter: Checking character 15 , sequence length: 1 , is emoji sequence: false
qt.text.emojisegmenter: Checking character 16 , sequence length: 1 , is emoji sequence: false
qt.text.emojisegmenter: Checking character 17 , sequence length: 1 , is emoji sequence: false
qt.widgets.painting: Drawing QRegion(0,0 27x27) of IndeterminateSpinner(0x3efcf920) at QPoint(62,215) into paint device 0x42b4b7d0 with QFlags<QWidgetPrivate::DrawWidgetFlag>(DrawPaintOnScreen|DrawRecursive|DrawInvisible|DontSetCompositionMode)
qt.widgets.painting: Drawing QRegion(0,0 221x24) of QLabel(0x3f070070) at QPoint(100,216) into paint device 0x42b4b7d0 with QFlags<QWidgetPrivate::DrawWidgetFlag>(DrawPaintOnScreen|DrawRecursive|DrawInvisible|DontSetCompositionMode)
qt.text.emojisegmenter: Emoji segmenter disabled: false
qt.text.emojisegmenter: Checking character 0 , ucs4 == '\u6b63' , category: 16
qt.text.emojisegmenter: Checking character 1 , ucs4 == '\u5728' , category: 16
qt.text.emojisegmenter: Checking character 2 , ucs4 == '\u542f' , category: 16
qt.text.emojisegmenter: Checking character 3 , ucs4 == '\u52a8' , category: 16
qt.text.emojisegmenter: Checking character 4 , ucs4 == ' ' , category: 16
qt.text.emojisegmenter: Checking character 5 , ucs4 == '4' , category: 7
qt.text.emojisegmenter: Checking character 6 , ucs4 == '0' , category: 7
qt.text.emojisegmenter: Checking character 7 , ucs4 == '%' , category: 16
qt.text.emojisegmenter: Checking character 0 , sequence length: 1 , is emoji sequence: false
qt.text.emojisegmenter: Checking character 1 , sequence length: 1 , is emoji sequence: false
qt.text.emojisegmenter: Checking character 2 , sequence length: 1 , is emoji sequence: false
qt.text.emojisegmenter: Checking character 3 , sequence length: 1 , is emoji sequence: false
qt.text.emojisegmenter: Checking character 4 , sequence length: 1 , is emoji sequence: false
qt.text.emojisegmenter: Checking character 5 , sequence length: 1 , is emoji sequence: false
qt.text.emojisegmenter: Checking character 6 , sequence length: 1 , is emoji sequence: false
qt.text.emojisegmenter: Checking character 7 , sequence length: 1 , is emoji sequence: false
qt.widgets.painting: Drawing QRegion(0,0 678x8) of QProgressBar(0x3ea71390) at QPoint(24,263) into paint device 0x42b4b7d0 with QFlags<QWidgetPrivate::DrawWidgetFlag>(DrawPaintOnScreen|DrawRecursive|DrawInvisible|DontSetCompositionMode)
qt.widgets.painting: Marking QRegion(0,247 678x8) of QFrame(0x3ead4ef0, name="splashContainer") as needing flush in StartupSplash(0x3eb5e710) at offset QPoint(24,16)
qt.widgets.painting: Flushing top level QRegion(24,263 678x8) and children QList()
qt.widgets.painting: Flushing QRegion(24,263 678x8) of StartupSplash(0x3eb5e710) to QWidgetWindow(0x3f051e00, name="StartupSplashClassWindow") 
qt.widgets.painting: Marking QRect(0,0 221x24) of QLabel(0x3f070070) dirty with QWidgetRepaintManager::UpdateLater
qt.widgets.painting: Sending update request to StartupSplash(0x3eb5e710) with QWidgetRepaintManager::UpdateLater
qt.widgets.painting: Syncing dirty widgets
qt.widgets.painting: Painting and flushing dirty top level QRegion(null) and dirty widgets QList(QLabel(0x3f070070))
qt.widgets.painting: Drawing QRegion(100,216 221x24) of StartupSplash(0x3eb5e710) at QPoint(0,0) into paint device 0x7781f0004e20 with QFlags<QWidgetPrivate::DrawWidgetFlag>(DrawAsRoot|DrawRecursive|UseEffectRegionBounds)
qt.widgets.painting: Marking QRegion(100,216 221x24) of top level StartupSplash(0x3eb5e710) as needing flush
qt.widgets.painting: Drawing QRegion(76,200 221x24) of QFrame(0x3ead4ef0, name="splashContainer") at QPoint(24,16) into paint device 0x7781f0004e20 with QFlags<QWidgetPrivate::DrawWidgetFlag>(DrawRecursive)
qt.widgets.painting: Drawing QRegion(0,0 678x255) of QFrame(0x3ead4ef0, name="splashContainer") at QPoint(24,16) into paint device 0x42ad6d50 with QFlags<QWidgetPrivate::DrawWidgetFlag>(DrawPaintOnScreen|DrawRecursive|DrawInvisible|DontSetCompositionMode)
qt.widgets.painting: Drawing QRegion(0,0 64x64) of QLabel(0x3ea80590) at QPoint(62,53) into paint device 0x42ad6d50 with QFlags<QWidgetPrivate::DrawWidgetFlag>(DrawPaintOnScreen|DrawRecursive|DrawInvisible|DontSetCompositionMode)
qt.widgets.painting: Drawing QRegion(0,0 328x32) of QLabel(0x3eaaf0b0) at QPoint(62,127) into paint device 0x42ad6d50 with QFlags<QWidgetPrivate::DrawWidgetFlag>(DrawPaintOnScreen|DrawRecursive|DrawInvisible|DontSetCompositionMode)
qt.text.emojisegmenter: Emoji segmenter disabled: false
qt.text.emojisegmenter: Checking character 0 , ucs4 == 'L' , category: 16
qt.text.emojisegmenter: Checking character 1 , ucs4 == 'u' , category: 16
qt.text.emojisegmenter: Checking character 2 , ucs4 == 'm' , category: 16
qt.text.emojisegmenter: Checking character 3 , ucs4 == 'i' , category: 16
qt.text.emojisegmenter: Checking character 4 , ucs4 == 'n' , category: 16
qt.text.emojisegmenter: Checking character 5 , ucs4 == 'a' , category: 16
qt.text.emojisegmenter: Checking character 6 , ucs4 == 'l' , category: 16
qt.text.emojisegmenter: Checking character 7 , ucs4 == 'i' , category: 16
qt.text.emojisegmenter: Checking character 8 , ucs4 == 'u' , category: 16
qt.text.emojisegmenter: Checking character 9 , ucs4 == 'm' , category: 16
qt.text.emojisegmenter: Checking character 0 , sequence length: 1 , is emoji sequence: false
qt.text.emojisegmenter: Checking character 1 , sequence length: 1 , is emoji sequence: false
qt.text.emojisegmenter: Checking character 2 , sequence length: 1 , is emoji sequence: false
qt.text.emojisegmenter: Checking character 3 , sequence length: 1 , is emoji sequence: false
qt.text.emojisegmenter: Checking character 4 , sequence length: 1 , is emoji sequence: false
qt.text.emojisegmenter: Checking character 5 , sequence length: 1 , is emoji sequence: false
qt.text.emojisegmenter: Checking character 6 , sequence length: 1 , is emoji sequence: false
qt.text.emojisegmenter: Checking character 7 , sequence length: 1 , is emoji sequence: false
qt.text.emojisegmenter: Checking character 8 , sequence length: 1 , is emoji sequence: false
qt.text.emojisegmenter: Checking character 9 , sequence length: 1 , is emoji sequence: false
qt.widgets.painting: Drawing QRegion(0,0 88x20) of QLabel(0x3ef7a7c0) at QPoint(62,159) into paint device 0x42ad6d50 with QFlags<QWidgetPrivate::DrawWidgetFlag>(DrawPaintOnScreen|DrawRecursive|DrawInvisible|DontSetCompositionMode)
qt.text.drawing: drawFrame 0 -- 18 at QPointF(0,0)
qt.text.drawing: drawBlock 0 at QPointF(0,0) br QRectF(0,1 88x19)
qt.text.emojisegmenter: Emoji segmenter disabled: false
qt.text.emojisegmenter: Checking character 0 , ucs4 == '1' , category: 7
qt.text.emojisegmenter: Checking character 1 , ucs4 == '.' , category: 16
qt.text.emojisegmenter: Checking character 2 , ucs4 == '3' , category: 7
qt.text.emojisegmenter: Checking character 3 , ucs4 == '.' , category: 16
qt.text.emojisegmenter: Checking character 4 , ucs4 == '5' , category: 7
qt.text.emojisegmenter: Checking character 5 , ucs4 == '.' , category: 16
qt.text.emojisegmenter: Checking character 6 , ucs4 == '0' , category: 7
qt.text.emojisegmenter: Checking character 7 , ucs4 == ' ' , category: 16
qt.text.emojisegmenter: Checking character 8 , ucs4 == 'T' , category: 16
qt.text.emojisegmenter: Checking character 9 , ucs4 == 'o' , category: 16
qt.text.emojisegmenter: Checking character 10 , ucs4 == 'g' , category: 16
qt.text.emojisegmenter: Checking character 11 , ucs4 == 'e' , category: 16
qt.text.emojisegmenter: Checking character 12 , ucs4 == 'n' , category: 16
qt.text.emojisegmenter: Checking character 13 , ucs4 == 'a' , category: 16
qt.text.emojisegmenter: Checking character 14 , ucs4 == 's' , category: 16
qt.text.emojisegmenter: Checking character 15 , ucs4 == 'h' , category: 16
qt.text.emojisegmenter: Checking character 16 , ucs4 == 'i' , category: 16
qt.text.emojisegmenter: Checking character 17 , ucs4 == ' ' , category: 16
qt.text.emojisegmenter: Checking character 0 , sequence length: 1 , is emoji sequence: false
qt.text.emojisegmenter: Checking character 1 , sequence length: 1 , is emoji sequence: false
qt.text.emojisegmenter: Checking character 2 , sequence length: 1 , is emoji sequence: false
qt.text.emojisegmenter: Checking character 3 , sequence length: 1 , is emoji sequence: false
qt.text.emojisegmenter: Checking character 4 , sequence length: 1 , is emoji sequence: false
qt.text.emojisegmenter: Checking character 5 , sequence length: 1 , is emoji sequence: false
qt.text.emojisegmenter: Checking character 6 , sequence length: 1 , is emoji sequence: false
qt.text.emojisegmenter: Checking character 7 , sequence length: 1 , is emoji sequence: false
qt.text.emojisegmenter: Checking character 8 , sequence length: 1 , is emoji sequence: false
qt.text.emojisegmenter: Checking character 9 , sequence length: 1 , is emoji sequence: false
qt.text.emojisegmenter: Checking character 10 , sequence length: 1 , is emoji sequence: false
qt.text.emojisegmenter: Checking character 11 , sequence length: 1 , is emoji sequence: false
qt.text.emojisegmenter: Checking character 12 , sequence length: 1 , is emoji sequence: false
qt.text.emojisegmenter: Checking character 13 , sequence length: 1 , is emoji sequence: false
qt.text.emojisegmenter: Checking character 14 , sequence length: 1 , is emoji sequence: false
qt.text.emojisegmenter: Checking character 15 , sequence length: 1 , is emoji sequence: false
qt.text.emojisegmenter: Checking character 16 , sequence length: 1 , is emoji sequence: false
qt.text.emojisegmenter: Checking character 17 , sequence length: 1 , is emoji sequence: false
qt.widgets.painting: Drawing QRegion(0,0 27x27) of IndeterminateSpinner(0x3efcf920) at QPoint(62,215) into paint device 0x42ad6d50 with QFlags<QWidgetPrivate::DrawWidgetFlag>(DrawPaintOnScreen|DrawRecursive|DrawInvisible|DontSetCompositionMode)
qt.widgets.painting: Drawing QRegion(0,0 221x24) of QLabel(0x3f070070) at QPoint(100,216) into paint device 0x42ad6d50 with QFlags<QWidgetPrivate::DrawWidgetFlag>(DrawPaintOnScreen|DrawRecursive|DrawInvisible|DontSetCompositionMode)
qt.text.emojisegmenter: Emoji segmenter disabled: false
qt.text.emojisegmenter: Checking character 0 , ucs4 == '\u6b63' , category: 16
qt.text.emojisegmenter: Checking character 1 , ucs4 == '\u5728' , category: 16
qt.text.emojisegmenter: Checking character 2 , ucs4 == '\u542f' , category: 16
qt.text.emojisegmenter: Checking character 3 , ucs4 == '\u52a8' , category: 16
qt.text.emojisegmenter: Checking character 4 , ucs4 == ' ' , category: 16
qt.text.emojisegmenter: Checking character 5 , ucs4 == '6' , category: 7
qt.text.emojisegmenter: Checking character 6 , ucs4 == '0' , category: 7
qt.text.emojisegmenter: Checking character 7 , ucs4 == '%' , category: 16
qt.text.emojisegmenter: Checking character 0 , sequence length: 1 , is emoji sequence: false
qt.text.emojisegmenter: Checking character 1 , sequence length: 1 , is emoji sequence: false
qt.text.emojisegmenter: Checking character 2 , sequence length: 1 , is emoji sequence: false
qt.text.emojisegmenter: Checking character 3 , sequence length: 1 , is emoji sequence: false
qt.text.emojisegmenter: Checking character 4 , sequence length: 1 , is emoji sequence: false
qt.text.emojisegmenter: Checking character 5 , sequence length: 1 , is emoji sequence: false
qt.text.emojisegmenter: Checking character 6 , sequence length: 1 , is emoji sequence: false
qt.text.emojisegmenter: Checking character 7 , sequence length: 1 , is emoji sequence: false
qt.widgets.painting: Drawing QRegion(0,0 678x8) of QProgressBar(0x3ea71390) at QPoint(24,263) into paint device 0x42ad6d50 with QFlags<QWidgetPrivate::DrawWidgetFlag>(DrawPaintOnScreen|DrawRecursive|DrawInvisible|DontSetCompositionMode)
qt.widgets.painting: Marking QRegion(76,200 221x24) of QFrame(0x3ead4ef0, name="splashContainer") as needing flush in StartupSplash(0x3eb5e710) at offset QPoint(24,16)
qt.widgets.painting: Flushing top level QRegion(100,216 221x24) and children QList()
qt.widgets.painting: Flushing QRegion(100,216 221x24) of StartupSplash(0x3eb5e710) to QWidgetWindow(0x3f051e00, name="StartupSplashClassWindow") 
qt.pyside.libpyside: qtPythonMetacall #33 "_rotate()"
qt.widgets.painting: Marking QRect(0,0 27x27) of IndeterminateSpinner(0x3efcf920) dirty with QWidgetRepaintManager::UpdateLater
qt.widgets.painting: Sending update request to StartupSplash(0x3eb5e710) with QWidgetRepaintManager::UpdateLater
qt.widgets.painting: Marking QRect(0,0 678x8) of QProgressBar(0x3ea71390) dirty with QWidgetRepaintManager::UpdateNow
qt.widgets.painting: Sending update request to StartupSplash(0x3eb5e710) with QWidgetRepaintManager::UpdateNow
qt.widgets.painting: Syncing dirty widgets
qt.widgets.painting: Painting and flushing dirty top level QRegion(null) and dirty widgets QList(IndeterminateSpinner(0x3efcf920), QProgressBar(0x3ea71390))
qt.widgets.painting: Drawing QRegion(size=2, bounds=(24,215 678x56) - [(62,215 27x27), (24,263 678x8)]) of StartupSplash(0x3eb5e710) at QPoint(0,0) into paint device 0x7781f0004e20 with QFlags<QWidgetPrivate::DrawWidgetFlag>(DrawAsRoot|DrawRecursive|UseEffectRegionBounds)
qt.widgets.painting: Marking QRegion(size=2, bounds=(24,215 678x56) - [(62,215 27x27), (24,263 678x8)]) of top level StartupSplash(0x3eb5e710) as needing flush
qt.widgets.painting: Drawing QRegion(size=2, bounds=(0,199 678x56) - [(38,199 27x27), (0,247 678x8)]) of QFrame(0x3ead4ef0, name="splashContainer") at QPoint(24,16) into paint device 0x7781f0004e20 with QFlags<QWidgetPrivate::DrawWidgetFlag>(DrawRecursive)
qt.widgets.painting: Drawing QRegion(0,0 678x255) of QFrame(0x3ead4ef0, name="splashContainer") at QPoint(24,16) into paint device 0x3efd1530 with QFlags<QWidgetPrivate::DrawWidgetFlag>(DrawPaintOnScreen|DrawRecursive|DrawInvisible|DontSetCompositionMode)
qt.widgets.painting: Drawing QRegion(0,0 64x64) of QLabel(0x3ea80590) at QPoint(62,53) into paint device 0x3efd1530 with QFlags<QWidgetPrivate::DrawWidgetFlag>(DrawPaintOnScreen|DrawRecursive|DrawInvisible|DontSetCompositionMode)
qt.widgets.painting: Drawing QRegion(0,0 328x32) of QLabel(0x3eaaf0b0) at QPoint(62,127) into paint device 0x3efd1530 with QFlags<QWidgetPrivate::DrawWidgetFlag>(DrawPaintOnScreen|DrawRecursive|DrawInvisible|DontSetCompositionMode)
qt.text.emojisegmenter: Emoji segmenter disabled: false
qt.text.emojisegmenter: Checking character 0 , ucs4 == 'L' , category: 16
qt.text.emojisegmenter: Checking character 1 , ucs4 == 'u' , category: 16
qt.text.emojisegmenter: Checking character 2 , ucs4 == 'm' , category: 16
qt.text.emojisegmenter: Checking character 3 , ucs4 == 'i' , category: 16
qt.text.emojisegmenter: Checking character 4 , ucs4 == 'n' , category: 16
qt.text.emojisegmenter: Checking character 5 , ucs4 == 'a' , category: 16
qt.text.emojisegmenter: Checking character 6 , ucs4 == 'l' , category: 16
qt.text.emojisegmenter: Checking character 7 , ucs4 == 'i' , category: 16
qt.text.emojisegmenter: Checking character 8 , ucs4 == 'u' , category: 16
qt.text.emojisegmenter: Checking character 9 , ucs4 == 'm' , category: 16
qt.text.emojisegmenter: Checking character 0 , sequence length: 1 , is emoji sequence: false
qt.text.emojisegmenter: Checking character 1 , sequence length: 1 , is emoji sequence: false
qt.text.emojisegmenter: Checking character 2 , sequence length: 1 , is emoji sequence: false
qt.text.emojisegmenter: Checking character 3 , sequence length: 1 , is emoji sequence: false
qt.text.emojisegmenter: Checking character 4 , sequence length: 1 , is emoji sequence: false
qt.text.emojisegmenter: Checking character 5 , sequence length: 1 , is emoji sequence: false
qt.text.emojisegmenter: Checking character 6 , sequence length: 1 , is emoji sequence: false
qt.text.emojisegmenter: Checking character 7 , sequence length: 1 , is emoji sequence: false
qt.text.emojisegmenter: Checking character 8 , sequence length: 1 , is emoji sequence: false
qt.text.emojisegmenter: Checking character 9 , sequence length: 1 , is emoji sequence: false
qt.widgets.painting: Drawing QRegion(0,0 88x20) of QLabel(0x3ef7a7c0) at QPoint(62,159) into paint device 0x3efd1530 with QFlags<QWidgetPrivate::DrawWidgetFlag>(DrawPaintOnScreen|DrawRecursive|DrawInvisible|DontSetCompositionMode)
qt.text.drawing: drawFrame 0 -- 18 at QPointF(0,0)
qt.text.drawing: drawBlock 0 at QPointF(0,0) br QRectF(0,1 88x19)
qt.text.emojisegmenter: Emoji segmenter disabled: false
qt.text.emojisegmenter: Checking character 0 , ucs4 == '1' , category: 7
qt.text.emojisegmenter: Checking character 1 , ucs4 == '.' , category: 16
qt.text.emojisegmenter: Checking character 2 , ucs4 == '3' , category: 7
qt.text.emojisegmenter: Checking character 3 , ucs4 == '.' , category: 16
qt.text.emojisegmenter: Checking character 4 , ucs4 == '5' , category: 7
qt.text.emojisegmenter: Checking character 5 , ucs4 == '.' , category: 16
qt.text.emojisegmenter: Checking character 6 , ucs4 == '0' , category: 7
qt.text.emojisegmenter: Checking character 7 , ucs4 == ' ' , category: 16
qt.text.emojisegmenter: Checking character 8 , ucs4 == 'T' , category: 16
qt.text.emojisegmenter: Checking character 9 , ucs4 == 'o' , category: 16
qt.text.emojisegmenter: Checking character 10 , ucs4 == 'g' , category: 16
qt.text.emojisegmenter: Checking character 11 , ucs4 == 'e' , category: 16
qt.text.emojisegmenter: Checking character 12 , ucs4 == 'n' , category: 16
qt.text.emojisegmenter: Checking character 13 , ucs4 == 'a' , category: 16
qt.text.emojisegmenter: Checking character 14 , ucs4 == 's' , category: 16
qt.text.emojisegmenter: Checking character 15 , ucs4 == 'h' , category: 16
qt.text.emojisegmenter: Checking character 16 , ucs4 == 'i' , category: 16
qt.text.emojisegmenter: Checking character 17 , ucs4 == ' ' , category: 16
qt.text.emojisegmenter: Checking character 0 , sequence length: 1 , is emoji sequence: false
qt.text.emojisegmenter: Checking character 1 , sequence length: 1 , is emoji sequence: false
qt.text.emojisegmenter: Checking character 2 , sequence length: 1 , is emoji sequence: false
qt.text.emojisegmenter: Checking character 3 , sequence length: 1 , is emoji sequence: false
qt.text.emojisegmenter: Checking character 4 , sequence length: 1 , is emoji sequence: false
qt.text.emojisegmenter: Checking character 5 , sequence length: 1 , is emoji sequence: false
qt.text.emojisegmenter: Checking character 6 , sequence length: 1 , is emoji sequence: false
qt.text.emojisegmenter: Checking character 7 , sequence length: 1 , is emoji sequence: false
qt.text.emojisegmenter: Checking character 8 , sequence length: 1 , is emoji sequence: false
qt.text.emojisegmenter: Checking character 9 , sequence length: 1 , is emoji sequence: false
qt.text.emojisegmenter: Checking character 10 , sequence length: 1 , is emoji sequence: false
qt.text.emojisegmenter: Checking character 11 , sequence length: 1 , is emoji sequence: false
qt.text.emojisegmenter: Checking character 12 , sequence length: 1 , is emoji sequence: false
qt.text.emojisegmenter: Checking character 13 , sequence length: 1 , is emoji sequence: false
qt.text.emojisegmenter: Checking character 14 , sequence length: 1 , is emoji sequence: false
qt.text.emojisegmenter: Checking character 15 , sequence length: 1 , is emoji sequence: false
qt.text.emojisegmenter: Checking character 16 , sequence length: 1 , is emoji sequence: false
qt.text.emojisegmenter: Checking character 17 , sequence length: 1 , is emoji sequence: false
qt.widgets.painting: Drawing QRegion(0,0 27x27) of IndeterminateSpinner(0x3efcf920) at QPoint(62,215) into paint device 0x3efd1530 with QFlags<QWidgetPrivate::DrawWidgetFlag>(DrawPaintOnScreen|DrawRecursive|DrawInvisible|DontSetCompositionMode)
qt.widgets.painting: Drawing QRegion(0,0 221x24) of QLabel(0x3f070070) at QPoint(100,216) into paint device 0x3efd1530 with QFlags<QWidgetPrivate::DrawWidgetFlag>(DrawPaintOnScreen|DrawRecursive|DrawInvisible|DontSetCompositionMode)
qt.text.emojisegmenter: Emoji segmenter disabled: false
qt.text.emojisegmenter: Checking character 0 , ucs4 == '\u6b63' , category: 16
qt.text.emojisegmenter: Checking character 1 , ucs4 == '\u5728' , category: 16
qt.text.emojisegmenter: Checking character 2 , ucs4 == '\u542f' , category: 16
qt.text.emojisegmenter: Checking character 3 , ucs4 == '\u52a8' , category: 16
qt.text.emojisegmenter: Checking character 4 , ucs4 == ' ' , category: 16
qt.text.emojisegmenter: Checking character 5 , ucs4 == '6' , category: 7
qt.text.emojisegmenter: Checking character 6 , ucs4 == '0' , category: 7
qt.text.emojisegmenter: Checking character 7 , ucs4 == '%' , category: 16
qt.text.emojisegmenter: Checking character 0 , sequence length: 1 , is emoji sequence: false
qt.text.emojisegmenter: Checking character 1 , sequence length: 1 , is emoji sequence: false
qt.text.emojisegmenter: Checking character 2 , sequence length: 1 , is emoji sequence: false
qt.text.emojisegmenter: Checking character 3 , sequence length: 1 , is emoji sequence: false
qt.text.emojisegmenter: Checking character 4 , sequence length: 1 , is emoji sequence: false
qt.text.emojisegmenter: Checking character 5 , sequence length: 1 , is emoji sequence: false
qt.text.emojisegmenter: Checking character 6 , sequence length: 1 , is emoji sequence: false
qt.text.emojisegmenter: Checking character 7 , sequence length: 1 , is emoji sequence: false
qt.widgets.painting: Drawing QRegion(0,0 678x8) of QProgressBar(0x3ea71390) at QPoint(24,263) into paint device 0x3efd1530 with QFlags<QWidgetPrivate::DrawWidgetFlag>(DrawPaintOnScreen|DrawRecursive|DrawInvisible|DontSetCompositionMode)
qt.widgets.painting: Marking QRegion(size=2, bounds=(0,199 678x56) - [(38,199 27x27), (0,247 678x8)]) of QFrame(0x3ead4ef0, name="splashContainer") as needing flush in StartupSplash(0x3eb5e710) at offset QPoint(24,16)
qt.widgets.painting: Flushing top level QRegion(size=2, bounds=(24,215 678x56) - [(62,215 27x27), (24,263 678x8)]) and children QList()
qt.widgets.painting: Flushing QRegion(size=2, bounds=(24,215 678x56) - [(62,215 27x27), (24,263 678x8)]) of StartupSplash(0x3eb5e710) to QWidgetWindow(0x3f051e00, name="StartupSplashClassWindow") 
qt.widgets.painting: Marking QRect(0,0 221x24) of QLabel(0x3f070070) dirty with QWidgetRepaintManager::UpdateLater
qt.widgets.painting: Sending update request to StartupSplash(0x3eb5e710) with QWidgetRepaintManager::UpdateLater
qt.widgets.painting: Syncing dirty widgets
qt.widgets.painting: Painting and flushing dirty top level QRegion(null) and dirty widgets QList(QLabel(0x3f070070))
qt.widgets.painting: Drawing QRegion(100,216 221x24) of StartupSplash(0x3eb5e710) at QPoint(0,0) into paint device 0x7781f0004e20 with QFlags<QWidgetPrivate::DrawWidgetFlag>(DrawAsRoot|DrawRecursive|UseEffectRegionBounds)
qt.widgets.painting: Marking QRegion(100,216 221x24) of top level StartupSplash(0x3eb5e710) as needing flush
qt.widgets.painting: Drawing QRegion(76,200 221x24) of QFrame(0x3ead4ef0, name="splashContainer") at QPoint(24,16) into paint device 0x7781f0004e20 with QFlags<QWidgetPrivate::DrawWidgetFlag>(DrawRecursive)
qt.widgets.painting: Drawing QRegion(0,0 678x255) of QFrame(0x3ead4ef0, name="splashContainer") at QPoint(24,16) into paint device 0x3f26a630 with QFlags<QWidgetPrivate::DrawWidgetFlag>(DrawPaintOnScreen|DrawRecursive|DrawInvisible|DontSetCompositionMode)
qt.widgets.painting: Drawing QRegion(0,0 64x64) of QLabel(0x3ea80590) at QPoint(62,53) into paint device 0x3f26a630 with QFlags<QWidgetPrivate::DrawWidgetFlag>(DrawPaintOnScreen|DrawRecursive|DrawInvisible|DontSetCompositionMode)
qt.widgets.painting: Drawing QRegion(0,0 328x32) of QLabel(0x3eaaf0b0) at QPoint(62,127) into paint device 0x3f26a630 with QFlags<QWidgetPrivate::DrawWidgetFlag>(DrawPaintOnScreen|DrawRecursive|DrawInvisible|DontSetCompositionMode)
qt.text.emojisegmenter: Emoji segmenter disabled: false
qt.text.emojisegmenter: Checking character 0 , ucs4 == 'L' , category: 16
qt.text.emojisegmenter: Checking character 1 , ucs4 == 'u' , category: 16
qt.text.emojisegmenter: Checking character 2 , ucs4 == 'm' , category: 16
qt.text.emojisegmenter: Checking character 3 , ucs4 == 'i' , category: 16
qt.text.emojisegmenter: Checking character 4 , ucs4 == 'n' , category: 16
qt.text.emojisegmenter: Checking character 5 , ucs4 == 'a' , category: 16
qt.text.emojisegmenter: Checking character 6 , ucs4 == 'l' , category: 16
qt.text.emojisegmenter: Checking character 7 , ucs4 == 'i' , category: 16
qt.text.emojisegmenter: Checking character 8 , ucs4 == 'u' , category: 16
qt.text.emojisegmenter: Checking character 9 , ucs4 == 'm' , category: 16
qt.text.emojisegmenter: Checking character 0 , sequence length: 1 , is emoji sequence: false
qt.text.emojisegmenter: Checking character 1 , sequence length: 1 , is emoji sequence: false
qt.text.emojisegmenter: Checking character 2 , sequence length: 1 , is emoji sequence: false
qt.text.emojisegmenter: Checking character 3 , sequence length: 1 , is emoji sequence: false
qt.text.emojisegmenter: Checking character 4 , sequence length: 1 , is emoji sequence: false
qt.text.emojisegmenter: Checking character 5 , sequence length: 1 , is emoji sequence: false
qt.text.emojisegmenter: Checking character 6 , sequence length: 1 , is emoji sequence: false
qt.text.emojisegmenter: Checking character 7 , sequence length: 1 , is emoji sequence: false
qt.text.emojisegmenter: Checking character 8 , sequence length: 1 , is emoji sequence: false
qt.text.emojisegmenter: Checking character 9 , sequence length: 1 , is emoji sequence: false
qt.widgets.painting: Drawing QRegion(0,0 88x20) of QLabel(0x3ef7a7c0) at QPoint(62,159) into paint device 0x3f26a630 with QFlags<QWidgetPrivate::DrawWidgetFlag>(DrawPaintOnScreen|DrawRecursive|DrawInvisible|DontSetCompositionMode)
qt.text.drawing: drawFrame 0 -- 18 at QPointF(0,0)
qt.text.drawing: drawBlock 0 at QPointF(0,0) br QRectF(0,1 88x19)
qt.text.emojisegmenter: Emoji segmenter disabled: false
qt.text.emojisegmenter: Checking character 0 , ucs4 == '1' , category: 7
qt.text.emojisegmenter: Checking character 1 , ucs4 == '.' , category: 16
qt.text.emojisegmenter: Checking character 2 , ucs4 == '3' , category: 7
qt.text.emojisegmenter: Checking character 3 , ucs4 == '.' , category: 16
qt.text.emojisegmenter: Checking character 4 , ucs4 == '5' , category: 7
qt.text.emojisegmenter: Checking character 5 , ucs4 == '.' , category: 16
qt.text.emojisegmenter: Checking character 6 , ucs4 == '0' , category: 7
qt.text.emojisegmenter: Checking character 7 , ucs4 == ' ' , category: 16
qt.text.emojisegmenter: Checking character 8 , ucs4 == 'T' , category: 16
qt.text.emojisegmenter: Checking character 9 , ucs4 == 'o' , category: 16
qt.text.emojisegmenter: Checking character 10 , ucs4 == 'g' , category: 16
qt.text.emojisegmenter: Checking character 11 , ucs4 == 'e' , category: 16
qt.text.emojisegmenter: Checking character 12 , ucs4 == 'n' , category: 16
qt.text.emojisegmenter: Checking character 13 , ucs4 == 'a' , category: 16
qt.text.emojisegmenter: Checking character 14 , ucs4 == 's' , category: 16
qt.text.emojisegmenter: Checking character 15 , ucs4 == 'h' , category: 16
qt.text.emojisegmenter: Checking character 16 , ucs4 == 'i' , category: 16
qt.text.emojisegmenter: Checking character 17 , ucs4 == ' ' , category: 16
qt.text.emojisegmenter: Checking character 0 , sequence length: 1 , is emoji sequence: false
qt.text.emojisegmenter: Checking character 1 , sequence length: 1 , is emoji sequence: false
qt.text.emojisegmenter: Checking character 2 , sequence length: 1 , is emoji sequence: false
qt.text.emojisegmenter: Checking character 3 , sequence length: 1 , is emoji sequence: false
qt.text.emojisegmenter: Checking character 4 , sequence length: 1 , is emoji sequence: false
qt.text.emojisegmenter: Checking character 5 , sequence length: 1 , is emoji sequence: false
qt.text.emojisegmenter: Checking character 6 , sequence length: 1 , is emoji sequence: false
qt.text.emojisegmenter: Checking character 7 , sequence length: 1 , is emoji sequence: false
qt.text.emojisegmenter: Checking character 8 , sequence length: 1 , is emoji sequence: false
qt.text.emojisegmenter: Checking character 9 , sequence length: 1 , is emoji sequence: false
qt.text.emojisegmenter: Checking character 10 , sequence length: 1 , is emoji sequence: false
qt.text.emojisegmenter: Checking character 11 , sequence length: 1 , is emoji sequence: false
qt.text.emojisegmenter: Checking character 12 , sequence length: 1 , is emoji sequence: false
qt.text.emojisegmenter: Checking character 13 , sequence length: 1 , is emoji sequence: false
qt.text.emojisegmenter: Checking character 14 , sequence length: 1 , is emoji sequence: false
qt.text.emojisegmenter: Checking character 15 , sequence length: 1 , is emoji sequence: false
qt.text.emojisegmenter: Checking character 16 , sequence length: 1 , is emoji sequence: false
qt.text.emojisegmenter: Checking character 17 , sequence length: 1 , is emoji sequence: false
qt.widgets.painting: Drawing QRegion(0,0 27x27) of IndeterminateSpinner(0x3efcf920) at QPoint(62,215) into paint device 0x3f26a630 with QFlags<QWidgetPrivate::DrawWidgetFlag>(DrawPaintOnScreen|DrawRecursive|DrawInvisible|DontSetCompositionMode)
qt.widgets.painting: Drawing QRegion(0,0 221x24) of QLabel(0x3f070070) at QPoint(100,216) into paint device 0x3f26a630 with QFlags<QWidgetPrivate::DrawWidgetFlag>(DrawPaintOnScreen|DrawRecursive|DrawInvisible|DontSetCompositionMode)
qt.text.emojisegmenter: Emoji segmenter disabled: false
qt.text.emojisegmenter: Checking character 0 , ucs4 == '\u6b63' , category: 16
qt.text.emojisegmenter: Checking character 1 , ucs4 == '\u5728' , category: 16
qt.text.emojisegmenter: Checking character 2 , ucs4 == '\u542f' , category: 16
qt.text.emojisegmenter: Checking character 3 , ucs4 == '\u52a8' , category: 16
qt.text.emojisegmenter: Checking character 4 , ucs4 == ' ' , category: 16
qt.text.emojisegmenter: Checking character 5 , ucs4 == '8' , category: 7
qt.text.emojisegmenter: Checking character 6 , ucs4 == '0' , category: 7
qt.text.emojisegmenter: Checking character 7 , ucs4 == '%' , category: 16
qt.text.emojisegmenter: Checking character 0 , sequence length: 1 , is emoji sequence: false
qt.text.emojisegmenter: Checking character 1 , sequence length: 1 , is emoji sequence: false
qt.text.emojisegmenter: Checking character 2 , sequence length: 1 , is emoji sequence: false
qt.text.emojisegmenter: Checking character 3 , sequence length: 1 , is emoji sequence: false
qt.text.emojisegmenter: Checking character 4 , sequence length: 1 , is emoji sequence: false
qt.text.emojisegmenter: Checking character 5 , sequence length: 1 , is emoji sequence: false
qt.text.emojisegmenter: Checking character 6 , sequence length: 1 , is emoji sequence: false
qt.text.emojisegmenter: Checking character 7 , sequence length: 1 , is emoji sequence: false
qt.widgets.painting: Drawing QRegion(0,0 678x8) of QProgressBar(0x3ea71390) at QPoint(24,263) into paint device 0x3f26a630 with QFlags<QWidgetPrivate::DrawWidgetFlag>(DrawPaintOnScreen|DrawRecursive|DrawInvisible|DontSetCompositionMode)
qt.widgets.painting: Marking QRegion(76,200 221x24) of QFrame(0x3ead4ef0, name="splashContainer") as needing flush in StartupSplash(0x3eb5e710) at offset QPoint(24,16)
qt.widgets.painting: Flushing top level QRegion(100,216 221x24) and children QList()
qt.widgets.painting: Flushing QRegion(100,216 221x24) of StartupSplash(0x3eb5e710) to QWidgetWindow(0x3f051e00, name="StartupSplashClassWindow") 
GPUInfo not initialized on GpuInfoUpdate
qt.webengine.compositor: GPU Compositing: Disabled
qt.webengine.compositor: ANGLE is disabled:
  GL Renderer: Disabled
  Software Renderer: yes
  Primary GPU: Disabled

[36490:36581:0405/231951.403523:VERBOSE1:../../../qtwebengine/src/3rdparty/chromium/content/browser/loader/file_url_loader_factory.cc:473] FileURLLoader::Start: file:///home/chenjintang/Luminalium/ppt_assistant/ui/overlay.html
qt.webengine.compositor: Compositor Type: Software
qt.webengine.compositor: QPA Platform Plugin: xcb
qt.qpa.tray: D-Bus tray available: true
qt.qpa.tray: 
qt.svg: Skipping unknown element "effect"
qt.svg: Skipping unknown element "clipPath"
qt.svg: Skipping unknown element "effect"
qt.svg: Skipping unknown element "clipPath"
qt.svg: Skipping unknown element "div"
qt.svg: Skipping unknown element "div"
qt.qpa.tray: "" QList()
Error updating tray icon: name 'themeColor' is not defined
qt.svg: Skipping unknown element "effect"
qt.svg: Skipping unknown element "clipPath"
qt.svg: Skipping unknown element "effect"
qt.svg: Skipping unknown element "clipPath"
qt.svg: Skipping unknown element "div"
qt.svg: Skipping unknown element "div"
qt.qpa.tray: "" QList()
qt.widgets.focus: Initializing focus chain of QWidget(0x3f230e10)
qt.widgets.focus: Initializing focus chain of QWidget(0x3f2b5260)
qt.accessibility.cache: insert - id: 2147483657  iface: QAccessibleInterface(0x3f2706f0 name="" role=Client obj=QWidget(0x3f2b5260)"invisible")
qt.widgets.focus: Initializing focus chain of QWidget(0x3f278fb0)
qt.accessibility.cache: insert - id: 2147483658  iface: QAccessibleInterface(0x42b11d00 name="" role=Client obj=QWidget(0x3f278fb0)"invisible")
qt.widgets.focus: Initializing focus chain of QWidget(0x3f27b5c0)
qt.accessibility.cache: insert - id: 2147483659  iface: QAccessibleInterface(0x3f27a1b0 name="" role=Client obj=QWidget(0x3f27b5c0)"invisible")
qt.widgets.focus: Initializing focus chain of QWidget(0x42f4c400)
qt.accessibility.cache: insert - id: 2147483660  iface: QAccessibleInterface(0x42f4c460 name="" role=Client obj=QWidget(0x42f4c400)"invisible")
qt.widgets.showhide: Setting visibility of QWidget(0x3f27b5c0, name="qt_scrollarea_hcontainer") with attributes [WA_PendingMoveEvent,WA_PendingResizeEvent,WA_QuitOnClose] to false via QWidget
qt.widgets.showhide: Setting visibility of QWidget(0x3f27b5c0, name="qt_scrollarea_hcontainer") with attributes [WA_PendingMoveEvent,WA_PendingResizeEvent,WA_WState_ExplicitShowHide,WA_QuitOnClose] to false via QWidgetPrivate
qt.widgets.showhide: Hiding children of QWidget(0x3f27b5c0, name="qt_scrollarea_hcontainer") spontaneously false
qt.widgets.showhide: Considering QScrollBar(0x42f4c400) with attributes [WA_OpaquePaintEvent,WA_LaidOut,WA_PendingMoveEvent,WA_PendingResizeEvent,WA_QuitOnClose]
qt.widgets.focus: Initializing focus chain of QWidget(0x42b6e510)
qt.accessibility.cache: insert - id: 2147483661  iface: QAccessibleInterface(0x3f270a50 name="" role=Client obj=QWidget(0x42b6e510)"invisible")
qt.widgets.focus: Initializing focus chain of QWidget(0x42f55f80)
qt.accessibility.cache: insert - id: 2147483662  iface: QAccessibleInterface(0x3f270b70 name="" role=Client obj=QWidget(0x42f55f80)"invisible")
qt.widgets.showhide: Setting visibility of QWidget(0x42b6e510, name="qt_scrollarea_vcontainer") with attributes [WA_PendingMoveEvent,WA_PendingResizeEvent,WA_QuitOnClose] to false via QWidget
qt.widgets.showhide: Setting visibility of QWidget(0x42b6e510, name="qt_scrollarea_vcontainer") with attributes [WA_PendingMoveEvent,WA_PendingResizeEvent,WA_WState_ExplicitShowHide,WA_QuitOnClose] to false via QWidgetPrivate
qt.widgets.showhide: Hiding children of QWidget(0x42b6e510, name="qt_scrollarea_vcontainer") spontaneously false
qt.widgets.showhide: Considering QScrollBar(0x42f55f80) with attributes [WA_OpaquePaintEvent,WA_LaidOut,WA_PendingMoveEvent,WA_PendingResizeEvent,WA_QuitOnClose]
qt.widgets.showhide: Setting visibility of QWidget(0x3f27b5c0, name="qt_scrollarea_hcontainer") with attributes [WA_WState_Hidden,WA_PendingMoveEvent,WA_PendingResizeEvent,WA_WState_ExplicitShowHide,WA_QuitOnClose] to false via QWidget
qt.widgets.showhide: Setting visibility of QWidget(0x42b6e510, name="qt_scrollarea_vcontainer") with attributes [WA_WState_Hidden,WA_PendingMoveEvent,WA_PendingResizeEvent,WA_WState_ExplicitShowHide,WA_QuitOnClose] to false via QWidget
qt.accessibility.cache: insert - id: 2147483663  iface: QAccessibleInterface(0x42f4fbe0 name="" role=List obj=QListWidget(0x3f2b5260)"focusable|invisible")
qt.widgets.showhide: Setting visibility of QWidget(0x3f27b5c0, name="qt_scrollarea_hcontainer") with attributes [WA_WState_Hidden,WA_PendingMoveEvent,WA_PendingResizeEvent,WA_WState_ExplicitShowHide,WA_QuitOnClose] to false via QWidget
qt.widgets.showhide: Setting visibility of QWidget(0x42b6e510, name="qt_scrollarea_vcontainer") with attributes [WA_WState_Hidden,WA_PendingMoveEvent,WA_PendingResizeEvent,WA_WState_ExplicitShowHide,WA_QuitOnClose] to false via QWidget
qt.widgets.showhide: Setting visibility of QWidget(0x3f27b5c0, name="qt_scrollarea_hcontainer") with attributes [WA_WState_Hidden,WA_PendingMoveEvent,WA_PendingResizeEvent,WA_WState_ExplicitShowHide,WA_QuitOnClose] to false via QWidget
qt.widgets.showhide: Setting visibility of QWidget(0x42b6e510, name="qt_scrollarea_vcontainer") with attributes [WA_WState_Hidden,WA_PendingMoveEvent,WA_PendingResizeEvent,WA_WState_ExplicitShowHide,WA_QuitOnClose] to false via QWidget
qt.widgets.showhide: Setting visibility of QWidget(0x3f27b5c0, name="qt_scrollarea_hcontainer") with attributes [WA_WState_Hidden,WA_PendingMoveEvent,WA_PendingResizeEvent,WA_WState_ExplicitShowHide,WA_QuitOnClose] to false via QWidget
qt.widgets.showhide: Setting visibility of QWidget(0x42b6e510, name="qt_scrollarea_vcontainer") with attributes [WA_WState_Hidden,WA_PendingMoveEvent,WA_PendingResizeEvent,WA_WState_ExplicitShowHide,WA_QuitOnClose] to false via QWidget
qt.widgets.showhide: Setting visibility of QWidget(0x3f27b5c0, name="qt_scrollarea_hcontainer") with attributes [WA_WState_Hidden,WA_PendingMoveEvent,WA_PendingResizeEvent,WA_WState_ExplicitShowHide,WA_QuitOnClose] to false via QWidget
qt.widgets.showhide: Setting visibility of QWidget(0x42b6e510, name="qt_scrollarea_vcontainer") with attributes [WA_WState_Hidden,WA_PendingMoveEvent,WA_PendingResizeEvent,WA_WState_ExplicitShowHide,WA_QuitOnClose] to false via QWidget
qt.widgets.focus: Initializing focus chain of QWidget(0x3f2b6fd0)
qt.accessibility.cache: insert - id: 2147483664  iface: QAccessibleInterface(0x3f2b7460 name="" role=Client obj=QWidget(0x3f2b6fd0)"invisible")
qt.widgets.focus: Initializing focus chain of QWidget(0x42f512a0)
qt.accessibility.cache: insert - id: 2147483665  iface: QAccessibleInterface(0x42f517a0 name="" role=Client obj=QWidget(0x42f512a0)"invisible")
qt.widgets.focus: Initializing focus chain of QWidget(0x42ff75f0)
qt.accessibility.cache: insert - id: 2147483666  iface: QAccessibleInterface(0x42f59890 name="" role=Client obj=QWidget(0x42ff75f0)"invisible")
qt.widgets.focus: Initializing focus chain of QWidget(0x42f56d40)
qt.accessibility.cache: insert - id: 2147483667  iface: QAccessibleInterface(0x42f5aff0 name="" role=Client obj=QWidget(0x42f56d40)"invisible")
qt.pyside.libpyside: qtPropertyMetacall ReadProperty #61 double/"opacity" ScrollBarGroove(0x42f512a0)
qt.widgets.focus: Initializing focus chain of QWidget(0x42f5d7f0)
qt.accessibility.cache: insert - id: 2147483668  iface: QAccessibleInterface(0x42f5dcc0 name="" role=Client obj=QWidget(0x42f5d7f0)"invisible")
qt.pyside.libpyside: qtPropertyMetacall ReadProperty #61 double/"opacity" ScrollBarHandle(0x42f5d7f0)
qt.widgets.showhide: Setting visibility of SmoothScrollBar(0x3f2b6fd0) with attributes [WA_PendingMoveEvent,WA_PendingResizeEvent,WA_QuitOnClose] to false via QWidget
qt.widgets.showhide: Setting visibility of SmoothScrollBar(0x3f2b6fd0) with attributes [WA_PendingMoveEvent,WA_PendingResizeEvent,WA_WState_ExplicitShowHide,WA_QuitOnClose] to false via QWidgetPrivate
qt.widgets.showhide: Hiding children of SmoothScrollBar(0x3f2b6fd0) spontaneously false
qt.widgets.showhide: Considering ScrollBarGroove(0x42f512a0) with attributes [WA_PendingMoveEvent,WA_PendingResizeEvent,WA_QuitOnClose]
qt.widgets.showhide: Considering ScrollBarHandle(0x42f5d7f0) with attributes [WA_PendingMoveEvent,WA_PendingResizeEvent,WA_QuitOnClose]
qt.pyside.libpyside: qtPropertyMetacall ReadProperty #61 int/"val" SmoothScrollBar(0x3f2b6fd0)
qt.widgets.focus: Initializing focus chain of QWidget(0x42f5f6b0)
qt.accessibility.cache: insert - id: 2147483669  iface: QAccessibleInterface(0x42f612b0 name="" role=Client obj=QWidget(0x42f5f6b0)"invisible")
qt.widgets.focus: Initializing focus chain of QWidget(0x42f61ef0)
qt.accessibility.cache: insert - id: 2147483670  iface: QAccessibleInterface(0x42f62170 name="" role=Client obj=QWidget(0x42f61ef0)"invisible")
qt.widgets.focus: Initializing focus chain of QWidget(0x42f5a280)
qt.accessibility.cache: insert - id: 2147483671  iface: QAccessibleInterface(0x3e60d5d0 name="" role=Client obj=QWidget(0x42f5a280)"invisible")
qt.widgets.focus: Initializing focus chain of QWidget(0x42f5b9e0)
qt.accessibility.cache: insert - id: 2147483672  iface: QAccessibleInterface(0x42f627c0 name="" role=Client obj=QWidget(0x42f5b9e0)"invisible")
qt.pyside.libpyside: qtPropertyMetacall ReadProperty #61 double/"opacity" ScrollBarGroove(0x42f61ef0)
qt.widgets.focus: Initializing focus chain of QWidget(0x42f64a30)
qt.accessibility.cache: insert - id: 2147483673  iface: QAccessibleInterface(0x42f64f00 name="" role=Client obj=QWidget(0x42f64a30)"invisible")
qt.pyside.libpyside: qtPropertyMetacall ReadProperty #61 double/"opacity" ScrollBarHandle(0x42f64a30)
qt.widgets.showhide: Setting visibility of SmoothScrollBar(0x42f5f6b0) with attributes [WA_PendingMoveEvent,WA_PendingResizeEvent,WA_QuitOnClose] to false via QWidget
qt.widgets.showhide: Setting visibility of SmoothScrollBar(0x42f5f6b0) with attributes [WA_PendingMoveEvent,WA_PendingResizeEvent,WA_WState_ExplicitShowHide,WA_QuitOnClose] to false via QWidgetPrivate
qt.widgets.showhide: Hiding children of SmoothScrollBar(0x42f5f6b0) spontaneously false
qt.widgets.showhide: Considering ScrollBarGroove(0x42f61ef0) with attributes [WA_PendingMoveEvent,WA_PendingResizeEvent,WA_QuitOnClose]
qt.widgets.showhide: Considering ScrollBarHandle(0x42f64a30) with attributes [WA_PendingMoveEvent,WA_PendingResizeEvent,WA_QuitOnClose]
qt.pyside.libpyside: qtPropertyMetacall ReadProperty #61 int/"val" SmoothScrollBar(0x42f5f6b0)
qt.widgets.showhide: Setting visibility of QWidget(0x3f27b5c0, name="qt_scrollarea_hcontainer") with attributes [WA_WState_Hidden,WA_PendingMoveEvent,WA_PendingResizeEvent,WA_WState_ExplicitShowHide,WA_QuitOnClose] to false via QWidget
qt.widgets.showhide: Setting visibility of QWidget(0x42b6e510, name="qt_scrollarea_vcontainer") with attributes [WA_WState_Hidden,WA_PendingMoveEvent,WA_PendingResizeEvent,WA_WState_ExplicitShowHide,WA_QuitOnClose] to false via QWidget
qt.widgets.showhide: Setting visibility of SmoothScrollBar(0x3f2b6fd0) with attributes [WA_WState_Hidden,WA_PendingMoveEvent,WA_PendingResizeEvent,WA_Resized,WA_Moved,WA_WState_ExplicitShowHide,WA_QuitOnClose] to false via QWidget
qt.widgets.showhide: Setting visibility of SmoothScrollBar(0x42f5f6b0) with attributes [WA_WState_Hidden,WA_PendingMoveEvent,WA_PendingResizeEvent,WA_Resized,WA_Moved,WA_WState_ExplicitShowHide,WA_QuitOnClose] to false via QWidget
qt.accessibility.cache: insert - id: 2147483674  iface: QAccessibleInterface(0x3f2c66c0 name="" role=PopupMenu obj=RoundMenu(0x3f230e10)"invisible")
qt.widgets.showhide: Setting visibility of QWidget(0x3f27b5c0, name="qt_scrollarea_hcontainer") with attributes [WA_WState_Hidden,WA_PendingMoveEvent,WA_PendingResizeEvent,WA_WState_ExplicitShowHide,WA_QuitOnClose] to false via QWidget
qt.widgets.showhide: Setting visibility of QWidget(0x42b6e510, name="qt_scrollarea_vcontainer") with attributes [WA_WState_Hidden,WA_PendingMoveEvent,WA_PendingResizeEvent,WA_WState_ExplicitShowHide,WA_QuitOnClose] to false via QWidget
qt.widgets.showhide: Setting visibility of QWidget(0x3f27b5c0, name="qt_scrollarea_hcontainer") with attributes [WA_WState_Hidden,WA_PendingMoveEvent,WA_PendingResizeEvent,WA_WState_ExplicitShowHide,WA_QuitOnClose] to false via QWidget
qt.widgets.showhide: Setting visibility of QWidget(0x42b6e510, name="qt_scrollarea_vcontainer") with attributes [WA_WState_Hidden,WA_PendingMoveEvent,WA_PendingResizeEvent,WA_WState_ExplicitShowHide,WA_QuitOnClose] to false via QWidget
qt.widgets.showhide: Setting visibility of QWidget(0x3f27b5c0, name="qt_scrollarea_hcontainer") with attributes [WA_WState_Hidden,WA_PendingMoveEvent,WA_PendingResizeEvent,WA_WState_ExplicitShowHide,WA_QuitOnClose] to false via QWidget
qt.widgets.showhide: Setting visibility of QWidget(0x42b6e510, name="qt_scrollarea_vcontainer") with attributes [WA_WState_Hidden,WA_PendingMoveEvent,WA_PendingResizeEvent,WA_WState_ExplicitShowHide,WA_QuitOnClose] to false via QWidget
qt.qpa.tray: "Luminalium 助手"
qt.svg: Skipping unknown element "effect"
qt.svg: Skipping unknown element "clipPath"
qt.svg: Skipping unknown element "effect"
qt.svg: Skipping unknown element "clipPath"
qt.svg: Skipping unknown element "div"
qt.svg: Skipping unknown element "div"
qt.text.emojisegmenter: Emoji segmenter disabled: false
qt.text.emojisegmenter: Checking character 0 , ucs4 == ' ' , category: 16
qt.text.emojisegmenter: Checking character 0 , sequence length: 1 , is emoji sequence: false
qt.text.font.match: Cache hit level 1
qt.text.emojisegmenter: Emoji segmenter disabled: false
qt.text.emojisegmenter: Checking character 0 , ucs4 == ' ' , category: 16
qt.text.emojisegmenter: Checking character 1 , ucs4 == 'L' , category: 16
qt.text.emojisegmenter: Checking character 2 , ucs4 == 'u' , category: 16
qt.text.emojisegmenter: Checking character 3 , ucs4 == 'm' , category: 16
qt.text.emojisegmenter: Checking character 4 , ucs4 == 'i' , category: 16
qt.text.emojisegmenter: Checking character 5 , ucs4 == 'n' , category: 16
qt.text.emojisegmenter: Checking character 6 , ucs4 == 'a' , category: 16
qt.text.emojisegmenter: Checking character 7 , ucs4 == 'l' , category: 16
qt.text.emojisegmenter: Checking character 8 , ucs4 == 'i' , category: 16
qt.text.emojisegmenter: Checking character 9 , ucs4 == 'u' , category: 16
qt.text.emojisegmenter: Checking character 10 , ucs4 == 'm' , category: 16
qt.text.emojisegmenter: Checking character 0 , sequence length: 1 , is emoji sequence: false
qt.text.emojisegmenter: Checking character 1 , sequence length: 1 , is emoji sequence: false
qt.text.emojisegmenter: Checking character 2 , sequence length: 1 , is emoji sequence: false
qt.text.emojisegmenter: Checking character 3 , sequence length: 1 , is emoji sequence: false
qt.text.emojisegmenter: Checking character 4 , sequence length: 1 , is emoji sequence: false
qt.text.emojisegmenter: Checking character 5 , sequence length: 1 , is emoji sequence: false
qt.text.emojisegmenter: Checking character 6 , sequence length: 1 , is emoji sequence: false
qt.text.emojisegmenter: Checking character 7 , sequence length: 1 , is emoji sequence: false
qt.text.emojisegmenter: Checking character 8 , sequence length: 1 , is emoji sequence: false
qt.text.emojisegmenter: Checking character 9 , sequence length: 1 , is emoji sequence: false
qt.text.emojisegmenter: Checking character 10 , sequence length: 1 , is emoji sequence: false
qt.accessibility.cache: insert - id: 2147483675  iface: QAccessibleInterface(0x3f2d9bb0 name="" role=List childc=1 obj=MenuActionListWidget(0x3f2b5260)"focusable|invisible")
qt.text.emojisegmenter: Emoji segmenter disabled: false
qt.text.emojisegmenter: Checking character 0 , ucs4 == ' ' , category: 16
qt.text.emojisegmenter: Checking character 0 , sequence length: 1 , is emoji sequence: false
qt.text.emojisegmenter: Emoji segmenter disabled: false
qt.text.emojisegmenter: Checking character 0 , ucs4 == ' ' , category: 16
qt.text.emojisegmenter: Checking character 1 , ucs4 == '\u8bbe' , category: 16
qt.text.emojisegmenter: Checking character 2 , ucs4 == '\u7f6e' , category: 16
qt.text.emojisegmenter: Checking character 0 , sequence length: 1 , is emoji sequence: false
qt.text.emojisegmenter: Checking character 1 , sequence length: 1 , is emoji sequence: false
qt.text.emojisegmenter: Checking character 2 , sequence length: 1 , is emoji sequence: false
qt.text.font.match: Family name match pass: Looking for family name 'Google Sans Flex'
qt.text.font.match: QFontDatabasePrivate::match
  request:
    family: Google Sans Flex [-- any --], script: 2
    styleName: -- any --
    weight: 400, style: 0
    stretch: 0
    pixelSize: 15
    pitch: *
qt.text.font.match:   REMARK: looking for best foundry for family 'Google Sans Flex' [1]
qt.text.font.match:           looking for matching style in foundry 'GOOG' 1
qt.text.font.match:           best style has distance 0x0
qt.text.font.match:           found smoothly scalable font (15 pixels)
qt.text.font.match:           found a match: score 0 best score so far ffffffff
qt.text.font.match: Family name match pass: Looking for family name 'MiSans VF'
qt.text.font.match: QFontDatabasePrivate::match
  request:
    family: MiSans VF [-- any --], script: 2
    styleName: Regular
    weight: 400, style: 0
    stretch: 100
    pixelSize: 15
    pitch: p
qt.text.font.match:   REMARK: looking for best foundry for family 'MiSans VF' [1]
qt.text.font.match:           looking for matching style in foundry 'HNYI' 1
qt.text.font.match:           best style has distance 0x0
qt.text.font.match:           found smoothly scalable font (15 pixels)
qt.text.font.match:           found a match: score 0 best score so far ffffffff
qt.svg: Skipping unknown element "clipPath"
qt.text.emojisegmenter: Emoji segmenter disabled: false
qt.text.emojisegmenter: Checking character 0 , ucs4 == ' ' , category: 16
qt.text.emojisegmenter: Checking character 0 , sequence length: 1 , is emoji sequence: false
qt.text.emojisegmenter: Emoji segmenter disabled: false
qt.text.emojisegmenter: Checking character 0 , ucs4 == ' ' , category: 16
qt.text.emojisegmenter: Checking character 1 , ucs4 == '\u5c0f' , category: 16
qt.text.emojisegmenter: Checking character 2 , ucs4 == '\u9ed1' , category: 16
qt.text.emojisegmenter: Checking character 3 , ucs4 == '\u677f' , category: 16
qt.text.emojisegmenter: Checking character 0 , sequence length: 1 , is emoji sequence: false
qt.text.emojisegmenter: Checking character 1 , sequence length: 1 , is emoji sequence: false
qt.text.emojisegmenter: Checking character 2 , sequence length: 1 , is emoji sequence: false
qt.text.emojisegmenter: Checking character 3 , sequence length: 1 , is emoji sequence: false
qt.text.emojisegmenter: Emoji segmenter disabled: false
qt.text.emojisegmenter: Checking character 0 , ucs4 == ' ' , category: 16
qt.text.emojisegmenter: Checking character 0 , sequence length: 1 , is emoji sequence: false
qt.text.emojisegmenter: Emoji segmenter disabled: false
qt.text.emojisegmenter: Checking character 0 , ucs4 == ' ' , category: 16
qt.text.emojisegmenter: Checking character 1 , ucs4 == '\u8ba1' , category: 16
qt.text.emojisegmenter: Checking character 2 , ucs4 == '\u65f6' , category: 16
qt.text.emojisegmenter: Checking character 3 , ucs4 == '\u5de5' , category: 16
qt.text.emojisegmenter: Checking character 4 , ucs4 == '\u5177' , category: 16
qt.text.emojisegmenter: Checking character 0 , sequence length: 1 , is emoji sequence: false
qt.text.emojisegmenter: Checking character 1 , sequence length: 1 , is emoji sequence: false
qt.text.emojisegmenter: Checking character 2 , sequence length: 1 , is emoji sequence: false
qt.text.emojisegmenter: Checking character 3 , sequence length: 1 , is emoji sequence: false
qt.text.emojisegmenter: Checking character 4 , sequence length: 1 , is emoji sequence: false
qt.text.emojisegmenter: Emoji segmenter disabled: false
qt.text.emojisegmenter: Checking character 0 , ucs4 == ' ' , category: 16
qt.text.emojisegmenter: Checking character 0 , sequence length: 1 , is emoji sequence: false
qt.text.emojisegmenter: Emoji segmenter disabled: false
qt.text.emojisegmenter: Checking character 0 , ucs4 == ' ' , category: 16
qt.text.emojisegmenter: Checking character 1 , ucs4 == '\u91cd' , category: 16
qt.text.emojisegmenter: Checking character 2 , ucs4 == '\u65b0' , category: 16
qt.text.emojisegmenter: Checking character 3 , ucs4 == '\u542f' , category: 16
qt.text.emojisegmenter: Checking character 4 , ucs4 == '\u52a8' , category: 16
qt.text.emojisegmenter: Checking character 5 , ucs4 == '\u7a0b' , category: 16
qt.text.emojisegmenter: Checking character 6 , ucs4 == '\u5e8f' , category: 16
qt.text.emojisegmenter: Checking character 0 , sequence length: 1 , is emoji sequence: false
qt.text.emojisegmenter: Checking character 1 , sequence length: 1 , is emoji sequence: false
qt.text.emojisegmenter: Checking character 2 , sequence length: 1 , is emoji sequence: false
qt.text.emojisegmenter: Checking character 3 , sequence length: 1 , is emoji sequence: false
qt.text.emojisegmenter: Checking character 4 , sequence length: 1 , is emoji sequence: false
qt.text.emojisegmenter: Checking character 5 , sequence length: 1 , is emoji sequence: false
qt.text.emojisegmenter: Checking character 6 , sequence length: 1 , is emoji sequence: false
qt.text.emojisegmenter: Emoji segmenter disabled: false
qt.text.emojisegmenter: Checking character 0 , ucs4 == ' ' , category: 16
qt.text.emojisegmenter: Checking character 0 , sequence length: 1 , is emoji sequence: false
qt.text.emojisegmenter: Emoji segmenter disabled: false
qt.text.emojisegmenter: Checking character 0 , ucs4 == ' ' , category: 16
qt.text.emojisegmenter: Checking character 1 , ucs4 == '\u9000' , category: 16
qt.text.emojisegmenter: Checking character 2 , ucs4 == '\u51fa' , category: 16
qt.text.emojisegmenter: Checking character 3 , ucs4 == '\u7a0b' , category: 16
qt.text.emojisegmenter: Checking character 4 , ucs4 == '\u5e8f' , category: 16
qt.text.emojisegmenter: Checking character 0 , sequence length: 1 , is emoji sequence: false
qt.text.emojisegmenter: Checking character 1 , sequence length: 1 , is emoji sequence: false
qt.text.emojisegmenter: Checking character 2 , sequence length: 1 , is emoji sequence: false
qt.text.emojisegmenter: Checking character 3 , sequence length: 1 , is emoji sequence: false
qt.text.emojisegmenter: Checking character 4 , sequence length: 1 , is emoji sequence: false
qt.qpa.menu: 1 "退出程序"
qt.qpa.menu: 1 "退出程序"
qt.qpa.menu: 2 "重新启动程序"
qt.qpa.menu: 2 "重新启动程序"
qt.qpa.menu: 3 "计时工具"
qt.qpa.menu: 3 "计时工具"
qt.qpa.menu: 4 "小黑板"
qt.qpa.menu: 4 "小黑板"
qt.qpa.menu: 5 "设置"
qt.qpa.menu: 5 "设置"
qt.qpa.menu: 6 "Luminalium"
qt.qpa.menu: 6 "Luminalium"
qt.qpa.tray: QDBusPlatformMenu(0x3f2ec420)
qt.svg: Skipping unknown element "effect"
qt.svg: Skipping unknown element "clipPath"
qt.svg: Skipping unknown element "effect"
qt.svg: Skipping unknown element "clipPath"
qt.svg: Skipping unknown element "div"
qt.svg: Skipping unknown element "div"
qt.qpa.tray: "" QList()
Error updating tray icon: name 'themeColor' is not defined
qt.svg: Skipping unknown element "effect"
qt.svg: Skipping unknown element "clipPath"
qt.svg: Skipping unknown element "effect"
qt.svg: Skipping unknown element "clipPath"
qt.svg: Skipping unknown element "div"
qt.svg: Skipping unknown element "div"
qt.qpa.tray: "" QList()
qt.qpa.tray: registering "org.kde.StatusNotifierItem-36490-1"
qt.qpa.menu: failed to register "org.kde.StatusNotifierItem-36490-1" "/MenuBar"
qt.qpa.tray: QDBusPlatformMenu(0x3f2ec420)
qt.qpa.tray: "" QList()
qt.qpa.tray: "Luminalium 助手"
qt.widgets.painting: Marking QRect(0,0 678x8) of QProgressBar(0x3ea71390) dirty with QWidgetRepaintManager::UpdateNow
qt.widgets.painting: Sending update request to StartupSplash(0x3eb5e710) with QWidgetRepaintManager::UpdateNow
qt.widgets.painting: Syncing dirty widgets
qt.widgets.painting: Painting and flushing dirty top level QRegion(null) and dirty widgets QList(QProgressBar(0x3ea71390))
qt.widgets.painting: Drawing QRegion(24,263 678x8) of StartupSplash(0x3eb5e710) at QPoint(0,0) into paint device 0x7781f0004e20 with QFlags<QWidgetPrivate::DrawWidgetFlag>(DrawAsRoot|DrawRecursive|UseEffectRegionBounds)
qt.widgets.painting: Marking QRegion(24,263 678x8) of top level StartupSplash(0x3eb5e710) as needing flush
qt.widgets.painting: Drawing QRegion(0,247 678x8) of QFrame(0x3ead4ef0, name="splashContainer") at QPoint(24,16) into paint device 0x7781f0004e20 with QFlags<QWidgetPrivate::DrawWidgetFlag>(DrawRecursive)
qt.widgets.painting: Drawing QRegion(0,0 678x255) of QFrame(0x3ead4ef0, name="splashContainer") at QPoint(24,16) into paint device 0x42a43410 with QFlags<QWidgetPrivate::DrawWidgetFlag>(DrawPaintOnScreen|DrawRecursive|DrawInvisible|DontSetCompositionMode)
qt.widgets.painting: Drawing QRegion(0,0 64x64) of QLabel(0x3ea80590) at QPoint(62,53) into paint device 0x42a43410 with QFlags<QWidgetPrivate::DrawWidgetFlag>(DrawPaintOnScreen|DrawRecursive|DrawInvisible|DontSetCompositionMode)
qt.widgets.painting: Drawing QRegion(0,0 328x32) of QLabel(0x3eaaf0b0) at QPoint(62,127) into paint device 0x42a43410 with QFlags<QWidgetPrivate::DrawWidgetFlag>(DrawPaintOnScreen|DrawRecursive|DrawInvisible|DontSetCompositionMode)
qt.text.emojisegmenter: Emoji segmenter disabled: false
qt.text.emojisegmenter: Checking character 0 , ucs4 == 'L' , category: 16
qt.text.emojisegmenter: Checking character 1 , ucs4 == 'u' , category: 16
qt.text.emojisegmenter: Checking character 2 , ucs4 == 'm' , category: 16
qt.text.emojisegmenter: Checking character 3 , ucs4 == 'i' , category: 16
qt.text.emojisegmenter: Checking character 4 , ucs4 == 'n' , category: 16
qt.text.emojisegmenter: Checking character 5 , ucs4 == 'a' , category: 16
qt.text.emojisegmenter: Checking character 6 , ucs4 == 'l' , category: 16
qt.text.emojisegmenter: Checking character 7 , ucs4 == 'i' , category: 16
qt.text.emojisegmenter: Checking character 8 , ucs4 == 'u' , category: 16
qt.text.emojisegmenter: Checking character 9 , ucs4 == 'm' , category: 16
qt.text.emojisegmenter: Checking character 0 , sequence length: 1 , is emoji sequence: false
qt.text.emojisegmenter: Checking character 1 , sequence length: 1 , is emoji sequence: false
qt.text.emojisegmenter: Checking character 2 , sequence length: 1 , is emoji sequence: false
qt.text.emojisegmenter: Checking character 3 , sequence length: 1 , is emoji sequence: false
qt.text.emojisegmenter: Checking character 4 , sequence length: 1 , is emoji sequence: false
qt.text.emojisegmenter: Checking character 5 , sequence length: 1 , is emoji sequence: false
qt.text.emojisegmenter: Checking character 6 , sequence length: 1 , is emoji sequence: false
qt.text.emojisegmenter: Checking character 7 , sequence length: 1 , is emoji sequence: false
qt.text.emojisegmenter: Checking character 8 , sequence length: 1 , is emoji sequence: false
qt.text.emojisegmenter: Checking character 9 , sequence length: 1 , is emoji sequence: false
qt.widgets.painting: Drawing QRegion(0,0 88x20) of QLabel(0x3ef7a7c0) at QPoint(62,159) into paint device 0x42a43410 with QFlags<QWidgetPrivate::DrawWidgetFlag>(DrawPaintOnScreen|DrawRecursive|DrawInvisible|DontSetCompositionMode)
qt.text.drawing: drawFrame 0 -- 18 at QPointF(0,0)
qt.text.drawing: drawBlock 0 at QPointF(0,0) br QRectF(0,1 88x19)
qt.text.emojisegmenter: Emoji segmenter disabled: false
qt.text.emojisegmenter: Checking character 0 , ucs4 == '1' , category: 7
qt.text.emojisegmenter: Checking character 1 , ucs4 == '.' , category: 16
qt.text.emojisegmenter: Checking character 2 , ucs4 == '3' , category: 7
qt.text.emojisegmenter: Checking character 3 , ucs4 == '.' , category: 16
qt.text.emojisegmenter: Checking character 4 , ucs4 == '5' , category: 7
qt.text.emojisegmenter: Checking character 5 , ucs4 == '.' , category: 16
qt.text.emojisegmenter: Checking character 6 , ucs4 == '0' , category: 7
qt.text.emojisegmenter: Checking character 7 , ucs4 == ' ' , category: 16
qt.text.emojisegmenter: Checking character 8 , ucs4 == 'T' , category: 16
qt.text.emojisegmenter: Checking character 9 , ucs4 == 'o' , category: 16
qt.text.emojisegmenter: Checking character 10 , ucs4 == 'g' , category: 16
qt.text.emojisegmenter: Checking character 11 , ucs4 == 'e' , category: 16
qt.text.emojisegmenter: Checking character 12 , ucs4 == 'n' , category: 16
qt.text.emojisegmenter: Checking character 13 , ucs4 == 'a' , category: 16
qt.text.emojisegmenter: Checking character 14 , ucs4 == 's' , category: 16
qt.text.emojisegmenter: Checking character 15 , ucs4 == 'h' , category: 16
qt.text.emojisegmenter: Checking character 16 , ucs4 == 'i' , category: 16
qt.text.emojisegmenter: Checking character 17 , ucs4 == ' ' , category: 16
qt.text.emojisegmenter: Checking character 0 , sequence length: 1 , is emoji sequence: false
qt.text.emojisegmenter: Checking character 1 , sequence length: 1 , is emoji sequence: false
qt.text.emojisegmenter: Checking character 2 , sequence length: 1 , is emoji sequence: false
qt.text.emojisegmenter: Checking character 3 , sequence length: 1 , is emoji sequence: false
qt.text.emojisegmenter: Checking character 4 , sequence length: 1 , is emoji sequence: false
qt.text.emojisegmenter: Checking character 5 , sequence length: 1 , is emoji sequence: false
qt.text.emojisegmenter: Checking character 6 , sequence length: 1 , is emoji sequence: false
qt.text.emojisegmenter: Checking character 7 , sequence length: 1 , is emoji sequence: false
qt.text.emojisegmenter: Checking character 8 , sequence length: 1 , is emoji sequence: false
qt.text.emojisegmenter: Checking character 9 , sequence length: 1 , is emoji sequence: false
qt.text.emojisegmenter: Checking character 10 , sequence length: 1 , is emoji sequence: false
qt.text.emojisegmenter: Checking character 11 , sequence length: 1 , is emoji sequence: false
qt.text.emojisegmenter: Checking character 12 , sequence length: 1 , is emoji sequence: false
qt.text.emojisegmenter: Checking character 13 , sequence length: 1 , is emoji sequence: false
qt.text.emojisegmenter: Checking character 14 , sequence length: 1 , is emoji sequence: false
qt.text.emojisegmenter: Checking character 15 , sequence length: 1 , is emoji sequence: false
qt.text.emojisegmenter: Checking character 16 , sequence length: 1 , is emoji sequence: false
qt.text.emojisegmenter: Checking character 17 , sequence length: 1 , is emoji sequence: false
qt.widgets.painting: Drawing QRegion(0,0 27x27) of IndeterminateSpinner(0x3efcf920) at QPoint(62,215) into paint device 0x42a43410 with QFlags<QWidgetPrivate::DrawWidgetFlag>(DrawPaintOnScreen|DrawRecursive|DrawInvisible|DontSetCompositionMode)
qt.widgets.painting: Drawing QRegion(0,0 221x24) of QLabel(0x3f070070) at QPoint(100,216) into paint device 0x42a43410 with QFlags<QWidgetPrivate::DrawWidgetFlag>(DrawPaintOnScreen|DrawRecursive|DrawInvisible|DontSetCompositionMode)
qt.text.emojisegmenter: Emoji segmenter disabled: false
qt.text.emojisegmenter: Checking character 0 , ucs4 == '\u6b63' , category: 16
qt.text.emojisegmenter: Checking character 1 , ucs4 == '\u5728' , category: 16
qt.text.emojisegmenter: Checking character 2 , ucs4 == '\u542f' , category: 16
qt.text.emojisegmenter: Checking character 3 , ucs4 == '\u52a8' , category: 16
qt.text.emojisegmenter: Checking character 4 , ucs4 == ' ' , category: 16
qt.text.emojisegmenter: Checking character 5 , ucs4 == '8' , category: 7
qt.text.emojisegmenter: Checking character 6 , ucs4 == '0' , category: 7
qt.text.emojisegmenter: Checking character 7 , ucs4 == '%' , category: 16
qt.text.emojisegmenter: Checking character 0 , sequence length: 1 , is emoji sequence: false
qt.text.emojisegmenter: Checking character 1 , sequence length: 1 , is emoji sequence: false
qt.text.emojisegmenter: Checking character 2 , sequence length: 1 , is emoji sequence: false
qt.text.emojisegmenter: Checking character 3 , sequence length: 1 , is emoji sequence: false
qt.text.emojisegmenter: Checking character 4 , sequence length: 1 , is emoji sequence: false
qt.text.emojisegmenter: Checking character 5 , sequence length: 1 , is emoji sequence: false
qt.text.emojisegmenter: Checking character 6 , sequence length: 1 , is emoji sequence: false
qt.text.emojisegmenter: Checking character 7 , sequence length: 1 , is emoji sequence: false
qt.widgets.painting: Drawing QRegion(0,0 678x8) of QProgressBar(0x3ea71390) at QPoint(24,263) into paint device 0x42a43410 with QFlags<QWidgetPrivate::DrawWidgetFlag>(DrawPaintOnScreen|DrawRecursive|DrawInvisible|DontSetCompositionMode)
qt.widgets.painting: Marking QRegion(0,247 678x8) of QFrame(0x3ead4ef0, name="splashContainer") as needing flush in StartupSplash(0x3eb5e710) at offset QPoint(24,16)
qt.widgets.painting: Flushing top level QRegion(24,263 678x8) and children QList()
qt.widgets.painting: Flushing QRegion(24,263 678x8) of StartupSplash(0x3eb5e710) to QWidgetWindow(0x3f051e00, name="StartupSplashClassWindow") 
qt.widgets.painting: Marking QRect(0,0 221x24) of QLabel(0x3f070070) dirty with QWidgetRepaintManager::UpdateLater
qt.widgets.painting: Sending update request to StartupSplash(0x3eb5e710) with QWidgetRepaintManager::UpdateLater
qt.svg: Skipping unknown element "effect"
qt.svg: Skipping unknown element "clipPath"
qt.svg: Skipping unknown element "effect"
qt.svg: Skipping unknown element "clipPath"
qt.svg: Skipping unknown element "div"
qt.svg: Skipping unknown element "div"
qt.svg: Skipping unknown element "effect"
qt.svg: Skipping unknown element "clipPath"
qt.svg: Skipping unknown element "effect"
qt.svg: Skipping unknown element "clipPath"
qt.svg: Skipping unknown element "div"
qt.svg: Skipping unknown element "div"
qt.widgets.painting: Syncing dirty widgets
qt.widgets.painting: Painting and flushing dirty top level QRegion(null) and dirty widgets QList(QLabel(0x3f070070))
qt.widgets.painting: Drawing QRegion(100,216 221x24) of StartupSplash(0x3eb5e710) at QPoint(0,0) into paint device 0x7781f0004e20 with QFlags<QWidgetPrivate::DrawWidgetFlag>(DrawAsRoot|DrawRecursive|UseEffectRegionBounds)
qt.widgets.painting: Marking QRegion(100,216 221x24) of top level StartupSplash(0x3eb5e710) as needing flush
qt.widgets.painting: Drawing QRegion(76,200 221x24) of QFrame(0x3ead4ef0, name="splashContainer") at QPoint(24,16) into paint device 0x7781f0004e20 with QFlags<QWidgetPrivate::DrawWidgetFlag>(DrawRecursive)
[36618:36618:0405/231951.452365:VERBOSE1:./../../../qtwebengine/src/3rdparty/chromium/extensions/renderer/script_context.cc:150] Created context:
  extension id:           (none)
  frame:                  0xdc0044e958
  URL:                    
  context_type:           WEB_PAGE
  effective extension id: (none)
  effective context type: WEB_PAGE
qt.widgets.painting: Drawing QRegion(0,0 678x255) of QFrame(0x3ead4ef0, name="splashContainer") at QPoint(24,16) into paint device 0x3f331f70 with QFlags<QWidgetPrivate::DrawWidgetFlag>(DrawPaintOnScreen|DrawRecursive|DrawInvisible|DontSetCompositionMode)
qt.widgets.painting: Drawing QRegion(0,0 64x64) of QLabel(0x3ea80590) at QPoint(62,53) into paint device 0x3f331f70 with QFlags<QWidgetPrivate::DrawWidgetFlag>(DrawPaintOnScreen|DrawRecursive|DrawInvisible|DontSetCompositionMode)
qt.widgets.painting: Drawing QRegion(0,0 328x32) of QLabel(0x3eaaf0b0) at QPoint(62,127) into paint device 0x3f331f70 with QFlags<QWidgetPrivate::DrawWidgetFlag>(DrawPaintOnScreen|DrawRecursive|DrawInvisible|DontSetCompositionMode)
qt.text.emojisegmenter: Emoji segmenter disabled: false
qt.text.emojisegmenter: Checking character 0 , ucs4 == 'L' , category: 16
qt.text.emojisegmenter: Checking character 1 , ucs4 == 'u' , category: 16
qt.text.emojisegmenter: Checking character 2 , ucs4 == 'm' , category: 16
qt.text.emojisegmenter: Checking character 3 , ucs4 == 'i' , category: 16
qt.text.emojisegmenter: Checking character 4 , ucs4 == 'n' , category: 16
qt.text.emojisegmenter: Checking character 5 , ucs4 == 'a' , category: 16
qt.text.emojisegmenter: Checking character 6 , ucs4 == 'l' , category: 16
qt.text.emojisegmenter: Checking character 7 , ucs4 == 'i' , category: 16
qt.text.emojisegmenter: Checking character 8 , ucs4 == 'u' , category: 16
qt.text.emojisegmenter: Checking character 9 , ucs4 == 'm' , category: 16
qt.text.emojisegmenter: Checking character 0 , sequence length: 1 , is emoji sequence: false
qt.text.emojisegmenter: Checking character 1 , sequence length: 1 , is emoji sequence: false
qt.text.emojisegmenter: Checking character 2 , sequence length: 1 , is emoji sequence: false
qt.text.emojisegmenter: Checking character 3 , sequence length: 1 , is emoji sequence: false
qt.text.emojisegmenter: Checking character 4 , sequence length: 1 , is emoji sequence: false
qt.text.emojisegmenter: Checking character 5 , sequence length: 1 , is emoji sequence: false
qt.text.emojisegmenter: Checking character 6 , sequence length: 1 , is emoji sequence: false
qt.text.emojisegmenter: Checking character 7 , sequence length: 1 , is emoji sequence: false
qt.text.emojisegmenter: Checking character 8 , sequence length: 1 , is emoji sequence: false
qt.text.emojisegmenter: Checking character 9 , sequence length: 1 , is emoji sequence: false
qt.widgets.painting: Drawing QRegion(0,0 88x20) of QLabel(0x3ef7a7c0) at QPoint(62,159) into paint device 0x3f331f70 with QFlags<QWidgetPrivate::DrawWidgetFlag>(DrawPaintOnScreen|DrawRecursive|DrawInvisible|DontSetCompositionMode)
qt.text.drawing: drawFrame 0 -- 18 at QPointF(0,0)
qt.text.drawing: drawBlock 0 at QPointF(0,0) br QRectF(0,1 88x19)
qt.text.emojisegmenter: Emoji segmenter disabled: false
qt.text.emojisegmenter: Checking character 0 , ucs4 == '1' , category: 7
qt.text.emojisegmenter: Checking character 1 , ucs4 == '.' , category: 16
qt.text.emojisegmenter: Checking character 2 , ucs4 == '3' , category: 7
qt.text.emojisegmenter: Checking character 3 , ucs4 == '.' , category: 16
qt.text.emojisegmenter: Checking character 4 , ucs4 == '5' , category: 7
qt.text.emojisegmenter: Checking character 5 , ucs4 == '.' , category: 16
qt.text.emojisegmenter: Checking character 6 , ucs4 == '0' , category: 7
qt.text.emojisegmenter: Checking character 7 , ucs4 == ' ' , category: 16
qt.text.emojisegmenter: Checking character 8 , ucs4 == 'T' , category: 16
qt.text.emojisegmenter: Checking character 9 , ucs4 == 'o' , category: 16
qt.text.emojisegmenter: Checking character 10 , ucs4 == 'g' , category: 16
qt.text.emojisegmenter: Checking character 11 , ucs4 == 'e' , category: 16
qt.text.emojisegmenter: Checking character 12 , ucs4 == 'n' , category: 16
qt.text.emojisegmenter: Checking character 13 , ucs4 == 'a' , category: 16
qt.text.emojisegmenter: Checking character 14 , ucs4 == 's' , category: 16
qt.text.emojisegmenter: Checking character 15 , ucs4 == 'h' , category: 16
qt.text.emojisegmenter: Checking character 16 , ucs4 == 'i' , category: 16
qt.text.emojisegmenter: Checking character 17 , ucs4 == ' ' , category: 16
qt.text.emojisegmenter: Checking character 0 , sequence length: 1 , is emoji sequence: false
qt.text.emojisegmenter: Checking character 1 , sequence length: 1 , is emoji sequence: false
qt.text.emojisegmenter: Checking character 2 , sequence length: 1 , is emoji sequence: false
qt.text.emojisegmenter: Checking character 3 , sequence length: 1 , is emoji sequence: false
qt.text.emojisegmenter: Checking character 4 , sequence length: 1 , is emoji sequence: false
qt.text.emojisegmenter: Checking character 5 , sequence length: 1 , is emoji sequence: false
qt.text.emojisegmenter: Checking character 6 , sequence length: 1 , is emoji sequence: false
qt.text.emojisegmenter: Checking character 7 , sequence length: 1 , is emoji sequence: false
qt.text.emojisegmenter: Checking character 8 , sequence length: 1 , is emoji sequence: false
qt.text.emojisegmenter: Checking character 9 , sequence length: 1 , is emoji sequence: false
qt.text.emojisegmenter: Checking character 10 , sequence length: 1 , is emoji sequence: false
qt.text.emojisegmenter: Checking character 11 , sequence length: 1 , is emoji sequence: false
qt.text.emojisegmenter: Checking character 12 , sequence length: 1 , is emoji sequence: false
qt.text.emojisegmenter: Checking character 13 , sequence length: 1 , is emoji sequence: false
qt.text.emojisegmenter: Checking character 14 , sequence length: 1 , is emoji sequence: false
qt.text.emojisegmenter: Checking character 15 , sequence length: 1 , is emoji sequence: false
qt.text.emojisegmenter: Checking character 16 , sequence length: 1 , is emoji sequence: false
qt.text.emojisegmenter: Checking character 17 , sequence length: 1 , is emoji sequence: false
qt.widgets.painting: Drawing QRegion(0,0 27x27) of IndeterminateSpinner(0x3efcf920) at QPoint(62,215) into paint device 0x3f331f70 with QFlags<QWidgetPrivate::DrawWidgetFlag>(DrawPaintOnScreen|DrawRecursive|DrawInvisible|DontSetCompositionMode)
[36618:36618:0405/231951.455236:VERBOSE1:./../../../qtwebengine/src/3rdparty/chromium/extensions/renderer/script_context.cc:150] Created context:
  extension id:           (none)
  frame:                  (nil)
  URL:                    
  context_type:           UNSPECIFIED
  effective extension id: (none)
  effective context type: UNSPECIFIED
qt.widgets.painting: Drawing QRegion(0,0 221x24) of QLabel(0x3f070070) at QPoint(100,216) into paint device 0x3f331f70 with QFlags<QWidgetPrivate::DrawWidgetFlag>(DrawPaintOnScreen|DrawRecursive|DrawInvisible|DontSetCompositionMode)
qt.text.emojisegmenter: Emoji segmenter disabled: false
qt.text.emojisegmenter: Checking character 0 , ucs4 == '\u6b63' , category: 16
qt.text.emojisegmenter: Checking character 1 , ucs4 == '\u5728' , category: 16
qt.text.emojisegmenter: Checking character 2 , ucs4 == '\u542f' , category: 16
qt.text.emojisegmenter: Checking character 3 , ucs4 == '\u52a8' , category: 16
qt.text.emojisegmenter: Checking character 4 , ucs4 == ' ' , category: 16
qt.text.emojisegmenter: Checking character 5 , ucs4 == '8' , category: 7
qt.text.emojisegmenter: Checking character 6 , ucs4 == '5' , category: 7
qt.text.emojisegmenter: Checking character 7 , ucs4 == '%' , category: 16
qt.text.emojisegmenter: Checking character 0 , sequence length: 1 , is emoji sequence: false
qt.text.emojisegmenter: Checking character 1 , sequence length: 1 , is emoji sequence: false
qt.text.emojisegmenter: Checking character 2 , sequence length: 1 , is emoji sequence: false
qt.text.emojisegmenter: Checking character 3 , sequence length: 1 , is emoji sequence: false
qt.text.emojisegmenter: Checking character 4 , sequence length: 1 , is emoji sequence: false
qt.text.emojisegmenter: Checking character 5 , sequence length: 1 , is emoji sequence: false
qt.text.emojisegmenter: Checking character 6 , sequence length: 1 , is emoji sequence: false
qt.text.emojisegmenter: Checking character 7 , sequence length: 1 , is emoji sequence: false
[36618:36618:0405/231951.455621:VERBOSE1:./../../../qtwebengine/src/3rdparty/chromium/extensions/renderer/dispatcher.cc:577] Num tracked contexts: 1
qt.widgets.painting: Drawing QRegion(0,0 678x8) of QProgressBar(0x3ea71390) at QPoint(24,263) into paint device 0x3f331f70 with QFlags<QWidgetPrivate::DrawWidgetFlag>(DrawPaintOnScreen|DrawRecursive|DrawInvisible|DontSetCompositionMode)
qt.widgets.painting: Marking QRegion(76,200 221x24) of QFrame(0x3ead4ef0, name="splashContainer") as needing flush in StartupSplash(0x3eb5e710) at offset QPoint(24,16)
qt.widgets.painting: Flushing top level QRegion(100,216 221x24) and children QList()
qt.widgets.painting: Flushing QRegion(100,216 221x24) of StartupSplash(0x3eb5e710) to QWidgetWindow(0x3f051e00, name="StartupSplashClassWindow") 
qt.pyside.libpyside: qtPythonMetacall #33 "_rotate()"
qt.widgets.painting: Marking QRect(0,0 27x27) of IndeterminateSpinner(0x3efcf920) dirty with QWidgetRepaintManager::UpdateLater
qt.widgets.painting: Sending update request to StartupSplash(0x3eb5e710) with QWidgetRepaintManager::UpdateLater
qt.widgets.painting: Marking QRect(0,0 678x8) of QProgressBar(0x3ea71390) dirty with QWidgetRepaintManager::UpdateNow
qt.widgets.painting: Sending update request to StartupSplash(0x3eb5e710) with QWidgetRepaintManager::UpdateNow
qt.widgets.painting: Syncing dirty widgets
qt.widgets.painting: Painting and flushing dirty top level QRegion(null) and dirty widgets QList(IndeterminateSpinner(0x3efcf920), QProgressBar(0x3ea71390))
qt.widgets.painting: Drawing QRegion(size=2, bounds=(24,215 678x56) - [(62,215 27x27), (24,263 678x8)]) of StartupSplash(0x3eb5e710) at QPoint(0,0) into paint device 0x7781f0004e20 with QFlags<QWidgetPrivate::DrawWidgetFlag>(DrawAsRoot|DrawRecursive|UseEffectRegionBounds)
qt.widgets.painting: Marking QRegion(size=2, bounds=(24,215 678x56) - [(62,215 27x27), (24,263 678x8)]) of top level StartupSplash(0x3eb5e710) as needing flush
qt.widgets.painting: Drawing QRegion(size=2, bounds=(0,199 678x56) - [(38,199 27x27), (0,247 678x8)]) of QFrame(0x3ead4ef0, name="splashContainer") at QPoint(24,16) into paint device 0x7781f0004e20 with QFlags<QWidgetPrivate::DrawWidgetFlag>(DrawRecursive)
qt.widgets.painting: Drawing QRegion(0,0 678x255) of QFrame(0x3ead4ef0, name="splashContainer") at QPoint(24,16) into paint device 0x3f26a1b0 with QFlags<QWidgetPrivate::DrawWidgetFlag>(DrawPaintOnScreen|DrawRecursive|DrawInvisible|DontSetCompositionMode)
qt.widgets.painting: Drawing QRegion(0,0 64x64) of QLabel(0x3ea80590) at QPoint(62,53) into paint device 0x3f26a1b0 with QFlags<QWidgetPrivate::DrawWidgetFlag>(DrawPaintOnScreen|DrawRecursive|DrawInvisible|DontSetCompositionMode)
qt.widgets.painting: Drawing QRegion(0,0 328x32) of QLabel(0x3eaaf0b0) at QPoint(62,127) into paint device 0x3f26a1b0 with QFlags<QWidgetPrivate::DrawWidgetFlag>(DrawPaintOnScreen|DrawRecursive|DrawInvisible|DontSetCompositionMode)
qt.text.emojisegmenter: Emoji segmenter disabled: false
qt.text.emojisegmenter: Checking character 0 , ucs4 == 'L' , category: 16
qt.text.emojisegmenter: Checking character 1 , ucs4 == 'u' , category: 16
qt.text.emojisegmenter: Checking character 2 , ucs4 == 'm' , category: 16
qt.text.emojisegmenter: Checking character 3 , ucs4 == 'i' , category: 16
qt.text.emojisegmenter: Checking character 4 , ucs4 == 'n' , category: 16
qt.text.emojisegmenter: Checking character 5 , ucs4 == 'a' , category: 16
qt.text.emojisegmenter: Checking character 6 , ucs4 == 'l' , category: 16
qt.text.emojisegmenter: Checking character 7 , ucs4 == 'i' , category: 16
qt.text.emojisegmenter: Checking character 8 , ucs4 == 'u' , category: 16
qt.text.emojisegmenter: Checking character 9 , ucs4 == 'm' , category: 16
qt.text.emojisegmenter: Checking character 0 , sequence length: 1 , is emoji sequence: false
qt.text.emojisegmenter: Checking character 1 , sequence length: 1 , is emoji sequence: false
qt.text.emojisegmenter: Checking character 2 , sequence length: 1 , is emoji sequence: false
qt.text.emojisegmenter: Checking character 3 , sequence length: 1 , is emoji sequence: false
qt.text.emojisegmenter: Checking character 4 , sequence length: 1 , is emoji sequence: false
qt.text.emojisegmenter: Checking character 5 , sequence length: 1 , is emoji sequence: false
qt.text.emojisegmenter: Checking character 6 , sequence length: 1 , is emoji sequence: false
qt.text.emojisegmenter: Checking character 7 , sequence length: 1 , is emoji sequence: false
qt.text.emojisegmenter: Checking character 8 , sequence length: 1 , is emoji sequence: false
qt.text.emojisegmenter: Checking character 9 , sequence length: 1 , is emoji sequence: false
qt.widgets.painting: Drawing QRegion(0,0 88x20) of QLabel(0x3ef7a7c0) at QPoint(62,159) into paint device 0x3f26a1b0 with QFlags<QWidgetPrivate::DrawWidgetFlag>(DrawPaintOnScreen|DrawRecursive|DrawInvisible|DontSetCompositionMode)
qt.text.drawing: drawFrame 0 -- 18 at QPointF(0,0)
qt.text.drawing: drawBlock 0 at QPointF(0,0) br QRectF(0,1 88x19)
qt.text.emojisegmenter: Emoji segmenter disabled: false
qt.text.emojisegmenter: Checking character 0 , ucs4 == '1' , category: 7
qt.text.emojisegmenter: Checking character 1 , ucs4 == '.' , category: 16
qt.text.emojisegmenter: Checking character 2 , ucs4 == '3' , category: 7
qt.text.emojisegmenter: Checking character 3 , ucs4 == '.' , category: 16
qt.text.emojisegmenter: Checking character 4 , ucs4 == '5' , category: 7
qt.text.emojisegmenter: Checking character 5 , ucs4 == '.' , category: 16
qt.text.emojisegmenter: Checking character 6 , ucs4 == '0' , category: 7
qt.text.emojisegmenter: Checking character 7 , ucs4 == ' ' , category: 16
qt.text.emojisegmenter: Checking character 8 , ucs4 == 'T' , category: 16
qt.text.emojisegmenter: Checking character 9 , ucs4 == 'o' , category: 16
qt.text.emojisegmenter: Checking character 10 , ucs4 == 'g' , category: 16
qt.text.emojisegmenter: Checking character 11 , ucs4 == 'e' , category: 16
qt.text.emojisegmenter: Checking character 12 , ucs4 == 'n' , category: 16
qt.text.emojisegmenter: Checking character 13 , ucs4 == 'a' , category: 16
qt.text.emojisegmenter: Checking character 14 , ucs4 == 's' , category: 16
qt.text.emojisegmenter: Checking character 15 , ucs4 == 'h' , category: 16
qt.text.emojisegmenter: Checking character 16 , ucs4 == 'i' , category: 16
qt.text.emojisegmenter: Checking character 17 , ucs4 == ' ' , category: 16
qt.text.emojisegmenter: Checking character 0 , sequence length: 1 , is emoji sequence: false
qt.text.emojisegmenter: Checking character 1 , sequence length: 1 , is emoji sequence: false
qt.text.emojisegmenter: Checking character 2 , sequence length: 1 , is emoji sequence: false
qt.text.emojisegmenter: Checking character 3 , sequence length: 1 , is emoji sequence: false
qt.text.emojisegmenter: Checking character 4 , sequence length: 1 , is emoji sequence: false
qt.text.emojisegmenter: Checking character 5 , sequence length: 1 , is emoji sequence: false
qt.text.emojisegmenter: Checking character 6 , sequence length: 1 , is emoji sequence: false
qt.text.emojisegmenter: Checking character 7 , sequence length: 1 , is emoji sequence: false
qt.text.emojisegmenter: Checking character 8 , sequence length: 1 , is emoji sequence: false
qt.text.emojisegmenter: Checking character 9 , sequence length: 1 , is emoji sequence: false
qt.text.emojisegmenter: Checking character 10 , sequence length: 1 , is emoji sequence: false
qt.text.emojisegmenter: Checking character 11 , sequence length: 1 , is emoji sequence: false
qt.text.emojisegmenter: Checking character 12 , sequence length: 1 , is emoji sequence: false
qt.text.emojisegmenter: Checking character 13 , sequence length: 1 , is emoji sequence: false
qt.text.emojisegmenter: Checking character 14 , sequence length: 1 , is emoji sequence: false
qt.text.emojisegmenter: Checking character 15 , sequence length: 1 , is emoji sequence: false
qt.text.emojisegmenter: Checking character 16 , sequence length: 1 , is emoji sequence: false
qt.text.emojisegmenter: Checking character 17 , sequence length: 1 , is emoji sequence: false
qt.widgets.painting: Drawing QRegion(0,0 27x27) of IndeterminateSpinner(0x3efcf920) at QPoint(62,215) into paint device 0x3f26a1b0 with QFlags<QWidgetPrivate::DrawWidgetFlag>(DrawPaintOnScreen|DrawRecursive|DrawInvisible|DontSetCompositionMode)
qt.widgets.painting: Drawing QRegion(0,0 221x24) of QLabel(0x3f070070) at QPoint(100,216) into paint device 0x3f26a1b0 with QFlags<QWidgetPrivate::DrawWidgetFlag>(DrawPaintOnScreen|DrawRecursive|DrawInvisible|DontSetCompositionMode)
qt.text.emojisegmenter: Emoji segmenter disabled: false
qt.text.emojisegmenter: Checking character 0 , ucs4 == '\u6b63' , category: 16
qt.text.emojisegmenter: Checking character 1 , ucs4 == '\u5728' , category: 16
qt.text.emojisegmenter: Checking character 2 , ucs4 == '\u542f' , category: 16
qt.text.emojisegmenter: Checking character 3 , ucs4 == '\u52a8' , category: 16
qt.text.emojisegmenter: Checking character 4 , ucs4 == ' ' , category: 16
qt.text.emojisegmenter: Checking character 5 , ucs4 == '8' , category: 7
qt.text.emojisegmenter: Checking character 6 , ucs4 == '5' , category: 7
qt.text.emojisegmenter: Checking character 7 , ucs4 == '%' , category: 16
qt.text.emojisegmenter: Checking character 0 , sequence length: 1 , is emoji sequence: false
qt.text.emojisegmenter: Checking character 1 , sequence length: 1 , is emoji sequence: false
qt.text.emojisegmenter: Checking character 2 , sequence length: 1 , is emoji sequence: false
qt.text.emojisegmenter: Checking character 3 , sequence length: 1 , is emoji sequence: false
qt.text.emojisegmenter: Checking character 4 , sequence length: 1 , is emoji sequence: false
qt.text.emojisegmenter: Checking character 5 , sequence length: 1 , is emoji sequence: false
qt.text.emojisegmenter: Checking character 6 , sequence length: 1 , is emoji sequence: false
qt.text.emojisegmenter: Checking character 7 , sequence length: 1 , is emoji sequence: false
qt.widgets.painting: Drawing QRegion(0,0 678x8) of QProgressBar(0x3ea71390) at QPoint(24,263) into paint device 0x3f26a1b0 with QFlags<QWidgetPrivate::DrawWidgetFlag>(DrawPaintOnScreen|DrawRecursive|DrawInvisible|DontSetCompositionMode)
qt.widgets.painting: Marking QRegion(size=2, bounds=(0,199 678x56) - [(38,199 27x27), (0,247 678x8)]) of QFrame(0x3ead4ef0, name="splashContainer") as needing flush in StartupSplash(0x3eb5e710) at offset QPoint(24,16)
qt.widgets.painting: Flushing top level QRegion(size=2, bounds=(24,215 678x56) - [(62,215 27x27), (24,263 678x8)]) and children QList()
qt.widgets.painting: Flushing QRegion(size=2, bounds=(24,215 678x56) - [(62,215 27x27), (24,263 678x8)]) of StartupSplash(0x3eb5e710) to QWidgetWindow(0x3f051e00, name="StartupSplashClassWindow") 
qt.widgets.painting: Marking QRect(0,0 221x24) of QLabel(0x3f070070) dirty with QWidgetRepaintManager::UpdateLater
qt.widgets.painting: Sending update request to StartupSplash(0x3eb5e710) with QWidgetRepaintManager::UpdateLater
qt.widgets.painting: Syncing dirty widgets
qt.widgets.painting: Painting and flushing dirty top level QRegion(null) and dirty widgets QList(QLabel(0x3f070070))
qt.widgets.painting: Drawing QRegion(100,216 221x24) of StartupSplash(0x3eb5e710) at QPoint(0,0) into paint device 0x7781f0004e20 with QFlags<QWidgetPrivate::DrawWidgetFlag>(DrawAsRoot|DrawRecursive|UseEffectRegionBounds)
qt.widgets.painting: Marking QRegion(100,216 221x24) of top level StartupSplash(0x3eb5e710) as needing flush
qt.widgets.painting: Drawing QRegion(76,200 221x24) of QFrame(0x3ead4ef0, name="splashContainer") at QPoint(24,16) into paint device 0x7781f0004e20 with QFlags<QWidgetPrivate::DrawWidgetFlag>(DrawRecursive)
qt.widgets.painting: Drawing QRegion(0,0 678x255) of QFrame(0x3ead4ef0, name="splashContainer") at QPoint(24,16) into paint device 0x3f326470 with QFlags<QWidgetPrivate::DrawWidgetFlag>(DrawPaintOnScreen|DrawRecursive|DrawInvisible|DontSetCompositionMode)
qt.widgets.painting: Drawing QRegion(0,0 64x64) of QLabel(0x3ea80590) at QPoint(62,53) into paint device 0x3f326470 with QFlags<QWidgetPrivate::DrawWidgetFlag>(DrawPaintOnScreen|DrawRecursive|DrawInvisible|DontSetCompositionMode)
qt.widgets.painting: Drawing QRegion(0,0 328x32) of QLabel(0x3eaaf0b0) at QPoint(62,127) into paint device 0x3f326470 with QFlags<QWidgetPrivate::DrawWidgetFlag>(DrawPaintOnScreen|DrawRecursive|DrawInvisible|DontSetCompositionMode)
qt.text.emojisegmenter: Emoji segmenter disabled: false
qt.text.emojisegmenter: Checking character 0 , ucs4 == 'L' , category: 16
qt.text.emojisegmenter: Checking character 1 , ucs4 == 'u' , category: 16
qt.text.emojisegmenter: Checking character 2 , ucs4 == 'm' , category: 16
qt.text.emojisegmenter: Checking character 3 , ucs4 == 'i' , category: 16
qt.text.emojisegmenter: Checking character 4 , ucs4 == 'n' , category: 16
qt.text.emojisegmenter: Checking character 5 , ucs4 == 'a' , category: 16
qt.text.emojisegmenter: Checking character 6 , ucs4 == 'l' , category: 16
qt.text.emojisegmenter: Checking character 7 , ucs4 == 'i' , category: 16
qt.text.emojisegmenter: Checking character 8 , ucs4 == 'u' , category: 16
qt.text.emojisegmenter: Checking character 9 , ucs4 == 'm' , category: 16
qt.text.emojisegmenter: Checking character 0 , sequence length: 1 , is emoji sequence: false
qt.text.emojisegmenter: Checking character 1 , sequence length: 1 , is emoji sequence: false
qt.text.emojisegmenter: Checking character 2 , sequence length: 1 , is emoji sequence: false
qt.text.emojisegmenter: Checking character 3 , sequence length: 1 , is emoji sequence: false
qt.text.emojisegmenter: Checking character 4 , sequence length: 1 , is emoji sequence: false
qt.text.emojisegmenter: Checking character 5 , sequence length: 1 , is emoji sequence: false
qt.text.emojisegmenter: Checking character 6 , sequence length: 1 , is emoji sequence: false
qt.text.emojisegmenter: Checking character 7 , sequence length: 1 , is emoji sequence: false
qt.text.emojisegmenter: Checking character 8 , sequence length: 1 , is emoji sequence: false
qt.text.emojisegmenter: Checking character 9 , sequence length: 1 , is emoji sequence: false
qt.widgets.painting: Drawing QRegion(0,0 88x20) of QLabel(0x3ef7a7c0) at QPoint(62,159) into paint device 0x3f326470 with QFlags<QWidgetPrivate::DrawWidgetFlag>(DrawPaintOnScreen|DrawRecursive|DrawInvisible|DontSetCompositionMode)
qt.text.drawing: drawFrame 0 -- 18 at QPointF(0,0)
qt.text.drawing: drawBlock 0 at QPointF(0,0) br QRectF(0,1 88x19)
qt.text.emojisegmenter: Emoji segmenter disabled: false
qt.text.emojisegmenter: Checking character 0 , ucs4 == '1' , category: 7
qt.text.emojisegmenter: Checking character 1 , ucs4 == '.' , category: 16
qt.text.emojisegmenter: Checking character 2 , ucs4 == '3' , category: 7
qt.text.emojisegmenter: Checking character 3 , ucs4 == '.' , category: 16
qt.text.emojisegmenter: Checking character 4 , ucs4 == '5' , category: 7
qt.text.emojisegmenter: Checking character 5 , ucs4 == '.' , category: 16
qt.text.emojisegmenter: Checking character 6 , ucs4 == '0' , category: 7
qt.text.emojisegmenter: Checking character 7 , ucs4 == ' ' , category: 16
qt.text.emojisegmenter: Checking character 8 , ucs4 == 'T' , category: 16
qt.text.emojisegmenter: Checking character 9 , ucs4 == 'o' , category: 16
qt.text.emojisegmenter: Checking character 10 , ucs4 == 'g' , category: 16
qt.text.emojisegmenter: Checking character 11 , ucs4 == 'e' , category: 16
qt.text.emojisegmenter: Checking character 12 , ucs4 == 'n' , category: 16
qt.text.emojisegmenter: Checking character 13 , ucs4 == 'a' , category: 16
qt.text.emojisegmenter: Checking character 14 , ucs4 == 's' , category: 16
qt.text.emojisegmenter: Checking character 15 , ucs4 == 'h' , category: 16
qt.text.emojisegmenter: Checking character 16 , ucs4 == 'i' , category: 16
qt.text.emojisegmenter: Checking character 17 , ucs4 == ' ' , category: 16
qt.text.emojisegmenter: Checking character 0 , sequence length: 1 , is emoji sequence: false
qt.text.emojisegmenter: Checking character 1 , sequence length: 1 , is emoji sequence: false
qt.text.emojisegmenter: Checking character 2 , sequence length: 1 , is emoji sequence: false
qt.text.emojisegmenter: Checking character 3 , sequence length: 1 , is emoji sequence: false
qt.text.emojisegmenter: Checking character 4 , sequence length: 1 , is emoji sequence: false
qt.text.emojisegmenter: Checking character 5 , sequence length: 1 , is emoji sequence: false
qt.text.emojisegmenter: Checking character 6 , sequence length: 1 , is emoji sequence: false
qt.text.emojisegmenter: Checking character 7 , sequence length: 1 , is emoji sequence: false
qt.text.emojisegmenter: Checking character 8 , sequence length: 1 , is emoji sequence: false
qt.text.emojisegmenter: Checking character 9 , sequence length: 1 , is emoji sequence: false
qt.text.emojisegmenter: Checking character 10 , sequence length: 1 , is emoji sequence: false
qt.text.emojisegmenter: Checking character 11 , sequence length: 1 , is emoji sequence: false
qt.text.emojisegmenter: Checking character 12 , sequence length: 1 , is emoji sequence: false
qt.text.emojisegmenter: Checking character 13 , sequence length: 1 , is emoji sequence: false
qt.text.emojisegmenter: Checking character 14 , sequence length: 1 , is emoji sequence: false
qt.text.emojisegmenter: Checking character 15 , sequence length: 1 , is emoji sequence: false
qt.text.emojisegmenter: Checking character 16 , sequence length: 1 , is emoji sequence: false
qt.text.emojisegmenter: Checking character 17 , sequence length: 1 , is emoji sequence: false
qt.widgets.painting: Drawing QRegion(0,0 27x27) of IndeterminateSpinner(0x3efcf920) at QPoint(62,215) into paint device 0x3f326470 with QFlags<QWidgetPrivate::DrawWidgetFlag>(DrawPaintOnScreen|DrawRecursive|DrawInvisible|DontSetCompositionMode)
qt.widgets.painting: Drawing QRegion(0,0 221x24) of QLabel(0x3f070070) at QPoint(100,216) into paint device 0x3f326470 with QFlags<QWidgetPrivate::DrawWidgetFlag>(DrawPaintOnScreen|DrawRecursive|DrawInvisible|DontSetCompositionMode)
qt.text.emojisegmenter: Emoji segmenter disabled: false
qt.text.emojisegmenter: Checking character 0 , ucs4 == '\u6b63' , category: 16
qt.text.emojisegmenter: Checking character 1 , ucs4 == '\u5728' , category: 16
qt.text.emojisegmenter: Checking character 2 , ucs4 == '\u542f' , category: 16
qt.text.emojisegmenter: Checking character 3 , ucs4 == '\u52a8' , category: 16
qt.text.emojisegmenter: Checking character 4 , ucs4 == ' ' , category: 16
qt.text.emojisegmenter: Checking character 5 , ucs4 == '9' , category: 7
qt.text.emojisegmenter: Checking character 6 , ucs4 == '0' , category: 7
qt.text.emojisegmenter: Checking character 7 , ucs4 == '%' , category: 16
qt.text.emojisegmenter: Checking character 0 , sequence length: 1 , is emoji sequence: false
qt.text.emojisegmenter: Checking character 1 , sequence length: 1 , is emoji sequence: false
qt.text.emojisegmenter: Checking character 2 , sequence length: 1 , is emoji sequence: false
qt.text.emojisegmenter: Checking character 3 , sequence length: 1 , is emoji sequence: false
qt.text.emojisegmenter: Checking character 4 , sequence length: 1 , is emoji sequence: false
qt.text.emojisegmenter: Checking character 5 , sequence length: 1 , is emoji sequence: false
qt.text.emojisegmenter: Checking character 6 , sequence length: 1 , is emoji sequence: false
qt.text.emojisegmenter: Checking character 7 , sequence length: 1 , is emoji sequence: false
qt.widgets.painting: Drawing QRegion(0,0 678x8) of QProgressBar(0x3ea71390) at QPoint(24,263) into paint device 0x3f326470 with QFlags<QWidgetPrivate::DrawWidgetFlag>(DrawPaintOnScreen|DrawRecursive|DrawInvisible|DontSetCompositionMode)
qt.widgets.painting: Marking QRegion(76,200 221x24) of QFrame(0x3ead4ef0, name="splashContainer") as needing flush in StartupSplash(0x3eb5e710) at offset QPoint(24,16)
qt.widgets.painting: Flushing top level QRegion(100,216 221x24) and children QList()
qt.widgets.painting: Flushing QRegion(100,216 221x24) of StartupSplash(0x3eb5e710) to QWidgetWindow(0x3f051e00, name="StartupSplashClassWindow") 
qt.qpa.menu: 0 depth -1 QList("type", "children-display")
qt.svg: Skipping unknown element "effect"
qt.svg: Skipping unknown element "clipPath"
qt.svg: Skipping unknown element "effect"
qt.svg: Skipping unknown element "clipPath"
qt.svg: Skipping unknown element "div"
qt.svg: Skipping unknown element "div"
qt.gui.imageio.writer: Finding write handler for QBuffer(0x7ffe63fafd30) and format "PNG"
qt.gui.imageio.writer: 10 plugins available: QList("svgz", "svg", "webp", "icns", "gif", "pdf", "tif", "tiff", "jfif", "jpeg", "jpg", "cur", "ico", "tga", "wbmp")
qt.gui.imageio.writer: Checking if any built in handlers recognize the format "png"
qt.gui.imageio.writer: Using the built-in handler for format "png"
qt.gui.imageio.writer: Finding write handler for QBuffer(0x7ffe63fafd30) and format "PNG"
qt.gui.imageio.writer: 10 plugins available: QList("svgz", "svg", "webp", "icns", "gif", "pdf", "tif", "tiff", "jfif", "jpeg", "jpg", "cur", "ico", "tga", "wbmp")
qt.gui.imageio.writer: Checking if any built in handlers recognize the format "png"
qt.gui.imageio.writer: Using the built-in handler for format "png"
qt.gui.imageio.writer: Finding write handler for QBuffer(0x7ffe63fafd30) and format "PNG"
qt.gui.imageio.writer: 10 plugins available: QList("svgz", "svg", "webp", "icns", "gif", "pdf", "tif", "tiff", "jfif", "jpeg", "jpg", "cur", "ico", "tga", "wbmp")
qt.gui.imageio.writer: Checking if any built in handlers recognize the format "png"
qt.gui.imageio.writer: Using the built-in handler for format "png"
qt.gui.imageio.writer: Finding write handler for QBuffer(0x7ffe63fafd30) and format "PNG"
qt.gui.imageio.writer: 10 plugins available: QList("svgz", "svg", "webp", "icns", "gif", "pdf", "tif", "tiff", "jfif", "jpeg", "jpg", "cur", "ico", "tga", "wbmp")
qt.gui.imageio.writer: Checking if any built in handlers recognize the format "png"
qt.gui.imageio.writer: Using the built-in handler for format "png"
qt.gui.imageio.writer: Finding write handler for QBuffer(0x7ffe63fafd30) and format "PNG"
qt.gui.imageio.writer: 10 plugins available: QList("svgz", "svg", "webp", "icns", "gif", "pdf", "tif", "tiff", "jfif", "jpeg", "jpg", "cur", "ico", "tga", "wbmp")
qt.gui.imageio.writer: Checking if any built in handlers recognize the format "png"
qt.gui.imageio.writer: Using the built-in handler for format "png"
qt.gui.imageio.writer: Finding write handler for QBuffer(0x7ffe63fafd30) and format "PNG"
qt.gui.imageio.writer: 10 plugins available: QList("svgz", "svg", "webp", "icns", "gif", "pdf", "tif", "tiff", "jfif", "jpeg", "jpg", "cur", "ico", "tga", "wbmp")
qt.gui.imageio.writer: Checking if any built in handlers recognize the format "png"
qt.gui.imageio.writer: Using the built-in handler for format "png"
qt.qpa.menu: 0 depth -1 QList("type", "children-display") 0 QMap(("children-display", QVariant(QString, "submenu"))) revision 1 QDBusMenuLayoutItem(id=0, properties=QMap(("children-display", QVariant(QString, "submenu"))), 6 children)
